语句名,链接种类,链接限制,短描述,长描述,连线颜色(RGB),输入类型,许可模块类型,英文注释
Nuke.Payload,WeaponTypes,1,Nuke.Payload,砸下来的核弹类型。默认NukePayload 对于核弹打击的命中弹头默认引发 核弹闪光 即便没有NukeMaker=yes不会召唤Nuke.Payload而单纯用超武的WeaponType=发射一个普通武器也会如此 需要手动用NukeFlash.Duration=0屏蔽,ffff00,,SuperWeaponTypes,"The Weapon used to display the downward-pointing nuke and as default, if SW.Damage and SW.Warhead aren’t set. Defaults to NukePayload. Note The weapon used as Nuke.Payload has to be put into the WeaponTypes section. The Weedguy hack will not work."
AirburstWeapon,WeaponTypes,1,AirburstWeapon,原版定死空爆出9个子武器，分别攻击3x3范围内的每个格子，现在可以用下句进行自定义。 Ares新增：,ffff00,,Projectiles,
PrismForwarding.SupportWeapon,WeaponTypes,1,PrismForwarding.SupportWeapon,单独设定的递光武器，原先使用副武器，现在可以与副武器相互独立，默认原规则 但如果你要递光武器不再拥有那一坨硬编码逻辑，例如需要递光激光可以自定义颜色，那么你需要使用上面两句重新指定递光武器 以下标签可以被用来定义支援时的光束武器，也就是上面两句设定的那个，都是常规武器通用的标签，只是部分在此有专门用于递光的特性 [PrismForwarding.SupportWeapon] Range= (integer - cells) 支援半径，Ares设定为默认主武器射程+1，以便建筑的实际支援范围能够与建筑放置时的指示环范围相切合 MinimumRange= (integer - cells) 最小半径 ROF= (integer - frames) 支援速率，默认[General]►PrismSupportDelay=的值 Report= (sound) 支援声音 IsLaser= (boolean) 是否是激光特效 IsElectricBolt= (boolean) 是否是EBolt特效 IsRadBeam= (boolean) 是否是辐射波特效 压缩包里有个工具可以用于计算 文件地址为Ares原包解压后的.\Documentation\_downloads\PrismForwarding.xls 在20400prosperous.ys168.com中已有汉化版本,ffff00,,BuildingTypes,"In the original game, the [PrismSupport] weapon was never referenced directly, and the Secondary weapon of the Prism Tower was only ever referenced to get the Range that towers could support over. In Ares, the Secondary weapon of the Prism Tower is not referenced at all. Instead, we use PrismForwarding.SupportWeapon to explicitly reference a weapon object from which to get additional settings for the support beam. It isn’t necessary to specify a support weapon - default values will be used if you don’t specify one."
PrismForwarding.EliteSupportWeapon,WeaponTypes,1,PrismForwarding.EliteSupportWeapon,单独设定的递光武器，原先使用副武器，现在可以与副武器相互独立，默认原规则 但如果你要递光武器不再拥有那一坨硬编码逻辑，例如需要递光激光可以自定义颜色，那么你需要使用上面两句重新指定递光武器 以下标签可以被用来定义支援时的光束武器，也就是上面两句设定的那个，都是常规武器通用的标签，只是部分在此有专门用于递光的特性 [PrismForwarding.SupportWeapon] Range= (integer - cells) 支援半径，Ares设定为默认主武器射程+1，以便建筑的实际支援范围能够与建筑放置时的指示环范围相切合 MinimumRange= (integer - cells) 最小半径 ROF= (integer - frames) 支援速率，默认[General]►PrismSupportDelay=的值 Report= (sound) 支援声音 IsLaser= (boolean) 是否是激光特效 IsElectricBolt= (boolean) 是否是EBolt特效 IsRadBeam= (boolean) 是否是辐射波特效 压缩包里有个工具可以用于计算 文件地址为Ares原包解压后的.\Documentation\_downloads\PrismForwarding.xls 在20400prosperous.ys168.com中已有汉化版本,ffff00,,BuildingTypes,If the tower becomes elite then the support beam will get its properties from this weapon. Defaults to PrismForwarding.SupportWeapon.
Weapon,WeaponTypes,1,Weapon,决定动画伴随的武器，动画每帧发射一次武器。如果设置了，就会在这个动画所在的位置发射一个该武器的抛射体，并瞬间引爆它 伤害取决于动画设置的Damage，而不是武器的。这个武器必须是游戏已知的，即必须被单位使用过。如果没有任何单位使用这个武器，就必须注册在[WeaponTypes]里。 注意：动画挂武器会导致所属丢失 注意：动画必须设置一个正值 Damage 才能正常地引爆武器和使用各种武器效果，就像弹头那样 Phobos 已重做一套相关逻辑，详见 Phobos 文档,ffff00,,Animations,
Missile.Weapon,WeaponTypes,1,Missile.Weapon,导弹用这个武器来产生伤害，意味着可以很简单地做带辐射的导弹 如果不设置，就用Missile.Damage和Missile.Warhead产生伤害,ffff00,,AircraftTypes,"The weapon used to deliver damage. If not set, Missile.Damage and Missile.Warhead are used to create the explosion. Defaults to none."
Missile.EliteWeapon,WeaponTypes,1,Missile.EliteWeapon,三星时用的武器，上面这两个武器记得需要注册 视听部分,ffff00,,AircraftTypes,"The weapon used to deliver damage. If not set, Missile.EliteDamage and Missile.EliteWarhead are used to create the explosion. Defaults to none."
IvanBomb.Warhead,Warheads,1,IvanBomb.Warhead,炸弹爆炸弹头,ff6666,,WeaponTypes,The warhead that will be used when the bomb detonates. Defaults to [CombatDamage]►IvanWarhead.
Warhead,Warheads,1,Warhead,弹头 也就是和原版一样使用武器上的弹头设置，Phobos允许分离控制武器自身与穿透伤害的弹头，详见Phobos说明书，2025教程大包内已打包了一份CHM版本,ff6666,,WeaponTypes,The warhead used to deal ambient damage as well as normal damage.
IonCannon.Warhead,Warheads,1,IonCannon.Warhead,离子炮杀伤的弹头，默认[CombatDamage]►IonCannonWarhead=的弹头，写none可禁用。,ff6666,,Warheads,The optional warhead to deliver the damage. Set to none to deal no Ion Cannon damage. Defaults to [CombatDamage]►IonCannonWarhead.
Warhead,Warheads,1,Warhead,弹头。默认[CombatDamage]►C4Warhead=的弹头,ff6666,,Tiberiums,
ExplosionWarhead,Warheads,1,ExplosionWarhead,矿爆的弹头，默认[CombatDamage]►C4Warhead=的弹头,ff6666,,Tiberiums,"The warhead used to deliver the damage of the chain reaction effect, as well as the damage of the Tiberium Explosion effect. Defaults to [General]►C4Warhead. Note Tiberian Sun‘s C4Warhead was HE, which had Spread set. Red Alert 2 uses Super, which does not."
CrushDamage.Warhead,Warheads,1,CrushDamage.Warhead,碾压伤害的弹头。默认[CombatDamage]►C4Warhead=的弹头 注意：这个弹头仅用于杀伤计算，并不会真实引爆,ff6666,,TechnoTypes,The warhead used to deal crush damage when this unit is crushed. Defaults to [General]►C4Warhead.
SW.Warhead,Warheads,1,SW.Warhead,弹头。默认[General]►LightningWarhead,ff6666,,SuperWeaponTypes,"The warhead that will be detonated when in the target cell when the super weapon is fired. Note the warhead is detonated in a cell, not on a unit, so chances are you will want to set a CellSpread on the warhead to make sure the desired targets (especially InfantryTypes) are affected."
SW.Warhead,Warheads,1,SW.Warhead,不写的话就用武器 Warhead= 指定的弹头,ff6666,,SuperWeaponTypes,"The warhead that will be detonated when in the target cell when the super weapon is fired. Note the warhead is detonated in a cell, not on a unit, so chances are you will want to set a CellSpread on the warhead to make sure the desired targets (especially InfantryTypes) are affected."
SW.Warhead,Warheads,1,SW.Warhead,伤害弹头。默认[General]►DominatorWarhead,ff6666,,SuperWeaponTypes,"The warhead that will be detonated when in the target cell when the super weapon is fired. Note the warhead is detonated in a cell, not on a unit, so chances are you will want to set a CellSpread on the warhead to make sure the desired targets (especially InfantryTypes) are affected."
SW.Warhead,Warheads,1,SW.Warhead,如果Mutate.Explosion=yes则默认为[SpecialWeapons]►MutateExplosionWarhead，否则默认为[SpecialWeapons]►MutateWarhead,ff6666,,SuperWeaponTypes,"The warhead that will be detonated when in the target cell when the super weapon is fired. Note the warhead is detonated in a cell, not on a unit, so chances are you will want to set a CellSpread on the warhead to make sure the desired targets (especially InfantryTypes) are affected."
SW.Warhead,Warheads,1,SW.Warhead,注意弹头的目标是单元格而不是单位，因此无 CellSpread 的弹头可能无法作用到目标,ff6666,,SuperWeaponTypes,"The warhead that will be detonated when in the target cell when the super weapon is fired. Note the warhead is detonated in a cell, not on a unit, so chances are you will want to set a CellSpread on the warhead to make sure the desired targets (especially InfantryTypes) are affected."
TiberiumExplosiveWarhead,Warheads,1,TiberiumExplosiveWarhead,在TS里被强制为[CombatDamage]►C4Warhead=的弹头，并且范围固定1.5，现在可以自定义，默认是none,ff6666,,,The warhead to deliver the damage of explosive tiberium. Defaults to none.
FirestormWarhead,Warheads,1,FirestormWarhead,这个弹头用于启动的火风暴摧毁单位时使用。不能写none否则爆炸。默认是[CombatDamage]►C4Warhead=的弹头,ff6666,,,The warhead used by active Firestorm Walls to destroy objects. Cannot be none. Defaults to [General]►C4Warhead.
Missile.Warhead,Warheads,1,Missile.Warhead,子鸡导弹设置，同原版,ff6666,,AircraftTypes,Defines the warhead the missile uses to deliver damage when launching from a rookie or veteran unit. Defaults to none.
Missile.EliteWarhead,Warheads,1,Missile.EliteWarhead,尾烟设置（喜报！这三句不必须 Missile.Custom=yes ）,ff6666,,AircraftTypes,Defines the warhead the missile uses to deliver damage when launching from an elite unit. Defaults to none.
WaterImage,VehicleTypes,1,WaterImage,在水中转换为这个单位的素材，参考武装直升机，只是借用壳子 Ares0.1 时标签名为 WaterVoxel，0.2 开始改为 WaterImage 并且开始支持 Shape 载具 然而并不支持不同类型素材的单位互相使用 Shape 换 Voxel 还只是继续读对应名称的 Shape 类文件，如果只有 Voxel 而读不到 Shape 就绘制一个空的 Shape Voxel 换 Shape 的结果则请参考给强制 Voxel 素材的 Aircraft 和 VoxelAnim 类对象使用一个 Shape 素材.jpg 如果你还希望更改单位的其他数据而不单纯是外观，那么请参见 Convert.Water,00ff00,,VehicleTypes,"This allows the amphibious unit’s image to change from XXXX.shp or XXXX.vxl (defined by Image=) to YYYY.shp or YYYY.vxl (defined by [WaterImage]►Image=) when in water, similar to UnloadingClass. Please note that SHP units cannot have a voxel WaterImage, and vice versa. The VehicleType has to be defined under [VehicleTypes]."
HunterSeeker.Type,VehicleTypes,1,HunterSeeker.Type,释放出去的单位，覆盖默认值。默认是这个阵营的HunterSeeker（在新增阵营板块） 被释放出来的单位如果带有Harvester=yes则会自动进入采矿任务,00ff00,,SuperWeaponTypes,The Hunter Seeker unit to spawn. Only set this to use a specific unit instead of each players’ side default. Defaults to the side’s HunterSeeker.
Tunnel,TunnelTypes,1,Tunnel,设置该建筑的隧道类型 注意： 隧道建筑是不允许拥有武器和炮塔的，更不能使用超空间监狱和心灵控制逻辑。 警告： 悬浮单位在进入UnitAbsorb=Yes的建筑时有BUG，在进入隧道入口的建筑有同样的问题。 举例： 首先注册隧道类型 [TunnelTypes] 0=GLATunnel 1=CivilianTunnel 2=LoveTunnel 给隧道类型写上该隧道类型的属性 [GLATunnel] Passengers=8 MaxSize=4.0 将隧道类型赋予隧道建筑 [CATNNL] Tunnel=CivilianTunnel 飞行器,ffffff,,BuildingTypes,The type of tunnel system this building is an entrance to. Note Tunnel buildings are not allowed to have weapons nor turrets and cannot be capturable or mind-controllable. Warning Hover units have the same problems with tunnel entrance buildings as they have entering UnitAbsorb=yes buildings.
DeathWeapon.Suppress,TechnoTypes,-1,DeathWeapon.Suppress,填单位名称，可以填多个，表示这个弹头不会触发这些单位的死亡武器。,00ff00,,Warheads,"When this warhead causes the death of a unit from this list, its death weapon will not fire."
Convert.Deploy,TechnoTypes,1,Convert.Deploy,设置IsSimpleDeployer=yes的单位部署变换成什么单位。变换发生在单位部署完成后，也就是DeployingAnim播放完之后。默认none。 部署后，单位是可动的，不像武装直升机那样部署后锁在那个格子里，如果你希望锁在那个格子请在Phobos环境下使用Speed=0禁用移动 DeployToLand=yes也支持，DeployingAnim也可以播放，而且DeployToLand=no也可以用DeployDir 如果你想要让一个地面载具变成Jumpjet载具后立即起飞那么这个Jumpjet载具是需要有DeployToLand=yes的 若不想保留这条，那么再走一步Convert.Land或Convert.Water变成另一个DeployToLand=no的Jumpjet即可 与升级转换有同样的限制，除了： - 因为这种变换一定是发生在地图上的，所以Size的变化是允许的。 悬浮单位也可以部署变形，如果DeployToLand=yes的话，单位会平滑地着陆；否则闪现到地面上。 虽然Convert.Deploy是个TechnoType通用的语句，但是IsSimpleDeployer仅限VehicleType 因此步兵无法直接使用Ares的这个逻辑来部署变形 通过脚本变换单位,00ff00,,TechnoTypes,"The type a IsSimpleDeployer=yes unit deploys into. This converts the type after deploying completed, and after the optional DeployingAnim has finished playing. Defaults to none."
Convert.Script,TechnoTypes,1,Convert.Script,当单位执行脚本时变换成什么单位。默认none。 增强版WaterImage,00ff00,,TechnoTypes,The type to convert an object to when executing the Convert Type Team Script. Defaults to none.
Convert.Water,TechnoTypes,1,Convert.Water,当单位移动到海滩或水格上变换成什么单位。默认none。,00ff00,,TechnoTypes,The type to convert to when a unit moves onto a beach or water cell. Defaults to none.
Convert.Land,TechnoTypes,1,Convert.Land,当单位移动到既不是海滩也不是水的格子上变换成什么单位。默认none。 以上单元格类型检测不检查单位是否贴地，也就是说一个 Jumpjet 载具只要正下方是对应类型的单元格也可以移动进那个单元格后直接从天而降变成陆地载具 全部支持更改Locomotor，但是如果在移动中更改Locomotor那么单位会卡住，直到你重新下达指令 如果你只是想要更换素材 例如到水上使用一个悬浮效果 那就不如直接把浮动做进HVA里来表现这个效果了 JumpjetHeight等数据不会及时刷新，但你可以依靠一个Hover载具作为中介来刷掉Jumpjet相关的参数，以此实现Jumpjet变Jumpjet的数据刷新同时不让中介单位那一步把单位一下摁到地面,00ff00,,TechnoTypes,The type to convert to when a unit moves onto a cell that’s neither beach nor water. Defaults to none.
Promote.VeteranType,TechnoTypes,1,Promote.VeteranType,如果设置了，则当单位升级至老兵级时转换为该单位。默认none。,00ff00,,TechnoTypes,"If set, the unit converts into this type when being promoted to veteran rank. Defaults to none."
Promote.EliteType,TechnoTypes,1,Promote.EliteType,如果设置了，则当单位升级至精英级时转换为该单位。 默认none。 如果一次性得到的经验太多以至于直接跨过老兵升到精英，那么直接忽略Promote.VeteranType执行Promote.EliteType 如果一次性得到的经验不多先执行了Promote.VeteranType那么由于变成了另一个单位自然忽略原单位的Promote.EliteType,00ff00,,TechnoTypes,"If set, the unit converts into this type when being promoted to elite rank. Defaults to none."
FakeOf,TechnoTypes,1,FakeOf,这个单位是什么单位的假单位，用于快捷键输出价值时的计算。默认none。 当使用快捷键查询伤残程度（原版快捷键 U）和经验等级（原版快捷键 Y）时会提示所选单位的价值，如果假单位与原单位的价格设定得不一致可能导致暴露，于是就有了这个逻辑。,00ff00,,TechnoTypes,"If set, this type is used to calculate the price for the health and veterancy selection Keyboard Commands. Defaults to none."
ReversedAs,TechnoTypes,1,ReversedAs,这个单位被逆向工程后，作为什么单位被给予。如果不设置则为该单位本身。默认不设置。,00ff00,,TechnoTypes,"The optional type to override what a unit is reversed as. If not set, uses the actual unit type. Supports BuildingTypes. Use none to reset. Defaults to none."
Operator,TechnoTypes,-1,Operator,指定某个驾驶者才能操作，_ANY_的话是任意驾驶者都行，默认none，不需要驾驶者 这个单位必须至少有一个乘客位置，建筑则需要设置InfantryAbsorb=yes或UnitAbsorb=yes 建筑没有操作者只会表现出无法使用武器，但是诸如生产，超武，反部署，雷达等不会受到影响 需要注意的是AI不会用这样的功能，所以应该避免AI造需要操作者的单位,00ff00,,TechnoTypes,"Specifies a list of InfantryTypes and VehicleTypes of which at least one unit must be among the passengers before this object will function. If “_ANY_” (sans quotes) is specified, then it does not matter which passenger is inside, as long as any is. Use none to remove the requirement of having an operator. Defaults to none."
InitialPayload.Types,TechnoTypes,-1,InitialPayload.Types,初始载荷这些单位，可以写多个，不允许写建筑和空军！由于连环套会导致死循环，所以限制了套娃层数，可以放心用 注意：如果用于AircraftType，那么在载员被开火行为踢完后战机也依旧无法开火 解法可以考虑Kratos引擎通过吸取武器将自己的替身吸进来成为乘客,00ff00,,TechnoTypes,"The types of the initial payload this object is created with. Types can be mentioned more than once, or the corresponding InitialPayload.Nums can be used to repeat a type. BuildingTypes and AircraftTypes are not valid. Buildings are only allowed to have InfantryType payload. Types themselves having initial payload are not supported, because this could create infinite loops."
Passengers.Allowed,TechnoTypes,-1,Passengers.Allowed,这些单位可以进入这个单位。如果你想让所有单位都进不去，就设置成一个假单位或者一个建筑,00ff00,,TechnoTypes,"The list of allowed passenger types. If this contains at least one type, all other types are not allowed to enter this object. If you want to prevent all units from entering, set this to either a dummy unit or a BuildingType."
Passengers.Disallowed,TechnoTypes,-1,Passengers.Disallowed,这些单位不允许进入这个单位 忽略乘员大小,00ff00,,TechnoTypes,The list of types that are not allowed to enter this object.
SW.Designators,TechnoTypes,-1,SW.Designators,需要这些单位作为指示者，不写就是不需要 指示者只能指示己方超武,00ff00,,SuperWeaponTypes,List of units and structures eligible for designating the target location. An empty list requires no designator. Defaults to none.
SW.Inhibitors,TechnoTypes,-1,SW.Inhibitors,需要这些单位作为抑制者。 抑制者只能抑制敌方超武,00ff00,,SuperWeaponTypes,List of units and structures preventing this super weapon from firing close to any of them. An empty list means no inhibitors. Defaults to none.
Deliver.Types,TechnoTypes,-1,Deliver.Types,丢出来的单位，建筑也可以,00ff00,,SuperWeaponTypes,"The list of units that will be delivered. This works for infantry, vehicles, aircraft and buildings."
ParaDrop.Types,TechnoTypes,-1,ParaDrop.Types,单位类型。对于Type=AmerParaDrop默认为AmerParaDropInf=,00ff00,,SuperWeaponTypes,"The units that will be paradropped by this super weapon. For Type=AmerParaDrop super weapons, this defaults to AmerParaDropInf=. Note The original flags used to control the paradrop units only accept InfantryTypes. To include VehicleTypes in a paradrop you must use the new ParaDrop.Types and ParaDrop.Num flags."
ClonedAs,TechnoTypes,1,ClonedAs,当被克隆时，克隆成什么，如果不设定，就是单位本身。注意，不能跨类型克隆。,00ff00,,TechnoTypes,"The type to use as override when producing a clone of this object. If not set, the clones will be made of the same type as this object. Units can only be cloned as VehicleType, and infantry can only be cloned as InfantryType. Defaults to none."
PrerequisiteXAlternate,TechnoTypes,-1,PrerequisiteXAlternate,"所属方拥有列表中的单位时，也视为先决条件组X被满足。自行将X替换为在通用先决条件组中注册的先决条件，首字母大写，其余小写。 例如：上述示例中注册的NAVALYARD，在此处写为Navalyard（PrerequisiteNavalyardAlternate=VLAD,BORIS） 那么某个单位Prerequisite=NAVALYARD时只要GAYARD、NAYARD、YAYARD、VLAD、BORIS任意一个满足即视为满足此项条件 注意：不要在这里写建筑，否则可能产生无法预测的后果。比如说建筑加载物无法正常工作。",00ff00,,,"A list of types that alternatively satisfy this requirement if player does not own a building from the [General]►PrerequisiteX= list. Replace X with a key from [GenericPrerequisites], first character upper case, all others lower case. For instance, NAVALYARD from above would become Navalyard. Note Using BuildingTypes is not supported and adding them here might give unexpected results. For example, upgrades will not work."
Academy.Types,TechnoTypes,-1,Academy.Types,这些单位会受到训练所的影响,00ff00,,BuildingTypes,"The only types that are affected by this academy to get the defined bonuses. If the list is empty, all types are affected. Defaults to none."
Academy.Ignore,TechnoTypes,-1,Academy.Ignore,这些单位不会受到训练所的影响,00ff00,,BuildingTypes,The types that will never be affected by this academy. Defaults to none.
SecretLab.PossibleBoons,TechnoTypes,-1,SecretLab.PossibleBoons,占领该实验室后可以随机出现的东西,00ff00,,BuildingTypes,"Specifies all the buildings, vehicles, infantry and aircraft that this particular building could potentially award as a secret lab boon. Defaults to all items from [General]►SecretInfantry, [General]►SecretUnits and [General]►SecretBuildings."
SW.PostDependent,SuperWeaponTypes,1,SW.PostDependent,定义超时空的两个超武链接，例如[ChronoSphereSpecial]►SW.PostDependent=ChronoWarpSpecial 实际上这个语句只能用于Type=ChronoSphere 类的超武，但是Ares官方把它摆在了通用类 释放条件,00ffff,,SuperWeaponTypes,Specifies the super weapon used to select the target cell for the chronoshift by ID. Defaults to the first ChronoWarp type super weapon in the SuperWeaponTypes list.
SW.PostDependent,SuperWeaponTypes,1,SW.PostDependent,超时空的副超武，默认使用超舞列表第一个Type=ChronoWarp类型的超武 特殊值：,00ffff,,SuperWeaponTypes,Specifies the super weapon used to select the target cell for the chronoshift by ID. Defaults to the first ChronoWarp type super weapon in the SuperWeaponTypes list.
SpyEffect.SuperWeapon,SuperWeaponTypes,1,SpyEffect.SuperWeapon,被渗透后给予渗透方一次该超武的使用权 注意：不是所有超武都支持,00ffff,,BuildingTypes,NEW EFFECT Grants this super weapon when infiltrating an enemy building of this type. Note Not all super weapon types might be supported.
SuperWeapons,SuperWeaponTypes,-1,SuperWeapons,该建筑关联这些超级武器，可以和原版的两个语句一起用。 通用语句,00ffff,,BuildingTypes,"Comma separated list of SuperWeaponTypes which are granted by this building in addition to the ones defined as SuperWeapon and SuperWeapon2. Defaults to none. Each individual super weapon can be granted conditionally. The first available super weapon determines the EVA event played when a building of this type is placed, and its charge state is indicated by the building animations. Note This feature primarily supports providing access to additional super weapons. Note that SuperWeapon and SuperWeapon2 are still considered special, and not all aspects of the logic have been expanded."
Ammo,String,-1,Ammo,写0就是不消耗弹药。默认1 虽然Aircraft武器开火消耗的弹药使用另外的算法所以没法用这个指定数量 但如果当前Ammo<武器所需Ammo仍会尝试攻击但实际无法开火导致在天上一直盘旋 也可作为另一种在战机依靠初始载员来开火时禁用本体武器来防止战机将内部乘客伞降踢出的方法 弹药一次恢复量以及空仓时弹药一次恢复量,0,,WeaponTypes,"The rounds of ammunition needed to fire this weapon. If fewer than the required rounds are present, the unit will not fire and wait for the ammo to reload. Defaults to 1. Note This feature does not support AircraftTypes. Warning Units with ManualReload=yes will still target enemies and wait for reloading, which never happens."
IvanBomb.Delay,String,-1,IvanBomb.Delay,爆炸延时,0,,WeaponTypes,The number of frames that will elapse before a time bomb detonates automatically. Defaults to [CombatDamage]►IvanTimedDelay.
IvanBomb.Damage,String,-1,IvanBomb.Damage,炸弹伤害,0,,WeaponTypes,The damage that will be dealt when the bomb detonates. Defaults to [CombatDamage]►IvanDamage.
IvanBomb.Image,String,-1,IvanBomb.Image,图像，不要带扩展名。如果不设定，就读取原版的bombcurs.shp 对于定时炸弹来说，图像需要带有任意数量的块（每块包含2帧）用于闪动；对于死亡炸弹来说，图像只需要单独的一帧。 如果一个炸弹两者兼备，那么它的图像也应该同时符合两种要求 原版的炸弹图像有13帧，6个闪动块和最后的1个死亡炸弹帧（死亡炸弹在RA2的计划中，但是被砍掉了）,0,,WeaponTypes,"The SHP file for the image to display over a unit that has a bomb attached to them, in the format “filename”(the ”.shp” extension is automatically added by the engine). If the image cannot be loaded then the game will fall back to the default bombcurs.shp."
IvanBomb.FlickerRate,String,-1,IvanBomb.FlickerRate,"炸弹图像闪动频率，如果为0，则取消闪动。默认[CombatDamage]►IvanIconFlickerRate 上面已经说了图像的偶数部分会被分为块，这句代码就是设置块内的闪动速度。 比如设定为5，就每5帧在一块的两帧内切换一次。而如果取消闪动，那么就忠实的按照剩余时间百分比播放所有的帧，不再考虑块。 迁移：从 Ares3.0 开始帧序改回了类似原版的规则 具体而言，假设一个 bombcur.shp 共有 ABCDE 五帧 旧版 Ares 的闪烁顺序是 (A B), (B C), (C D), (D E)。 现在和原版的顺序是 (A B), (C D)，E 会被忽略，因为是奇数帧，不过它可用于死亡炸弹帧 如果你要复原旧版 Ares 中的行为，那么你需要复制一遍 shp 中除了第一帧和最后一帧外的所有帧 由于西木的底层机制，一个身上已经有IvanBomb的单位是没法再绑一个IvanBomb上去的",0,,WeaponTypes,"The number of frames at which the bomb image will alternate between the two flickering images in a block to give the impression of a flickering fuse. If 0, flickering is disabled. Defaults to [CombatDamage]►IvanIconFlickerRate. IvanBomb.FlickerRate=5 means the first frame is shown 5 frames, then the second one for 5 frames, then the first one again for 5 more frames, .... If flickering is disabled, all images in all blocks are played over the lifetime of the bomb. The second frame of each block is not ignored and it thus is not necessary to add an empty frame to fill up a block. Still, the logic only deals in full flickering image blocks and will ignore the last frame if the number of frames in the file is odd."
Beam.Duration,String,-1,Beam.Duration,持续时间，默认15，有RadEruption=yes的为5到20随机数,0,,WeaponTypes,The number of frames for which the beam should be visible. Default is 15 as per original RadBeams. The RadEruption effect originally used a random value between 5 and 20.
Beam.Amplitude,String,-1,Beam.Amplitude,振幅大小，默认40,0,,WeaponTypes,The amplitude of the beam (possibly measured in pixels?). Defaults to 40.0 as per original RadBeams. The RadEruption effect originally used a random value between 100.0 and 500.0.
AmbientDamage,String,-1,AmbientDamage,伤害,0,,WeaponTypes,How much damage the wave deals to objects it passes through. Defaults to zero.
LaserThickness,String,-1,LaserThickness,激光宽度，渣效果，而且强制玩家所属色，最大为 2^3 = 8，表现为内外 3 层（实际上还是很细） Phobos 已允许不使用玩家所属色并且宽度上限不局限于 8，详见说明书，2025教程大包内已打包了一份 CHM 版本,0,,WeaponTypes,Enables the customization of laser widths.
Abductor.AbductBelowPercent,String,-1,Abductor.AbductBelowPercent,只有低于这个血量百分比的单位才会被吸入，默认100%,0,,WeaponTypes,Specifies the percentage of health a unit has to go below to be abducted. Units with more health than this percentage will not be abducted. Defaults to 100%.
Abductor.MaxHealth,String,-1,Abductor.MaxHealth,HP值高于此处设定值的目标不能被吸入。0代表不检查，默认0。,0,,WeaponTypes,"The amount of hitpoints above which it cannot be abducted any longer. If 0, health is not checked. Defaults to 0."
ProjectileRange,String,-1,ProjectileRange,在引爆前能够飞多远。默认390格子,0,,WeaponTypes,The distance a Ranged=yes projectile is allowed to travel before running out of fuel and detonating. Defaults to 390.
Beam.Color,String,-1,Beam.Color,颜色,0,,WeaponTypes,"The color that the beam will be drawn in. Defaults to [AudioVisual]►ChronoBeamColor for weapons with a Temporal warhead, and [Radiation]►RadColor for weapons with a non-Temporal warhead."
Bolt.Color1,String,-1,Bolt.Color1,"颜色，需要注意的是EBolt类特效为纯色线段而不是激光那样发光 所以0,0,0会变成黑色而不是消失。默认值见代码词典武器部分，此处代码词典特指红警修改社区的 2025教程大包中的文档",0,,WeaponTypes,
Bolt.Color2,String,-1,Bolt.Color2,"颜色，需要注意的是EBolt类特效为纯色线段而不是激光那样发光 所以0,0,0会变成黑色而不是消失。默认值见代码词典武器部分，此处代码词典特指红警修改社区的 2025教程大包中的文档",0,,WeaponTypes,
Bolt.Color3,String,-1,Bolt.Color3,"颜色，需要注意的是EBolt类特效为纯色线段而不是激光那样发光 所以0,0,0会变成黑色而不是消失。默认值见代码词典武器部分，此处代码词典特指红警修改社区的 2025教程大包中的文档",0,,WeaponTypes,The three colors used to draw this Electric Bolt. Can be omitted to use the palette-dependent default values.
Wave.Color,String,-1,Wave.Color,颜色,0,,WeaponTypes,The value added to the color component of the wave independent of the original pixel color. Supports negative values to darken the wave. Default value is different depending on the type of the wave.
Wave.Intensity,String,-1,Wave.Intensity,"相对于原始像素颜色，对波的颜色分量增加的值，支持负值使波变暗。0,0,0表示强度没有变化。默认值因波的类型而异。如果Wave.Color=被设置 ，则默认为0,0,0。 Ares官方给的波颜色和强度的默认值 波类型 Wave.Color Wave.Intensity 表现 Laser 64,0,96 0,0,0 Red/blue tint Sonic 0,0,0 0,256,256 Green/blue light Magnetron 0,0,0 128,0,1024 Cold blue-ish light 可以像 40h, 0h, 60h这样使用 16 进制来表示颜色和强度。 也可以使用负值，例如-64, 0, -96 三个组成值中的任意一个均可视为 1/256，因此 64 代表 0.25 对于任何一个颜色组成值，它是通过原始像素颜色成分 (0<=c<=255) 和由游戏确定的值 (0.0<=x<=1.0) 来计算的 计算公式为 c+color*x+c*intensity*x 波的绘制方向",0,,WeaponTypes,"The value added to the color component of the wave with respect to the original pixel color. Supports negative values to darken the wave. 0,0,0 means no change by intensity. Default value is different depending on the type of the wave. If Wave.Color is set, the default is 0,0,0."
EMP.Duration,String,-1,EMP.Duration,以上两条语句都被用来控制效果持续多长。 每个单位都有个 EMP 计时器，根据弹头修改这个计时器的当前值。 如果你想让被 EMP 单位瘫痪十秒：EMP.Duration=150,0,,Warheads,Defaults to 0.
EMP.Cap,String,-1,EMP.Cap,以上两条语句都被用来控制效果持续多长。 每个单位都有个 EMP 计时器，根据弹头修改这个计时器的当前值。 如果你想让被 EMP 单位瘫痪十秒：EMP.Duration=150,0,,Warheads,Defaults to -1.
,,,,,,,,
Sonar.Duration,String,-1,Sonar.Duration,被击中的单位会强制现身这么久。 武器禁用弹头,0,,Warheads,"If set to a positive value, defines the number of frames the target unit hit by this warhead will not be able to cloak for. Defaults to 0."
DisableWeapons.Duration,String,-1,DisableWeapons.Duration,被击中的单位会无法开火这么久，注意，对海豹的C4这类特殊能力无效。 会保留对目标的瞄准状态 闪光,0,,Warheads,"If positive, the target hit by this warhead will be unable to fire for this amount of frames. Defaults to 0."
Flash.Duration,String,-1,Flash.Duration,被该弹头击中时会闪烁，就像被治疗的时候那样。在红色警戒里，一个单位被有Charges=yes的武器攻击时也会闪烁。只能用于攻击型弹头，不支持治疗武器。 因为这是一个“额外”的闪光效果，所以和治疗武器一起使用的时候并不能“覆盖”治疗自身的闪光时间，因为这句的闪光已经结束了但治疗武器自身的闪光还在独立工作 Phobos 下已允许覆盖维修武器闪光时长 核弹闪光 NUKE弹头被硬编码为会导致全屏闪光，现在这个效果可以给别的弹头用了，也可以用来把NUKE弹头的闪光给屏蔽掉。,0,,Warheads,"If positive, the victim hit by this warhead will flash for the specified amount of frames. Defaults to 0."
NukeFlash.Duration,String,-1,NukeFlash.Duration,瞎狗眼持续时间。名为[NUKE]的弹头默认30，其他0 真实伤害（百分比伤害）,0,,Warheads,"The number of frames the nuke flash fades in and stays fully active before it fades out again. A value of 0 disables the effect. Defaults to 30 for NUKE, to 0 otherwise."
RelativeDamage.Buildings,String,-1,RelativeDamage.Buildings,造成的百分比伤害，支持-100到100，正值为最大生命值百分比，负值为当前生命值百分比，4即无效 真实伤害会将Organic=yes的载具视为步兵，ConsideredAircaraft=yes的载具视为空军。,0,,Warheads,
RelativeDamage.Aircraft,String,-1,RelativeDamage.Aircraft,造成的百分比伤害，支持-100到100，正值为最大生命值百分比，负值为当前生命值百分比，3即无效 真实伤害会将Organic=yes的载具视为步兵，ConsideredAircaraft=yes的载具视为空军。,0,,Warheads,
RelativeDamage.Infantry,String,-1,RelativeDamage.Infantry,造成的百分比伤害，支持-100到100，正值为最大生命值百分比，负值为当前生命值百分比，2即无效 真实伤害会将Organic=yes的载具视为步兵，ConsideredAircaraft=yes的载具视为空军。,0,,Warheads,
RelativeDamage.Vehicles,String,-1,RelativeDamage.Vehicles,造成的百分比伤害，支持-100到100，正值为最大生命值百分比，负值为当前生命值百分比，1即无效 真实伤害会将Organic=yes的载具视为步兵，ConsideredAircaraft=yes的载具视为空军。,0,,Warheads,
RelativeDamage.Terrain,String,-1,RelativeDamage.Terrain,造成的百分比伤害，支持-100到100，正值为最大生命值百分比，负值为当前生命值百分比，0即无效 真实伤害会将Organic=yes的载具视为步兵，ConsideredAircaraft=yes的载具视为空军。,0,,Warheads,"The damage defined as percentage from either Strength, if positive, or current health, if negative. Supported values range from -100 to 100. A value of 0 deals no damage. Defaults to 0."
CellSpread.MaxAffect,String,-1,CellSpread.MaxAffect,该弹头打中建筑伤害最多计算几次，如果是1的话那么无论该弹头对该建筑命中多大范围，伤害就是武器的正常伤害。默认-1，即无限,0,,Warheads,The number of times an object can be affected at most when hit by a warhead using CellSpread. Set this to 1 to make the same object not be hit not more than once. Defaults to -1 (infinite).
IronCurtain.Duration,String,-1,IronCurtain.Duration,正数加，负数减，帧数,0,,Warheads,"If positive, endows the target unit with the Iron Curtain effect for the specified number of frames. If negative, the Iron Curtain effect duration will be reduced by this number of frames. Use IronCurtain.Cap= below to have the effect duration be cumulative rather than absolute. IronCurtain.Duration defaults to 0 (no Iron Curtain effect)."
IronCurtain.Cap,String,-1,IronCurtain.Cap,负数不能叠加，0无限叠加，不是0就是有个最大值除非铁幕计数器已经超过最大值,0,,Warheads,"If this value is negative the IronCurtain.Duration is absolute and will not stack up if a target is fired upon multiple times. If this value is 0 the effect duration can stack up indefinitely. Otherwise the Iron Curtain effect cannot stack up to durations longer than this value – except for when a unit’s duration already is higher and IronCurtain.Duration isn’t negative (the duration will not be decreased, then). IronCurtain.Cap defaults to -1 (non-stacking, absolute duration)."
Temporal.HealthFactor,String,-1,Temporal.HealthFactor,原版中抹除一个目标所需的时间只与武器和目标的最大生命值有关，现在可以考虑剩余生命值 需要抹除的生命值=最大生命值-已损失生命值×权重,0,,Warheads,"How much the health of the victim is factored in into the remaining warp value of the target. Valid values range from 0.0 to 1.0 inclusive. 0.0 means health plays no role. 1.0 means the remaining warp is reduced proportionally to the target’s health, down to 0. Defaults to 0.0. Note Another way to look at it is that the remaining warp value is linearly decreased from full for completely healthy targets down by this value for a target that has no health left."
IonCannon.Damage,String,-1,IonCannon.Damage,离子炮造成的伤害，默认[CombatDamage]►IonCannonDamage=的值。,0,,Warheads,The damage dealt by the Ion Cannon warhead. Defaults to [CombatDamage]►IonCannonDamage.
IonCannon.Ripple,String,-1,IonCannon.Ripple,效果实际决定语句，也就是当本句存在时会覆盖下句指定的值,0,,Warheads,"This generates a visual shockwave when the warhead detonates, identical to the one produced by Tiberian Sun‘s Ion Cannon. Note that this is a visual effect only. Valid values range from 0 (off) to 79 (max effect). Defaults to 79 for IonCannon=yes, to 0 otherwise. Below are listed some results of modifying the tag values. IonCannon.Ripple=1 - Forget it, nothing. IonCannon.Ripple=5 - Target cell, only voxel rippling IonCannon.Ripple=8 - Target cell, both voxel and SHP rippling. IonCannon.Ripple=10 - 1 cell radius IonCannon.Ripple=15 - 2 cell radius IonCannon.Ripple=20 - 3 cell radius IonCannon.Ripple=25 - 3 cell radius IonCannon.Ripple=28 - 3 cell unit-rippling, 4 cell terrain rippling radius IonCannon.Ripple=30 and onwards - 3 cell unit-rippling, 5 cell terrain-rippling radius"
Ripple.Radius,String,-1,Ripple.Radius,TS 中离子炮的波纹视觉效果，纯视觉效果，没有实际影响，取值范围在 0 到 79 之间，包含 0 和 79。IonCannon=yes 默认 79，其他默认 0。 Ares 官方给出的参考值如下： IonCannon.Ripple=1 - 无效果 IonCannon.Ripple=5 - 只有一格的 Voxel 波动 IonCannon.Ripple=8 - 只有一格的 Voxel 和 Shape 波动 IonCannon.Ripple=10 - 1 格 IonCannon.Ripple=15 - 2 格 IonCannon.Ripple=20 - 3 格 IonCannon.Ripple=25 - 3 格 IonCannon.Ripple=28 - 3 格单位波动，4 格地形波动 IonCannon.Ripple>30 - 3 格单位波动，5 格地形波动 桥梁破坏者,0,,Warheads,
PreImpactAnim,String,-1,PreImpactAnim,这个弹头实际爆炸前会先播放这个动画 对于[NUKE]默认为[NUKEBALL]，其他默认无,0,,Warheads,"Specifies the animation to display when a projectile which uses this warhead impacts. After the animation is over, the actual explosion is created and damage is dealt. The animation may not be looping. Defaults to NUKEBALL for NUKE, otherwise to none."
Damage.Deployed,String,-1,Damage.Deployed,部署单位受伤比例，原版与匍匐都遵循 ProneDamage 一句，现在部署单位和匍匐单位独立了,0,,Warheads,A multiplier applied to Damage if the InfantryType receiving it is currently deployed.
InfDeathAnim,String,-1,InfDeathAnim,填动画名称，动画需要注册,0,,Warheads,"Specifies the animation to display when an InfantryType (with NotHuman=no) is killed by this warhead. Works in the same way as existing InfDeath animations except this flag allows you to specify an animation ID rather than an integer. Furthermore, the animation will be treated as the correct type (e.g. mutation or non-mutation) automatically, which means that you can now have any number of mutations that produce player-owned InfantryTypes. See MakeInfantryOwner for how to control which player will gain control of ‘mutated’ infantry."
DamageAirThreshold,String,-1,DamageAirThreshold,如果弹头在离地这么高的地方爆炸就会伤害到空中单位，低于这个高度就不会，-1代表永远会伤害到，写一个很高的值如9999就能防止该弹头伤害到空中单位。默认0,0,,Warheads,"If the warhead detonates more than this many leptons above the ground, units in the air will be affected. Otherwise, units in the air are not damaged. Defaults to 0. Quickstart Use -1 to damage even air units when the warhead detonates on the ground, or a high positive value like 9999 to disable damaging air units despite the warhead detonating in air."
KillDriver.Owner,String,-1,KillDriver.Owner,驾驶员被杀后载具归属。默认special,0,,Warheads,Specifies the house the units are assigned to. Defaults to special.
KillDriver.KillBelowPercent,String,-1,KillDriver.KillBelowPercent,该弹头只有在被打击单位的生命低于这个百分比时才能杀死驾驶员。默认100%,0,,Warheads,Specifies the percentage of health a unit cannot exceed to have its driver killed by a KillDriver=yes warhead. A unit above this health level is only damaged and the driver is not killed. Defaults to 100%.
KillDriver.Chance,String,-1,KillDriver.Chance,设定当单位可以被击杀驾驶员时，有多大的概率被击杀驾驶员。默认100%,0,,Warheads,Specifies the chance that a unit hit by a KillDriver=yes warhead will have its driver killed. Defaults to 100%.
Culling.BelowHealth,String,-1,Culling.BelowHealth,血量低于这个百分比的单位会被斩杀。1到100用来代表百分比数值 特殊值0代表红血，-1代表黄血，-1代表绿血 Culling=yes的默认行为是：当开火者是新兵级或老兵级，目标血量处于红色状态便被斩杀；当精英级时，目标血量处于黄色状态便被斩杀。,0,,Warheads,
Culling.RookieBelowHealth,String,-1,Culling.RookieBelowHealth,血量低于这个百分比的单位会被斩杀。1到100用来代表百分比数值 特殊值0代表红血，-1代表黄血，-0代表绿血 Culling=yes的默认行为是：当开火者是新兵级或老兵级，目标血量处于红色状态便被斩杀；当精英级时，目标血量处于黄色状态便被斩杀。,0,,Warheads,
Culling.VeteranBelowHealth,String,-1,Culling.VeteranBelowHealth,血量低于这个百分比的单位会被斩杀。1到100用来代表百分比数值 特殊值0代表红血，-1代表黄血，-1代表绿血 Culling=yes的默认行为是：当开火者是新兵级或老兵级，目标血量处于红色状态便被斩杀；当精英级时，目标血量处于黄色状态便被斩杀。,0,,Warheads,
Culling.EliteBelowHealth,String,-1,Culling.EliteBelowHealth,血量低于这个百分比的单位会被斩杀。1到100用来代表百分比数值 特殊值0代表红血，-1代表黄血，-2代表绿血 Culling=yes的默认行为是：当开火者是新兵级或老兵级，目标血量处于红色状态便被斩杀；当精英级时，目标血量处于黄色状态便被斩杀。,0,,Warheads,"The health a victim unit must fall below to be culled by a hit using this warhead. Use 1 to 100 to represent percentages of full health; use 0, -1, and -2 to represent health states critical/red, damaged/yellow, and healthy/green respectively. Requires Culling=yes. Defaults to 0 for Culling.RookieBelowHealth and Culling.VeteranBelowHealth, to -1 for Culling.EliteBelowHealth. The default is the behavior of parasites with Culling=yes: They cull units with critical health if the firer is rookie or veteran, and also cull damaged units (yellow) if firer is elite."
Culling.Chance,String,-1,Culling.Chance,当单位可以被斩杀时，概率是多少。需要Culling=yes。 注意：这个几率在弹头释放时结算，而非目标被弹头击中时结算。这意味着假如一击能够进行斩杀，那么会将范围内的所有的可斩杀目标进行斩杀。 巷战功能,0,,Warheads,
Culling.RookieChance,String,-1,Culling.RookieChance,当单位可以被斩杀时，概率是多少。需要Culling=yes。 注意：这个几率在弹头释放时结算，而非目标被弹头击中时结算。这意味着假如一击能够进行斩杀，那么会将范围内的所有的可斩杀目标进行斩杀。 巷战功能,0,,Warheads,
Culling.VeteranChance,String,-1,Culling.VeteranChance,当单位可以被斩杀时，概率是多少。需要Culling=yes。 注意：这个几率在弹头释放时结算，而非目标被弹头击中时结算。这意味着假如一击能够进行斩杀，那么会将范围内的所有的可斩杀目标进行斩杀。 巷战功能,0,,Warheads,
Culling.EliteChance,String,-1,Culling.EliteChance,当单位可以被斩杀时，概率是多少。需要Culling=yes。 注意：这个几率在弹头释放时结算，而非目标被弹头击中时结算。这意味着假如一击能够进行斩杀，那么会将范围内的所有的可斩杀目标进行斩杀。 巷战功能,0,,Warheads,"The chance that a cullable unit is actually culled by a hit using this warhead. Requires Culling=yes. Defaults to 100 (always). Use Culling.Chance to set the chance for all veterancy levels. Note This chance is applied every time damage is dealt using this warhead, not once per victim. That means with 70 there is a 70% chance of culling on the first hit, and a 91% chance of culling the unit on the second hit."
Facings,String,-1,Facings,支持等于8或大于8（同时需要是2的N次方）。值低于8意味着只使用1面。默认8,0,,VehicleTypes,The number of facings used for SHP based units. Supports powers of 2 equal to or larger than 8. Values less than 8 result in only the first frame being used. Defaults to 8.
HunterSeeker.DetonateProximity,String,-1,HunterSeeker.DetonateProximity,覆盖全局,0,,VehicleTypes,
HunterSeeker.DescendProximity,String,-1,HunterSeeker.DescendProximity,覆盖全局,0,,VehicleTypes,
HunterSeeker.AscentSpeed,String,-1,HunterSeeker.AscentSpeed,覆盖全局,0,,VehicleTypes,
HunterSeeker.DescentSpeed,String,-1,HunterSeeker.DescentSpeed,覆盖全局,0,,VehicleTypes,
HunterSeeker.EmergeSpeed,String,-1,HunterSeeker.EmergeSpeed,覆盖全局,0,,VehicleTypes,
CameoPalette,String,-1,CameoPalette,设定图标色盘,0,,ImageTypes,"Specifies the palette to use for the unit’s cameo (Cameo and AltCameo must use the same palette), in the format “filename.pal”. Defaults to cameo.pal."
CameoPCX,PCXFile,-1,CameoPCX,指定该单位的PCX图标，格式为“filename.pcx“ 在rulesmd.ini里:,689ab3,,ImageTypes,"Specifies the filename containing the unit’s cameo, in the format “filename.pcx”."
AltCameoPCX,PCXFile,-1,AltCameoPCX,指定该单位的PCX图标，格式为“filename.pcx“ 在rulesmd.ini里:,689ab3,,ImageTypes,"Specifies the filename containing the unit’s alternate (promoted) cameo, in the format “filename.pcx”."
Spotlight.StartHeight,String,-1,Spotlight.StartHeight,探照灯射出的高度，默认 430,0,,VehicleTypes,Specifies the number of leptons above the ground at which the spotlight will be generated. Has to be 0 or greater. Defaults to 430.
Spotlight.Distance,String,-1,Spotlight.Distance,探照灯射出的距离,0,,VehicleTypes,The number of leptons ahead of the unit where the spotlight will reach the ground. Defaults to 1024.
Spotlight.AttachedTo,String,-1,Spotlight.AttachedTo,从单位的哪个单位射出来，车体，炮塔或炮管？,0,,VehicleTypes,"The part of the unit that the spotlight will align to in regards to facing. If set to body then the spotlight will be pointed in the direction the unit’s body is facing, if set to turret then the spotlight will be pointed in the direction the unit’s turret is facing. Does not work on BuildingTypes. Defaults to body."
Prerequisite.Lists,String,-1,Prerequisite.Lists,"指定有多少额外的建造前提，默认0，也就是原有的Prerequisite [Unit]►Prerequisite.List#= (list of BuildingTypes (where # is the 1-based index of the prerequisite list, the maximum specified by Prerequisite.Lists)) 指定新的建造前提，想设置多少都可以（根据Prerequisite.Lists决定） 另有一个 Prerequisite.List0=可以覆盖原版 Prerequisite=使用，这样更符合人类用户的习惯，即除了原语句外的新增项从 1 开始，也与 Prerequisite.Lists 设定的数量刚好对应 也就是 [UnitType] Prerequisite=YACNST Prerequisite.Lists=1 Prerequisite.List0=GAPILE,GATECH Prerequisite.List1=NAHAND,NATECH 那么在不考虑TechLevel和Owner等限制条件的情况下满足（同时拥有 GAPILE 与 GATECH）或（同时拥有 NAHAND 与 NATECH）即可建造 注意： Lists指定的多少额外条件 也就是 Prerequisite.List0/Prerequisite= 先决条件 Prerequisite.Lists=2 额外先决条件的数量有2个 Prerequisite.List1=XXX Prerequisite.List2=YYY List#的最大序号与Lists的值完全对应，强迫症一本满足 此外，如果留空则相当于某个条件写了任意条件，例如这里Prerequisite.List0=和Prerequisite=一个都没有指定的话，会被认为它们已经被满足，导致只要TechLevel等其他条件满足就直接允许生产，而Prerequisite.List1、Prerequisite.List2的内容根本不会看（毕竟已经满足条件了）",0,,VehicleTypes,Specifies how many extra Prerequisite lists complimentary to the one default list are available. Defaults to 0.
Prerequisite.StolenTechs,String,-1,Prerequisite.StolenTechs,指定有哪些偷窃前提，其他具体的参考后面的 渗透科技 条目,0,,VehicleTypes,
Survivor.Pilots,String,-1,Survivor.Pilots,会产生多少单位，有Crewed=yes 默认1，没有就是0,0,,VehicleTypes,"The number of pilots that will attempt to be spawned when this unit is destroyed (provided that the ground beneath the destroyed unit is clear). Defaults to 1 if the unit has Crewed=yes set, to 0 otherwise."
Survivor.RookiePilotChance,String,-1,Survivor.RookiePilotChance,新兵，老兵，精英时驾驶员逃出概率，没有的话[General]►CrewEscape控制,0,,VehicleTypes,
Survivor.VeteranPilotChance,String,-1,Survivor.VeteranPilotChance,新兵，老兵，精英时驾驶员逃出概率，没有的话[General]►CrewEscape控制,0,,VehicleTypes,
Survivor.ElitePilotChance,String,-1,Survivor.ElitePilotChance,新兵，老兵，精英时驾驶员逃出概率，没有的话[General]►CrewEscape控制,0,,VehicleTypes,"The percent chance that each individual pilot will be spawned when this unit is destroyed. If this value is negative, [General]►CrewEscape will be used. Defaults to -1."
Survivor.RookiePassengerChance,String,-1,Survivor.RookiePassengerChance,乘客逃出概率，在空中必死，除非是贴地飞行 值得一提的是逃出的驾驶员和载具获得的经验值量是相同的，相对而言。 建筑特定 除了残兵和技师，被占领建筑也可以逃出占有者的工程师，当然这个也要从回收资金里扣除，最小逃出一个，最多五个。,0,,VehicleTypes,
Survivor.VeteranPassengerChance,String,-1,Survivor.VeteranPassengerChance,乘客逃出概率，在空中必死，除非是贴地飞行 值得一提的是逃出的驾驶员和载具获得的经验值量是相同的，相对而言。 建筑特定 除了残兵和技师，被占领建筑也可以逃出占有者的工程师，当然这个也要从回收资金里扣除，最小逃出一个，最多五个。,0,,VehicleTypes,
Survivor.ElitePassengerChance,String,-1,Survivor.ElitePassengerChance,乘客逃出概率，在空中必死，除非是贴地飞行 值得一提的是逃出的驾驶员和载具获得的经验值量是相同的，相对而言。 建筑特定 除了残兵和技师，被占领建筑也可以逃出占有者的工程师，当然这个也要从回收资金里扣除，最小逃出一个，最多五个。,0,,VehicleTypes,"Determines the percent chance that each of the unit’s passengers (if any) will survive. Rookie/Veteran/Elite refer to the veteran level of the transport unit – a unit with a higher veteran level could be made to have a greater (or lesser) chance of allowing its passengers to survive. Passengers will be spawned in the cells around the destroyed unit and, so, if these cells are not clear then the passengers will not be spawned. These flags default to a special-case value of -1 which means “use the original game logic” (i.e. land-based vehicles such as the Battle Fortress will eject their passengers but jumpjet vehicles such as the Nighthawk will not). Note that, for airborne vehicles such as the Nighthawk, there is no way to say “passengers can survive on the ground, but aren’t allowed to paradrop from the air” – if they can survive they can survive."
Prerequisite.RequiredTheaters,String,-1,Prerequisite.RequiredTheaters,"需要这种气候才能造 温和 - TEMPERATE - 大多地图 雪地 - SNOW - 极地／雪地地图 城市 - URBAN - 一些城市地图 沙漠 - DESERT - 一些沙漠地图，较老的地图使用温和 月球 - LUNAR - 《尤里的复仇》苏军战役第 6 关 新城市 - NEWURBAN - 大多《尤里的复仇》城市地图 对应温和，雪地，城市，沙漠，月球，新城市 为了方便复制特列于此 TEMPERATE,SNOW,URBAN,DESERT,LUNAR,NEWURBAN PrerequisiteOverride不会覆盖Prerequisite.RequiredTheaters",0,,VehicleTypes,"The map theaters in which the type is available. Defaults to all theaters. For example, if only the SNOW theater were specified then the type would only be available on arctic maps. This allows you to implement, for example, the AlternateArcticArt functionality used on the Navy SEAL, but for all types and all theaters (however this may present challenges for your AI). The theater names are: TEMPERATE - most maps SNOW - arctic/snowy maps URBAN - some city maps DESERT - some desert maps, older maps use Temperate LUNAR - Soviet Mission 6 NEWURBAN - most YR urban maps Note PrerequisiteOverride does not override Prerequisite.RequiredTheaters."
Passengers,String,-1,Passengers,这种地道网络系统所能容纳的最大人数，每个单元占用一格容量。,0,,TunnelTypes,The maximum number of occupants this tunnel system can have. This does not consider size. Each unit takes up one slot of space. Defaults to 0.
MaxSize,String,-1,MaxSize,能进入隧道的单位的最大尺寸，大于这个值的单位进不来。 一个建筑可以通过设置以下标签变成一个隧道的入口。多个建筑可以共享相同的隧道模式。 只有尺寸小于或等于隧道入口的SizeLimit单位允许进入入口。 注意： 单位从地道网络入口跑出来目前没有次序，这可能会在未来的版本中的更新 快速入门： 如果你没有单位进入隧道的入口指针，检查是否正确设置隧道建筑的Passengers=和MaxSize=。 每当单位进入或离开隧道建筑，隧道入口可以播放EnterTransportSound和LeaveTransportSound这些装载/卸载音效，隧道入口建筑物将显示代表隧道系统内容物的格子。,0,,TunnelTypes,The maximum Size= units can have to be allowed into this tunnel. Defaults to 0.0.
Heal.Delay,String,-1,Heal.Delay,治疗间隔，默认为[General]►TiberiumHeal,0,,Tiberiums,The interval between healing steps being applied in minutes. Defaults to [General]►TiberiumHeal.
Heal.Step,String,-1,Heal.Step,对空军的治愈值，默认[General]►RepairStep,0,,Tiberiums,The health to restore for AircraftTypes after each delay. Defaults to [General]►RepairStep.
Heal.IStep,String,-1,Heal.IStep,对步兵的治愈值，默认[General]►IRepairStep,0,,Tiberiums,The health to restore for InfantryTypes after each delay. Defaults to [General]►IRepairStep.
Heal.UStep,String,-1,Heal.UStep,对载具的治愈值，默认[General]►URepairStep,0,,Tiberiums,The health to restore for VehicleTypes after each delay. Defaults to [General]►URepairStep.
Damage,String,-1,Damage,伤害，Ares提供的该语句可以为0或负值 默认使用,0,,Tiberiums,
Power,String,-1,Power,的值 / 10 但这种情况下造成的伤害至少为+1，哪怕[Tiberium]►Power=填入0或负数,0,,Tiberiums,
ExplosionDamage,String,-1,ExplosionDamage,矿爆伤害，默认是[CombatDamage]►TiberiumExplosionDamage,0,,Tiberiums,The damage an animation with TiberiumChainReaction=yes deals to the cell it impacts at. Defaults to [CombatDamage]►TiberiumExplosionDamage.
Debris.Chance,String,-1,Debris.Chance,产生碎片的概率，影响到连锁反应的进程，整数，默认33（即33％）,0,,Tiberiums,The chance a cell containing this tiberium type hit by an animation with TiberiumChainReaction=yes will spawn one of its Debris. Defaults to 33.
SecretLab.RequiredHouses,String,-1,SecretLab.RequiredHouses,这些国家占领才能获得这个单位,0,,TechnoTypes,Specifies which countries are allowed to get this unit as a Secret Lab boon. Defaults to all houses.
SecretLab.ForbiddenHouses,String,-1,SecretLab.ForbiddenHouses,这些国家占领不能获得这个单位 Ares开发组原版说明书后两条整了个[Boon]上来可还行……倒是不影响理解，看标签名就能看明白 就是前两条写到秘密科技实验室建筑上，后两句在可能的Boons对象上定义，不过这样想要占领不同实验室分别算House限制只能为单位创建多个副本了,0,,TechnoTypes,Specifies which countries are not allowed to get this unit as a Secret Lab boon. Defaults to none.
EMP.Modifier,String,-1,EMP.Modifier,对 EMP 的抗性，只受到 EMP 影响的百分之几 拥有Powered=yes & Power < 0（需要电力支持且耗费电力）的建筑默认 不 免疫 存在以下任意一个或多个功能标签的建筑也默认 不 免疫 雷达 Radar=yes 超武 SuperWeapon、SuperWeapon2、SuperWeapons 反部署为载具 UndeploysInto 玩具坦克控制器 PowersUnit 裂缝／隐形产生器 GapGenerator 探测隐形单位 Sensors 激光栅栏 LaserFencePost 步兵 除 Cyborg=yes 的默认免疫 载具和战机 除 Organic=yes 的默认 不 免疫 手动设定的免疫会覆盖默认值生效 新的老兵精英升级包括 EMP 免疫： VeteranAbilities=EMPIMMUNE EliteAbilities=EMPIMMUNE,0,,TechnoTypes,If the EMP effect duration is positive it will be multiplied by this factor. You can create units that are more or less prone to the Electromagnetic Pulse. Defaults to 100%.
EMP.Threshold,String,-1,EMP.Threshold,制定该单位是否会被 EMP 摧毁. 如果使用整数那么该单位在承受如此剂量的 EMP 后才会被摧毁。 正数表示达到这个量摧毁单位 填 yes 等同于 1 负值表示只有在空中达到这个量才会摧毁这个单位 填 inair 等同于 -1 0 就是无效，等同于 no 默认 inair，即对空中单位秒杀 你可以创建一个陆地单位，在承受一定的 EMP 也会被摧毁，或者类似武直的单位，让它部署在陆地上时不会被摧毁，然而在空中承受 100 帧 EMP 后掉下来。,0,,TechnoTypes,"Specifies whether or not an object of this type will be destroyed by EMP weapons. Use an integer to set the exact EMP duration this unit has to exceed to get destroyed. Positive values will destroy the unit if the number of EMP frames exceeds this value. yes equals 1, meaning immediately. Negative values will destroy the unit only if is currently in-air. inair equals -1, meaning immediately if in air. A value of zero will disable this feature. no equals 0. Defaults to inair, destroying all units if they are in the air the instant the EMP hits. Note Parachuting units and units being lifted or lowered by a Magnetron do not count as being in air. Only exceeding their positive threshold (if set) will kill them."
TurretROT,String,-1,TurretROT,设置单位炮台的转向速度。有效值域从0到127。默认[TechnoType]►ROT=的值.,0,,TechnoTypes,Defines the rate of turn for the turret. Valid values range from 0 to 127. Defaults to ROT.
InitialPayload.Nums,String,-1,InitialPayload.Nums,数量，对应上面那个，不设定的话全部都是1 很可惜这个逻辑并不支持Infantry，Infantry作为Techno的子类自然也可以拥有Passngers 相关的玩法可见https://t.bilibili.com/898855660603572229,0,,TechnoTypes,"The optional numbers of times each type from InitialPayload.Types will be added. If this list contains fewer items than the InitialPayload.Types list, the last number is used as count for all following types. If this tag is not set, all counts are assumed to be 1."
CrushDamage,String,-1,CrushDamage,当载具压过带有以上语句的单位时会对碾压者造成的伤害。默认3,0,,TechnoTypes,
CrushDamage.Rookie,String,-1,CrushDamage.Rookie,当载具压过带有以上语句的单位时会对碾压者造成的伤害。默认2,0,,TechnoTypes,
CrushDamage.Veteran,String,-1,CrushDamage.Veteran,当载具压过带有以上语句的单位时会对碾压者造成的伤害。默认1,0,,TechnoTypes,
CrushDamage.Elite,String,-1,CrushDamage.Elite,当载具压过带有以上语句的单位时会对碾压者造成的伤害。默认0,0,,TechnoTypes,"The damage dealt to the unit crushing this object. Defaults to 0. Note When the base tag is defined, it will always reset all previous veterancy values, and then re-read the veterancy values from the same file."
Cloakable.Stages,String,-1,Cloakable.Stages,要经历多少层才能进入隐形状态，越小越快。默认为[General]►CloakingStages 隐形的条件控制 静止时才隐形 有CloakStop=yes的单位只有在静止时才隐形，移动时会暴露，有BalloonHover=yes的单位无效 独立的可叠加隐形效果，也就是如果单位额外通过升级、隐形发生器建筑等获得移动时隐形的效果，那么这个标签并不能禁用它们 部署时才隐形 该步兵必须有Cloakable=yes或CLOAK能力升级。,0,,TechnoTypes,The number of cloaking stages this techno will go through when cloaking or decloaking. Defaults to [General]►CloakingStages.
WeaponTurretIndexX,String,-1,WeaponTurretIndexX,在WeaponX和EliteWeaponX启用时将使用这个炮塔，通过乘客的IFVMode来定义。 X是从1到WeaponCount的数。默认值为-1。 注意： 当步兵的IFVMode是0时WeaponX的X应该是1。例如，IFVMode=4会启用Weapon5指定的武器，使用的炮塔也是WeaponTurretIndex5。 Gunner=yes的单位可以让每一个武器有自己的提示文本，使用一下标签：,0,,TechnoTypes,"The turret index used when WeaponX and EliteWeaponX are active, defined by IFVMode on the passenger. X is the number from 1 to WeaponCount. Defaults to -1. Note Note that WeaponX is 1-based while IFVMode is 0-based. For example IFVMode=4 activates Weapon5 and uses the turret index set as WeaponTurretIndex5."
DeployDir,String,-1,DeployDir,当一个DeployToLand单位着陆时的朝向。有效值为0到7。 默认[AudioVisual]►DeployDir 如果DeployToLand=yes单位没有DeployingAnim，他就不需要转向适合这个动画的方向，那么转向DeployDir就会被跳过。这不会影响到原版的武装直升机，因为他有DeployingAnim。 DeployDir支持DeployToLand=no的单位 如果单位有DeployingAnim，那么即使DeployToLand=no他也会转向DeployDir的方向。这样，DeployingAnim可以被做的更合适，单位就不会突然换面了。 较高版本的 Phobos 更改了这一行为，详见 Phobos 文档,0,,TechnoTypes,The direction a unit will face when deploying. Valid values range from 0 for north to 7 for north west. Defaults to [General]►DeployDir.
Promote.VeteranFlash,String,-1,Promote.VeteranFlash,升级到老兵闪光多长时间。默认[AudioVisual]►VeteranFlashTimer,0,,TechnoTypes,The number of frames a unit or structure of this type flashes when promoted to veteran. Defaults to [AudioVisual]►VeteranFlashTimer.
Promote.EliteFlash,String,-1,Promote.EliteFlash,精英。默认[AudioVisual]►EliteFlashTimer,0,,TechnoTypes,The number of frames a unit or structure of this type flashes when promoted to elite. Defaults to [AudioVisual]►EliteFlashTimer.
Promote.VeteranExperience,String,-1,Promote.VeteranExperience,该代码用来给予被老兵转换后的单位初始得到的经验倍率。可以将一个单位转换为另一个无等级的单位。（用-1.0来降低一级，这样一个老兵级单位变形后会成为另一个新兵级单位。）默认0.0。,0,,TechnoTypes,A value added to the experience when a unit type is converted using Promote.VeteranType. Defaults to 0.0.
Promote.EliteExperience,String,-1,Promote.EliteExperience,"同上，不过用于精英级转换时。默认0.0。 提示：如果单位跳过老兵级直接升级为精英级，则不会启动老兵级转换。 注意：升级转换并不是递进的：假如一个单位转换后所处的经验等级仍然能够转换为下一个单位，这时转换不会发生。 警告：转换有很多限制。比如如果转换后的步兵比以前更大（指Size），而他已经处于满载的载具里，升级转换不会发生，如果单位可以进入载具或者建筑，并且单位可以升级，你不应该改变这个单位的大小。不能转换成有特殊武器的单位(时空，心控，寄生),…… 精英和老兵时获得的能力 EMPIMMUNE 免疫EMP RADIMMUNE 免疫辐射 PROTECTED_DRIVER 免疫狙杀驾驶员 UNWARPABLE 无法被超时空传送 POISONIMMUNE 免疫毒 PSIONICWEAPONIMMUNE 免疫精神攻击 PSIONICSIMMUNE 免疫心灵控制（心灵控制超武依然可以有效）",0,,TechnoTypes,A value added to the experience when a unit type is converted using Promote.EliteType. Defaults to 0.0.
Experience.PassengerModifier,String,-1,Experience.PassengerModifier,如果一个击杀是由乘客做的，那么所得经验为这个百分比，默认100% 来自召唤空袭的击杀,0,,TechnoTypes,"If a kill gets credited to a passenger, the experience gain is multiplied by this value. Defaults to 100%."
Experience.AirstrikeModifier,String,-1,Experience.AirstrikeModifier,召唤飞机摧毁对方获得的经验比，默认100% 来自受控单位的击杀,0,,TechnoTypes,"If Experience.FromAircraft=yes is set on the designator of an airstrike (like Boris), the experience gain is multiplied by this value. Defaults to 100%."
Experience.MindControlSelfModifier,String,-1,Experience.MindControlSelfModifier,控制的单位摧毁敌方，控制者获得的经验百分比，默认0%,0,,TechnoTypes,"If a mind-controlled unit kills an enemy, its controller gets this percentage of the experience the original killer can get (the amount before Experience.MindControlVictimModifier is applied). This additional experience is not subtracted from the experience gained by the original killer. Defaults to 0%."
Experience.MindControlVictimModifier,String,-1,Experience.MindControlVictimModifier,控制的单位获得的经验百分比，默认100% 如果控制者和战斗要塞的所有者不是盟友的话，控制战斗要塞这样的单位，里面的乘客开火摧毁敌方后获得的经验不算在里面. 控制友军单位摧毁敌方，控制者不会得经验。 来自航母子机的击杀,0,,TechnoTypes,"If a mind-controlled unit kills an enemy, its gained experience is multiplied by this value. Use this for example to subtract the amount the unit’s controller gets by having this value and Experience.MindControlSelfModifier sum up to 100%. Defaults to 100%."
Experience.SpawnOwnerModifier,String,-1,Experience.SpawnOwnerModifier,子机摧毁敌方单位，航母获得的经验百分比，设置在航母上，默认0%,0,,TechnoTypes,"The percentage of experience the unit owning a spawn gains when the spawn kills an enemy. This tag has to be set on the spawner unit, not the spawn. Defaults to 0%."
Experience.SpawnModifier,String,-1,Experience.SpawnModifier,子机摧毁敌方单位，子机获得的经验百分比，设置在航母上，默认100% 升级乘客 这个逻辑被用于初始载荷的OpenTopped=yes的单位 这样的单位可以模拟一种单位使用非常多类型的武器 这个逻辑搭配Experience.PromotePassengers=no和Experience.FromPassengers=yes使用更佳。 注意：这个逻辑给予乘员的不是经验值，而是等级。乘员的等级会永远强制为载具的等级 如果一个高级的单位进入了可以升级乘客的低级载具，那么这个单位会变为低级的，就好像他根本没升级过 译者注：初始载荷的OpenTopped=yes单位不是一般都会设置不能手动进入和释放单位的么。。,0,,TechnoTypes,"The percentage of experience a spawn of this unit gains when the spawn kills an enemy. This tag has to be set on the spawner unit, not the spawn. Defaults to 100%."
FallRate.Parachute,String,-1,FallRate.Parachute,一个有降落伞的单位的空降加速度。默认1.,0,,TechnoTypes,The acceleration towards the ground applied each frame a parachuted unit is falling. Defaults to 1.
FallRate.NoParachute,String,-1,FallRate.NoParachute,一个无降落伞的单位的空降加速度。默认1.,0,,TechnoTypes,The acceleration towards the ground applied each frame a unit without parachute is falling. Defaults to 1.
FallRate.ParachuteMax,String,-1,FallRate.ParachuteMax,有降落伞的单位的最大下落速度，值必须为负。默认[General]►ParachuteMaxFallRate.,0,,TechnoTypes,The maximum speed a parachuted unit is falling with. Value has to be negative. Defaults to [General]►ParachuteMaxFallRate.
FallRate.NoParachuteMax,String,-1,FallRate.NoParachuteMax,无降落伞的单位的最大下落速度，值必须为负。默认[General]►NoParachuteMaxFallRate.,0,,TechnoTypes,The maximum speed a unit without parachute is falling with. Value has to be negative. Defaults to [General]►NoParachuteMaxFallRate.
RadarJamRadius,String,-1,RadarJamRadius,干扰范围,0,,TechnoTypes,Specifies the radius around the jamming object within structures with Radar=yes or SpySat=yes will be jammed.
Crew.TechnicianChance,String,-1,Crew.TechnicianChance,产生技师的几率。有主武器的建筑默认15，其他0 单位特定,0,,TechnoTypes,"The chance the owning side’s Technician is spawned instead of an ordinary crew member. Defaults to 15 for BuildingTypes with Primary= set, to 0 otherwise. Note Yuri’s Revenge also ejects Technician from units with Primary= set. Previous versions of Ares did not, so the default value has been changed so there is no difference to previous versions. If you want to eject Technician from units, you have to manually set Crew.TechnicianChance."
SelfHealing.Rate,String,-1,SelfHealing.Rate,自愈速率。默认[General]►RepairRate.,0,,TechnoTypes,The minutes between applying the self heal. Defaults to [General]►RepairRate.
SelfHealing.Max,String,-1,SelfHealing.Max,自愈上限，自愈至总血量的多少后就不再自愈。单位升级后的自愈上限可以用下面3条语句调整。默认100%,0,,TechnoTypes,"The health level this object is restored to by self healing. The health will be capped at this percentage of the object’s Strength. If defined, overrides the veterancy specific tags below. Defaults to 100%."
SelfHealing.RookieMax,String,-1,SelfHealing.RookieMax,对应新兵，老兵，精英的自愈上限。默认SelfHealing.Max,0,,TechnoTypes,
SelfHealing.VeteranMax,String,-1,SelfHealing.VeteranMax,对应新兵，老兵，精英的自愈上限。默认SelfHealing.Max,0,,TechnoTypes,
SelfHealing.EliteMax,String,-1,SelfHealing.EliteMax,对应新兵，老兵，精英的自愈上限。默认SelfHealing.Max,0,,TechnoTypes,"The health level this object is restored to by self healing, depending on its veterancy level. These settings are fully independent of each other. Defaults to SelfHealing.Max."
SelfHealing.Amount,String,-1,SelfHealing.Amount,自愈时每次恢复多少血量，不能低于0。默认1,0,,TechnoTypes,"The amount of hitpoints restored when self healing. Cannot be less than 0. If defined, overrides the veterancy specific tags below. Defaults to 1."
SelfHealing.RookieAmount,String,-1,SelfHealing.RookieAmount,无需多言。默认SelfHealing.Amount,0,,TechnoTypes,
SelfHealing.VeteranAmount,String,-1,SelfHealing.VeteranAmount,无需多言。默认SelfHealing.Amount,0,,TechnoTypes,
SelfHealing.EliteAmount,String,-1,SelfHealing.EliteAmount,无需多言。默认SelfHealing.Amount,0,,TechnoTypes,"The amount of hitpoints restored when self healing, depending on its veterancy level. These settings are fully independent of each other. Cannot be less than 0. Defaults to SelfHealing.Amount."
SelfHealing.CombatDelay,String,-1,SelfHealing.CombatDelay,在单位受到攻击之后多长时间不能自愈，用于做脱战一定时间后才能回血。默认0。,0,,TechnoTypes,Defines how long after a damaging attack a unit will not be able to self heal. Healing weapons do not trigger this delay. Use 0 to disable this. Defaults to 0.
FactoryPlant.Multiplier,String,-1,FactoryPlant.Multiplier,单位的工业工厂倍率，最终的折扣将会乘以工业工厂本身的倍率，完全支持-1.0到1.0，0.0使倍率无效。默认1.0 例子：如果工业工厂倍率是0.6，单位倍率为0.5，那么最后的价值将会是成本的0.8倍。换句话说：如果一个单位的价格减少了60%，乘数只有补助一半的成本，最终价格将在原始成本的80%。 AlexB的奇思妙想，搞得也太复杂了，这里以我的见解解释一下：假设一个1000块的单位，它的工业工厂倍率是0.5，而工业工厂将会使所有单位降价到原价的60%，即0.6，则降价的部分是原价的40%，乘以单位本身的倍率，则实际降价20%，最终单位价格是800，给个公式方便理解。 单位最终价格=单位原价-[单位原价x（1-工业工厂倍率）x单位倍率],0,,TechnoTypes,"The effect of the respective CostBonus tag for this type is multiplied by this value to either increase, decrease, or nullify the effect. Fully supported values range from -1.0 to reverse the effect to 1.0 to not apply the effect. 0.0 nullifies the bonus. Defaults to 1.0. Note Values beyond 1.0 can potentially cause the cost to drop to zero, if the effect of the product of all cost bonuses is multiplied by a too large value. This is because the effect of this multiplier is linear."
Berserk.ROFMultiplier,String,-1,Berserk.ROFMultiplier,微观开火速度倍数，默认[CombatDamage]►BerserkROFMultiplier,0,,TechnoTypes,The multiplier applied when this unit is berserking. Smaller means faster firing. Defaults to [CombatDamage]►BerserkROFMultiplier.
BuildTime.Speed,String,-1,BuildTime.Speed,每花费1000块钱所使用的分钟数。默认 [General]►BuildSpeed。 如果设置了，带有Wall=yes的建筑将不会再应用WallBuildSpeedCoefficient。,0,,TechnoTypes,"The time in minutes it takes to produce an object which costs 1000 credits. Defaults to [General]►BuildSpeed. Note If set, WallBuildSpeedCoefficient will not be applied to Wall=yes buildings any more, because BuildTime.Speed is taken as final value."
BuildTime.Cost,String,-1,BuildTime.Cost,如果设置了，建筑的建造时间将使用这里设置的Cost进行计算，而不使用建筑自己的Cost。默认Cost。 建筑的建造时间=(Cost/1000)*BuildSpeed 低电力时：,0,,TechnoTypes,"If set, the build time is calculated as if this item cost this much, instead of using actual Cost. Defaults to Cost."
BuildTime.LowPowerPenalty,String,-1,BuildTime.LowPowerPenalty,低电力时的建造时间惩罚倍数。默认[General]►LowPowerPenaltyModifier=的值,0,,TechnoTypes,The penalty to apply to the build time in low power situations. Defaults to [General]►LowPowerPenaltyModifier.
BuildTime.MinLowPower,String,-1,BuildTime.MinLowPower,低电力时生产速度的最小值。默认[General]►MinLowPowerProductionSpeed=的值。,0,,TechnoTypes,The minimum production speed when power is low. The resulting low power modifier will not be lower than this. Defaults to [General]►MinLowPowerProductionSpeed.
BuildTime.MaxLowPower,String,-1,BuildTime.MaxLowPower,低电力时生产速度的最大值。默认[General]►MaxLowPowerProductionSpeed=的值。 多工厂生产表现：,0,,TechnoTypes,The maximum production speed when power is low. The resulting low power modifier will not be greater than this. Defaults to [General]►MaxLowPowerProductionSpeed.
BuildTime.MultipleFactory,String,-1,BuildTime.MultipleFactory,多工厂生产的建造速度因数。默认[General]►MultipleFactory=的值。 建筑类,0,,TechnoTypes,The factor multiplied by the build time per additional factory of the same type. Defaults to [General]►MultipleFactory.
Prerequisite.StolenTechs,String,-1,Prerequisite.StolenTechs,"这个单位需要偷窃拥有这些偷窃项的建筑才能被获得（0-31），可以多指定几个，全部满足才能造 使用 -1 来禁用，不要用none！！！ 比如你要弄一个超空间尤里，需要偷窃尤里兵营和盟军机场，那么就可以给兵营的偷窃项设置1，机场设置2，然后超空间尤里设置1,2，这样超空间尤里就必须偷了以上两个建筑才能建造。 如果你给[GATECH], [NATECH]或者[YATECH]（总之就是 [AI]►BuildTech= 中的前三个）设置了SpyEffect.Custom=yes， 那么旧的偷窃语句就不再适用。 生产设施",0,,TechnoTypes,The list of stealable technology types that must be stolen before this object can be built. See Stolen Technology for more information.
AirRate,String,-1,AirRate,如果该值大于零，规定了该单位在空中时，计划要给该单位几帧的动画，AirRate覆盖WalkRate与IdleRate，若该值为零，则禁用AirRate，默认为0,0,,TechnoTypes,"If higher than 0, defines after how many frames the unit’s animation is to be advanced to the next frame when the unit is in air. AirRate takes precedence over WalkRate and IdleRate. 0 disables AirRate. Defaults to 0."
GroupAs,String,-1,GroupAs,把这个单位归类于该选择组里，选择组名字不能太长（不高于30个字母），比如你可以把三种工程师都标为ENGINEER，这样选择任意一个工程师就能全选三种工程师,0,,TechnoTypes,"The group name this unit is considered as. Name length can be up to 30 characters. Defaults to the type’s ID. Note Check that you don’t accidentally use an existing ID of a probably unrelated type as group name. This would include this type in this selection group, if it doesn’t have GroupAs set to some other value itself."
Pip,String,-1,Pip,填数字，用pips文件内的哪一帧作为乘客时的格子样式，pips文件名为“pips2.shp”,0,,TechnoTypes,"Frame index in the pips file to use as pip image. Valid values range from 0 to the pip file’s frame count - 1. Note If the tag is read as integer and the value is out of bounds, no error is logged in debug.log."
OccupyPip,String,-1,OccupyPip,填数字，用pips文件内的哪一帧作为驻兵时的格子样式，pips文件名为“pips.shp” 可行的值为0到总帧数-1，也就是从0开始算，但如果为无效值并不会被debug.log记录，所以如果弄错了并不好检查,0,,TechnoTypes,
Insignia.Rookie,String,-1,Insignia.Rookie,分别对应新兵，精英，老兵时的军衔 注意这里写的是 excluding 而不是 including 也就是不需要包含.shp后缀 总有人看不见…… 军衔帧设定,0,,TechnoTypes,
Insignia.Veteran,String,-1,Insignia.Veteran,分别对应新兵，精英，老兵时的军衔 注意这里写的是 excluding 而不是 including 也就是不需要包含.shp后缀 总有人看不见…… 军衔帧设定,0,,TechnoTypes,
Insignia.Elite,String,-1,Insignia.Elite,分别对应新兵，精英，老兵时的军衔 注意这里写的是 excluding 而不是 including 也就是不需要包含.shp后缀 总有人看不见…… 军衔帧设定,0,,TechnoTypes,"For example, Insignia.Rookie=SAMPLE would display sample.shp as the insignia while the object is rookie. Defaults to PIPS."
InsigniaFrame,String,-1,InsigniaFrame,从军衔中使用的帧。设置-1来使用默认帧。默认-1。 对敌隐藏军衔等级 现在可以让敌人看不见你的单位的等级。,0,,TechnoTypes,
InsigniaFrame.Rookie,String,-1,InsigniaFrame.Rookie,从军衔中使用的帧。设置-1来使用默认帧。默认-1。 对敌隐藏军衔等级 现在可以让敌人看不见你的单位的等级。,0,,TechnoTypes,
InsigniaFrame.Veteran,String,-1,InsigniaFrame.Veteran,从军衔中使用的帧。设置-1来使用默认帧。默认-1。 对敌隐藏军衔等级 现在可以让敌人看不见你的单位的等级。,0,,TechnoTypes,
InsigniaFrame.Elite,String,-1,InsigniaFrame.Elite,从军衔中使用的帧。设置-1来使用默认帧。默认-1。 对敌隐藏军衔等级 现在可以让敌人看不见你的单位的等级。,0,,TechnoTypes,The frame used from the insignia shape. Set to -1 to use the default frame index.
RadialIndicatorRadius,String,-1,RadialIndicatorRadius,对于HasRadialIndicator=yes的单位，覆写其视觉指示器的范围。默认遵循原版规则。 扩展HasRadialIndicator给非建筑单位 步兵载具飞机可以用HasRadialIndicator了，RadialIndicatorRadius=可以用来指定范围。但是它们的视觉指示器不会扫描，也不会集中。 如果一大堆基础兵都用上的话一起选中时会很乱，如何使用自行规划 杂类逻辑,0,,TechnoTypes,"Overrides the radius of the radial indicator for this unit or structure. Requires HasRadialIndicator=yes. The default is determined by the game. Note Units only support non-sweeping, non-concentric radial indicators."
Bounty.Value,String,-1,Bounty.Value,被杀时猎人获得多少赏金，可以设置负值用于惩罚玩家，如果设置，将重置下面几条。默认0,0,,TechnoTypes,"The amount rewarded as bounty if this becomes the victim of a bounty hunter. Can be negative to penalize the player. If set, resets the veterancy level specific values. Defaults to 0."
Bounty.RookieValue,String,-1,Bounty.RookieValue,默认Bounty.Value。,0,,TechnoTypes,
Bounty.VeteranValue,String,-1,Bounty.VeteranValue,默认Bounty.Value。,0,,TechnoTypes,
Bounty.EliteValue,String,-1,Bounty.EliteValue,默认Bounty.Value。,0,,TechnoTypes,The amount rewarded as bounty if an object with this veterancy is destroyed. Can be negative to penalize the player. Defaults to Bounty.Value.
AttachEffect.Delay,String,-1,AttachEffect.Delay,该单位获得AE后多少时间内不能够再接收AE效果，负值为不重置效果 默认0，立即生效,0,,TechnoTypes,Defines how many frames after the previous effect subsides the AttachEffect is recreated on the unit itself. Negative values do not renew the effect. Defaults to 0 (immediately).
AttachEffect.InitialDelay,String,-1,AttachEffect.InitialDelay,定义AE的初始间隔，即附着后多长时间生效 默认0，立即生效 然而AresAE中的这个效果作为一种单位属性会被继承 例如 A 变成 B 再变回 A 始终使用 A 刚出现时的计时器并不刷新 也就是 B 变 A 的时候AE会立即生效而不需要再次等待InitialDelay 只能用于弹头：,0,,TechnoTypes,Defines the delay before creating the AttachEffect for the very first time. Subsequent delays are defined by AttachEffect.Delay. Use 0 to create effect immediately. Defaults to 0.
ReloadAmount,String,-1,ReloadAmount,弹药一次恢复多少，不支持负值。默认1,0,,TechnoTypes,The number of rounds restored after each reload interval. Negative values are supported. Defaults to 1.
EmptyReloadAmount,String,-1,EmptyReloadAmount,写0或负值就会让单位打完所有弹药后不会恢复，默认ReloadAmount 注意：以上不支持飞机类单位，飞机类单位的Ammo判定不是单纯按射击计算 飞机专用的弹药恢复速率 在原版当中飞机恢复弹药是定死的，如果你要做一个大弹药量用机枪为武器的飞机就很蛋疼，用这个就可以解决问题。,0,,TechnoTypes,"The number of rounds restored after reload interval when there is no ammo left. If 0 or negative, the unit will not reload. This does not require EmptyReload to be set. Defaults to ReloadAmount."
NoAmmoWeapon,String,-1,NoAmmoWeapon,当弹药用尽后切换至另一武器。值为0是主武器，1为副武器，-1不切换武器。默认-1 实际上也支持WeaponX系统，相关特殊玩法见2025教程词典包导向链接 注意 该标签不能覆盖被载具和步兵上的DeployFire=yes启用的DeployFireWeapon。,0,,TechnoTypes,The weapon index to switch to when there is no ammo left. This will override the normal weapon selection and only allow this weapon to be selected. Valid values 0 for the primary weapon and 1 for the secondary. Use -1 to not switch weapons. Defaults to -1. Note This tag cannot override the DeployFireWeapon enabled by DeployFire=yes on VehicleTypes and InfantryTypes.
NoAmmoAmount,String,-1,NoAmmoAmount,如果弹药等于低于该值，则启用NoAmmoWeapon。默认0,0,,TechnoTypes,"If the current ammo is equal to or below this value, the NoAmmoWeapon will be used. Defaults to 0."
Harvester.LongScan,String,-1,Harvester.LongScan,对Harvester=yes的单位默认为[General]►TiberiumLongScan 对于奴隶矿场默认为[General]►SlaveMinerLongScan,0,,TechnoTypes,"Overrides the distance to consider for long scans. For Harvester=yes units, defaults to [General]►TiberiumLongScan. For Slave Miners, defaults to [General]►SlaveMinerLongScan."
Harvester.ShortScan,String,-1,Harvester.ShortScan,对Harvester=yes的单位默认为[General]►TiberiumShortScan 对于奴隶矿场默认为[General]►SlaveMinerShortScan 对于奴隶默认为[General]►SlaveMinerSlaveScan,0,,TechnoTypes,"Overrides the distance to consider for short scans. For Harvester=yes units, defaults to [General]►TiberiumShortScan. For Slave Miners, defaults to [General]►SlaveMinerShortScan, and for Slaves defaults to [General]►SlaveMinerSlaveScan."
Harvester.ScanCorrection,String,-1,Harvester.ScanCorrection,给奴隶矿场寻矿用的。默认为[General]►SlaveMinerScanCorrection 可理解为部署态的奴隶矿场寻矿范围的下限，在Short范围内离自己至少这么远的矿石才会让它反部署然后靠近，防止奴隶矿场反复蹲起,0,,TechnoTypes,Overrides the distance to consider better when scooting forward. For Slave Miner buildings only. Defaults to [General]►SlaveMinerScanCorrection.
Harvester.TooFarDistance,String,-1,Harvester.TooFarDistance,对Harvester=yes的单位默认为[General]►HarvesterTooFarDistance 若同时有Teleporter=yes的默认为[General]►ChronoHarvTooFarDistance,0,,TechnoTypes,"Overrides the distance to consider too far to reserve a refinery. Requires Harvester=yes. Defaults to [General]►ChronoHarvTooFarDistance for Teleporter=yes units, otherwise to [General]►HarvesterTooFarDistance."
Harvester.KickDelay,String,-1,Harvester.KickDelay,给奴隶矿场用的。默认[General]►SlaveMinerKickFrameDelay 判定为TooFar后奴隶停止采矿的时间，用-1来禁用此功能，始终不停工,0,,TechnoTypes,Overrides the interval in which to wake up the Slave Miner. For Slave Miner unis only. Use -1 to not wake up the Slave Miner automatically. Defaults to [General]►SlaveMinerKickFrameDelay.
Drain.Amount,String,-1,Drain.Amount,在仅吸取单个建筑电力的情况下使用，控制吸多少电，如果是正值，那么表示最多能吸多少电；如果是负值，那么表示至少能吸多少电，默认0。 计数顺序为建筑 Power= 值→单位 Drain.Amount= 值→建筑 Drain.Amount= 值 例如：使用镭射浮幽吸取 Power=500 的电厂。 先用建筑 Power 和镭射浮幽的 Drain.Amount 进行计算： 若镭射浮幽 Drain.Amount=-1000，吸取 1000 电； 若镭射浮幽 Drain.Amount=0，吸取建筑产生的 500 电； 若镭射浮幽 Drain.Amount=200，只吸取 200 电。 然后把算出来的值与建筑的 Drain.Amount 进行下一步计算： 若建筑自身设置 Drain.Amount=-600，则被吸取的电量不会低于 600； 若建筑自身设置 Drain.Amount=800，则被吸取的电量不会超过 800。 最后得出结果： 抛射体,0,,TechnoTypes,"The amount of power drained from a power plant of the victim player. Requires Drain.Local=yes on either the draining unit or the drained building. If positive, this is the maximum amount of power drained. If negative, this is the minimum amount of power drained. Defaults to 0. The start value is the victim building’s Power, then the draining unit’s Drain.Amount is applied, and finally the drained building’s Drain.Amount."
IronCurtain.Modifier,String,-1,IronCurtain.Modifier,单位受铁幕影响的倍数关系，默认100，0就是不受影响 如果铁幕效果和普通效果同时存在，必定是先常规伤害，Organic=yes的单位（步兵默认yes）会秒杀，弹头为全局[General]►C4Warhead=的弹头 铁幕闪光 就是被铁幕了的东西被打中产生的那个蓝色的／黑色的椭圆形特效。,0,,TechnoTypes,If the Iron Curtain effect duration is positive it will be multiplied by this factor. Use 0% to create a unit that cannot be affected by the Iron Curtain. IronCurtain.Modifier defaults to 100%.
TiberiumTransmogrify,String,-1,TiberiumTransmogrify,一个因泰矿伤害而死的特定单位转化为[General]►SmallVisceroid的概率。默认值为[General]►TiberiumTransmogrify。,0,,TechnoTypes,
DesignatorRange,String,-1,DesignatorRange,指示者的指示范围。默认和[TechnoType]►Sight一样 抑制者 和抑制者相反，超武不能在这些单位周围发射。 另外如果建筑作为抑制者没电，没有被占领的话，那么抑制功能就会无效。,0,,TechnoTypes,Range in cells around the unit or structure that becomes targetable by super weapons requiring this object as designator. Defaults to [TechnoType]►Sight.
InhibitorRange,String,-1,InhibitorRange,抑制者的抑制范围。 阵营国家限制 现在可以设定超武的归属国家，如果另一个国家占领了这个国家的超武建筑，超武也不能够被占领国家使用。,0,,TechnoTypes,Range in cells around the unit or structure that becomes untargetable by super weapons having this object set as inhibitor. Defaults to [TechnoType]►Sight.
FactoryOwners,String,-1,FactoryOwners,这个列表内国家的工厂可以建造该单位。如果是空的，每个国家都可以建造。此外，玩家至少需要一个在该列表内国家的工厂来建造或者这些国家里至少一个的科技树来建造它。,0,,TechnoTypes,"The list of countries whose factories can build this object. If empty, every country is allowed to build this object. Otherwise, players need to own at least one factory built by a country in this list or the plans of at least one of these countries to produce it."
FactoryOwners.Forbidden,String,-1,FactoryOwners.Forbidden,"与上面相反，这个列表内国家的工厂不能建造该单位。 注意 AI无视建筑上的这两条语句，仅在单位上有效 通用的先决条件组 你现在能自定义先决条件组就像原来的 POWER (PrerequisitePower) FACTORY (PrerequisiteFactory) BARRACKS (PrerequisiteBarracks) RADAR (PrerequisiteRadar) TECH (PrerequisiteTech) PROC (PrerequisiteProc and PrerequisiteProcAlternate) 这六种，如果你不知道通用先决条件组是什么，参见2.单位属性rules词典#Prerequisite - RA2DIY 你需要创建一个新的小节[GenericPrerequisites]然后才能添加像GROUPNAME= (list of BuildingTypes)这样的先决条件组 [GenericPrerequisites] NAVALYARD=GAYARD,NAYARD,YAYARD [某单位] Prerequisite=NAVALYARD ... 如上书写，则只要三家船厂任有其一即可生产该单位 非建筑作为建造前提（备用建造前提） 类比原版奴隶矿场，其作为机动形态的奴隶矿车时也仍然能够作为建造前提正常提供科技。YR中通过PrerequisiteProcAternate将SMIN这个载具设为PROC条件组的一个成员。 Ares现在允许为所有的通用先决条件组添加备用建造前提，使用如下代码：",0,,TechnoTypes,The list of countries whose factories cannot build this object. Players owning only factories built by countries in this list and only having plans of these countries are prevented from producing it.
Assaulter.Level,String,-1,Assaulter.Level,定义单位的突击等级，写在突击方上可以突击小于或等于其等级的建筑，写在被突击的建筑上定义防突击等级。默认0 注：建筑的突击等级小于0的话意味着完全不能突击。 虽然这个新增的语句是写在了TechnoType下，然而原本的Assaulter=yes是仅限Infantry的，也就是载具和战机依然不能突击和被突击,0,,TechnoTypes,Defines the levels compared when an Assaulter=yes infantry is to assault building. Infantry can only assault buildings with levels less than or equal to their own level. Defaults to 0.
EVA.Lost,DialogueList,-1,EVA.Lost,填none就是不播报，单位默认是EVA_UnitLost，建筑默认是none,0,,TechnoTypes,"The message played when a unit or strucure of this type is destroyed. Use none to disable the report. Defaults to none for structures, to EVA_UnitLost otherwise."
WeaponUINameX,String,-1,WeaponUINameX,这里的X-1对应载员IFVMode的值，例如IFVMode=2对应Weapon3的武器和Index3使用的炮塔 例如[FV]Weapon3=Comet，WeaponTurretIndex3=14，代表IFVMode=2使用Comet为武器fvtur14.vxl(hva)作为炮塔素材 IFV维修语音 现在ARES可以自定义IFV类单位响应维修任务的语音。,0,,TechnoTypes,"If set, is used as tool tip for this Gunner=yes unit if weapon X is active. X is the number from 1 to WeaponCount. If not set, defaults to the original behavior."
SW.AITargeting.Preference,String,-1,SW.AITargeting.Preference,"决定此超武会偏向于发射在哪个，由地图触发行为设定的格，默认取决于Type=. 有效值为： ""none"":无偏向 ""offensive"": 偏向于由地图触发行为设定的侵略性格子。135号行为设定这种格子，136号行为移除这种格子 ""defensive"": 偏向于由地图触发行为设定的防御性格子。 SW.AITargeting约束条件 约束条件，即超级武器的发射所需环境。他们中有些是人为的(比如，即使AI没有选定敌人，搜猎者也可以发射，这说不过去), 有些是客观的(如果优先级最高的敌人基地成为了目标，但是AI还没有选择任何目标，那么就没有可以发射的地点). 如果没有适宜的约束条件，那么超武的图标会成为灰色（仅限于使用AITargeting时）。如果在约束条件的范围内超武找不到可以发射的目标，那么玩家会得到一条发射失败的文字回馈。",0,,SuperWeaponTypes,"The preference overrides the actual targeting. As long as these overrides are set, the super weapons will prefer these set targets. Defaults depend on the Type=."
SW.AITargeting.Constraints,String,-1,SW.AITargeting.Constraints,"填此超武所需的发射约束环境，多个约束条件用逗号隔开。默认取决于Type=. 有效值为： ""none"":没有约束条件 ""offensive_cell_clear"":地图触发行为135没有设定侵略性格子时 ""defensive_cell_clear"":地图触发行为140没有设定防御性格子时 ""offensive_cell_set"":直到地图触发行为135设定了侵略性格子时 ""defensive_cell_set"":直到地图触发行为140设定了防御性格子时 ""enemy"":当发射方已经选定了一个所属方为敌人时 ""lightningstorm_inactive"":当没有任何闪电风暴处于发射状态时 ""dominator_inactive"":当没有任何心灵控制处于发射状态时 ""attacked"":当发射方被攻击时 ""lowpower"":当发射方处于低电力状态时 以下约束环境对玩家无效： ""lightningstorm_inactive""，因为玩家会在闪电风暴激活时得到一条发射失败的回馈信息 ""dominator_inactive""，因为玩家会在心灵控制激活时得到一条发射失败的回馈信息 ""attacked""，因为这是辅助AI使用的，玩家能够正确的判别何时应该发设 ""lowpower""，同上 默认值表： Ares3.0新增的LowPowerAttack、LowPower、Attack不在表上，可视为有限制条件的NoTarget作为参考 然而即便满足AITargeting，Westwood也限制AI要有一个106-112帧范围的随机延迟后才会去真正发射超武 Phobos 已允许设定该延迟，详见 Phobos 文档 范围限制 可以设置超武的射程，以超武建筑为中心，超过其发射范围就不能发射超武。",0,,SuperWeaponTypes,A comma-separated list of constraints that all have to be satisfied for the super weapon to fire. Defaults depend on the Type=.
SidebarPalette,String,-1,SidebarPalette,设定图标色盘,0,,SuperWeaponTypes,"Specifies the palette to use for the super weapon’s SidebarImage, in the format “filename.pal”. Defaults to cameo.pal."
SidebarPCX,String,-1,SidebarPCX,超武用，和上面一样 和其他PCX文件一样，需要用索引色，并且图标PCX必须是256色且大小为60x48像素。 Phobos 更改了这一逻辑，不再需要设为索引色，并且支持更多种颜色，详见 Phobos 文档。,0,,SuperWeaponTypes,"Specifies the filename containing the superweapon’s cameo, in the format “filename.pcx”."
SW.Range,String,-1,SW.Range,超武生效范围，填一个数为圆形范围的半径；填两个数分别是矩形范围的长和宽,0,,SuperWeaponTypes,"Range affected by the chronoshift. Defaults to 3,3."
SW.AffectsHouse,String,-1,SW.AffectsHouse,影响对象，可以设多个,0,,SuperWeaponTypes,Specifies the houses affected by the chronoshift. Defaults to all.
SW.AffectsTarget,String,-1,SW.AffectsTarget,可以作用的地形和对象，可以设多个,0,,SuperWeaponTypes,"Specifies which types the chronoshift affects. Defaults to infantry,units. Note Please note that buildings with Chronoshift.IsVehicle=yes are considered units and not buildings, if Chronosphere.ReconsiderBuildings=yes is set."
SW.Deferment,String,-1,SW.Deferment,超武生效前帧数，仅对部分有效，默认值也各不相同，需要查看各超武类别的说明,0,,SuperWeaponTypes,Defaults to [General]►LightningDeferment.
SW.TimerVisibility,String,-1,SW.TimerVisibility,当ShowTimer=yes时，哪些玩家可以看见计时器，默认all。,0,,SuperWeaponTypes,
SW.Shots,String,-1,SW.Shots,决定此超武能够用多少次，-1代表无限。此逻辑暂时不支持持续性超武。默认-1 目前，被升级工具箱或地图触发带来的超武也会共享次数。 定死的值,0,,SuperWeaponTypes,How often this super weapon is allowed to fire before becoming unavailable. Use -1 to allow unlimited firing. Is not supported for Charge Drain super weapons. Defaults to -1.
SW.RequiresTarget,String,-1,SW.RequiresTarget,可以点什么类型的目标，不是此目标的话就不能点下去，比如力场护盾只能点建筑,0,,SuperWeaponTypes,"Specifies which types the protection can be fired upon. Defaults to buildings for ForceShield, to all otherwise."
SW.RequiresHouse,String,-1,SW.RequiresHouse,可以点哪些所属的目标，不满足所属条件就点不下去，比如力场护盾点不了敌方建筑,0,,SuperWeaponTypes,"Defaults to team for ForceShield, to none otherwise."
SW.Group,String,-1,SW.Group,设置超武组号，可以在AI脚本中涉及到超级武器的部分指定该组号，默认0。需要搭配SW.AITargeting=IronCurtain使用。,0,,SuperWeaponTypes,
,,,,,,,,
SW.AIRequiresTarget,String,-1,SW.AIRequiresTarget,AI版RequiresTarget，默认值见下表。,0,,SuperWeaponTypes,"Specifies where AI players can fire the sonar at, which excludes land by default. Defaults to water."
SW.AIRequiresHouse,String,-1,SW.AIRequiresHouse,AI版RequiesHouse，默认值见下表。 SW.AITargeting优先级 此设定将会改变超级武器的默认发射格。当然，这是给地图触发用的。,0,,SuperWeaponTypes,Specifies which houses will be considered eligible by AI players or human owned automatically fired super weapons. The default value depends on the SW.AITargeting setting. See the table below.
SW.RangeMaximum,String,-1,SW.RangeMaximum,最大范围和最小范围，负数即无限。默认-1，随便打 指示者 以下标签设置单位为指示者，超武只能在指示者的范围内发射。,0,,SuperWeaponTypes,The maximum range above which a cannon is not eligible to fire. Set to negative values to use the each cannon’s primary weapon’s range. Defaults to -1.0.
SW.RangeMinimum,String,-1,SW.RangeMinimum,最大范围和最小范围，负数即无限。默认-1，随便打 指示者 以下标签设置单位为指示者，超武只能在指示者的范围内发射。,0,,SuperWeaponTypes,"The minimum range below which a cannon is not eligible to fire. Set to negative values to use each cannon’s primary weapon’s minimum range. Defaults to 0.0, which disables the check."
SW.ChargeToDrainRatio,String,-1,SW.ChargeToDrainRatio,此超武有效时间相对于 RechargeTime 的倍率，默认为 [General]►ChargeToDrainRatio= 的值,0,,SuperWeaponTypes,The recharge time multiplied by this value is how long the super weapon will stay active. Must not be 0. Defaults to [General]►ChargeToDrainRatio.
Money.Amount,String,-1,Money.Amount,超武开火时加钱，负数扣钱，默认0,0,,SuperWeaponTypes,This many credits are added to the firing player’s account when the super weapon is fired. Use a negative number to subtract credits. Defaults to 0.
Money.DrainAmount,String,-1,Money.DrainAmount,长效超武每次给予的金额，负数扣钱，默认0,0,,SuperWeaponTypes,This many credits are added to the firing player’s account when a UseChargeDrain=yes super weapon is active. Use a negative number to subtract credits. Defaults to 0.
Money.DrainDelay,String,-1,Money.DrainDelay,长效超武每次给／扣钱的间隔，默认 0 动画／音效,0,,SuperWeaponTypes,After this many frames the credits defined in Money.DrainAmount= are added to the firing player’s account when a UseChargeDrain=yes super weapon is active. Defaults to 0.
SW.AnimationHeight,String,-1,SW.AnimationHeight,创建这个动画的高度,0,,SuperWeaponTypes,How high above the target cell to display the animation.
SW.AnimationVisibility,String,-1,SW.AnimationVisibility,哪些所属方可以看到这个动画,0,,SuperWeaponTypes,Defines who will see this animation.
Light.Ambient,String,-1,Light.Ambient,环境亮度，太高会卡 Ares的全局光变只有Ambient没有Ground、Level和AmbientChangeRate,0,,SuperWeaponTypes,The brightness of the environment. Too high values will cause a slow-down.
Light.Red,String,-1,Light.Red,颜色，需要分别设定,0,,SuperWeaponTypes,The red component of the lighting.
Light.Green,String,-1,Light.Green,颜色，需要分别设定,0,,SuperWeaponTypes,The green component of the lighting.
Light.Blue,String,-1,Light.Blue,颜色，需要分别设定,0,,SuperWeaponTypes,The blue component of the lighting.
SW.Range,String,-1,SW.Range,雷击范围。默认[General]►LightningCellSpread,0,,SuperWeaponTypes,"Range affected by the chronoshift. Defaults to 3,3."
SW.Damage,String,-1,SW.Damage,伤害。默认[General]►LightningDamage,0,,SuperWeaponTypes,The amount of damage that will be dealt by the warhead.
SW.Deferment,String,-1,SW.Deferment,启动前准备帧数。默认[General]►LightningDeferment,0,,SuperWeaponTypes,Defaults to [General]►LightningDeferment.
哼哼哼啊啊啊啊,String,-1,哼哼哼啊啊啊啊,AI瞄准模式。默认LightningStorm,0,,SuperWeaponTypes,
Light.*,String,-1,Light.*,设定光线效果 默认是地图的[Lighting]►Ion* 特殊值:,0,,SuperWeaponTypes,Default to the scenario’s [Lighting]►Ion*.
Lightning.Duration,String,-1,Lightning.Duration,持续时间。默认[General]►LightningStormDuration，-1是无限长,0,,SuperWeaponTypes,The length the Lightning Storm endures. A value of -1 means indefinite duration. Defaults to [General]►LightningStormDuration.
Lightning.RadarOutage,String,-1,Lightning.RadarOutage,受影响方雷达会关闭这么多帧的时间。默认[General]►LightningStormDuration,0,,SuperWeaponTypes,The number of frames radars are jammed for players defined by SW.AffectsHouse. Defaults to [General]►LightningStormDuration.
Lightning.RadarOutageAffects,String,-1,Lightning.RadarOutageAffects,受影响的所属方。默认enemies,0,,SuperWeaponTypes,Specifies the houses affected by radar outage. Defaults to enemies.
Lightning.HitDelay,String,-1,Lightning.HitDelay,两个云放电的间隔。默认[General]►LightningHitDelay,0,,SuperWeaponTypes,The number of frames between two clouds being created over the target cell. Values of 0 or lower will disable direct hits. Clouds created by this mechanism are never subject to separation rules (see below). Defaults to [General]►LightningHitDelay.
Lightning.ScatterDelay,String,-1,Lightning.ScatterDelay,刷出云的间隔。默认[General]►LightningScatterDelay,0,,SuperWeaponTypes,The number of frames between clouds getting created over a random cell in the super weapon’s range. Values of 0 or lower will disable random hits. Only clouds created by this mechanism are subject to separation rules (see below). Defaults to [General]►LightningScatterDelay.
Lightning.ScatterCount,String,-1,Lightning.ScatterCount,一次刷云产生的数目。默认Lightning.ScatterDelay ，0或负数导致只有中心雷击,0,,SuperWeaponTypes,The number of new clouds created every Lightning.ScatterDelay frames. Values of 0 or lower will disable random hits. Defaults to 1.
Lightning.Separation,String,-1,Lightning.Separation,两个云之间的最小距离。默认[General]►LightningSeparation,0,,SuperWeaponTypes,"The least number of cells between two random clouds to better distribute damage. This is not the direct distance, but rather the sum of the differences of the x and y components. Values of 0 or lower will disable separation rules. Defaults to [General]►LightningSeparation."
Lightning.DebrisMin,String,-1,Lightning.DebrisMin,一次最少产生碎片数。默认2,0,,SuperWeaponTypes,The least number of debris created when lightning strikes empty cells or destroys a building or a unit. Defaults to 2.
Lightning.DebrisMax,String,-1,Lightning.DebrisMax,最大。默认4,0,,SuperWeaponTypes,The largest number of debris created when lightning strikes empty cells or destroys a building or a unit. Defaults to 4.
Lightning.CloudHeight,String,-1,Lightning.CloudHeight,云的高度，小于0的话会把云放在闪电表的第一个闪电上面,0,,SuperWeaponTypes,The height above the ground the clouds get created in. Values less than 0 will center the cloud image on top of the first bolt anim from the list (for the original game this is about 1200). Defaults to -1.
SW.Damage,String,-1,SW.Damage,伤害，负数则用武器 Damage= 指定的值。默认-1,0,,SuperWeaponTypes,The amount of damage that will be dealt by the warhead.
哼哼哼啊啊啊啊,String,-1,哼哼哼啊啊啊啊,AI瞄准参数。默认Nuke,0,,SuperWeaponTypes,
Light.*,String,-1,Light.*,核弹引爆时的光线设定。差不多就是Light.Ambient=200，Light.Red=175，Light.Green=150，Light.Blue=125 特殊值:,0,,SuperWeaponTypes,Default to the scenario’s [Lighting]►Ion*.
SW.Range,String,-1,SW.Range,控制范围。默认为[General]►DominatorCaptureRange,0,,SuperWeaponTypes,"Range affected by the chronoshift. Defaults to 3,3."
SW.Damage,String,-1,SW.Damage,控制效果启动时造成的伤害，负数是没伤害。默认[General]►DominatorDamage,0,,SuperWeaponTypes,The amount of damage that will be dealt by the warhead.
SW.Deferment,String,-1,SW.Deferment,从释放到实际启动之间的延时。默认0,0,,SuperWeaponTypes,Defaults to [General]►LightningDeferment.
哼哼哼啊啊啊啊,String,-1,哼哼哼啊啊啊啊,瞄准模式。默认PsychicDominator,0,,SuperWeaponTypes,
SW.AffectsHouse,String,-1,SW.AffectsHouse,影响的所属方。默认all,0,,SuperWeaponTypes,Specifies the houses affected by the chronoshift. Defaults to all.
SW.AffectsTarget,String,-1,SW.AffectsTarget,控制的目标类型。默认infantry，units,0,,SuperWeaponTypes,"Specifies which types the chronoshift affects. Defaults to infantry,units. Note Please note that buildings with Chronoshift.IsVehicle=yes are considered units and not buildings, if Chronosphere.ReconsiderBuildings=yes is set."
Light.*,String,-1,Light.*,颜色，默认是 [Lighting]►Dominator*Psychic 特殊值:,0,,SuperWeaponTypes,Default to the scenario’s [Lighting]►Ion*.
Dominator.FirstAnimHeight,String,-1,Dominator.FirstAnimHeight,这个动画的高度。默认750,0,,SuperWeaponTypes,The height the Dominator.FirstAnim is played above the ground. Defaults to 750.
Dominator.SecondAnimHeight,String,-1,Dominator.SecondAnimHeight,实际生效动画的高度。默认0,0,,SuperWeaponTypes,The height the Dominator.SecondAnim is played above the ground. Defaults to 0.
Dominator.FireAtPercentage,String,-1,Dominator.FireAtPercentage,写整数。表示在这个百分比的大头动画播放完毕时候控制生效，默认[General]►DominatorFireAtPercentage,0,,SuperWeaponTypes,"After this percentage of the Dominator.FirstAnim‘s frames have been played, the Dominator is fired. This is the actual percentage, 20 is 20%. Don’t use decimal numbers. Defaults to [General]►DominatorFireAtPercentage."
SW.Range,String,-1,SW.Range,"超时空传送范围。默认 3,3",0,,SuperWeaponTypes,"Range affected by the chronoshift. Defaults to 3,3."
SW.AnimationHeight,String,-1,SW.AnimationHeight,传送原点动画的创建高度。默认 5,0,,SuperWeaponTypes,How high above the target cell to display the animation.
哼哼哼啊啊啊啊,String,-1,哼哼哼啊啊啊啊,瞄准模式。默认 none（AI 不会用）,0,,SuperWeaponTypes,
SW.AffectsHouse,String,-1,SW.AffectsHouse,影响的所属方。默认 all,0,,SuperWeaponTypes,Specifies the houses affected by the chronoshift. Defaults to all.
SW.AffectsTarget,String,-1,SW.AffectsTarget,"影响的目标类型。默认 infantry,units 当超武有 Chronosphere.ReconsiderBuildings=yes 时设置了 Chronoshift.IsVehicle=yes 的建筑会被视为 units 而不是 buildings",0,,SuperWeaponTypes,"Specifies which types the chronoshift affects. Defaults to infantry,units. Note Please note that buildings with Chronoshift.IsVehicle=yes are considered units and not buildings, if Chronosphere.ReconsiderBuildings=yes is set."
SW.Range,String,-1,SW.Range,"保护的范围。对于Type=ForceShield的情况默认为[General]►ForceShieldRadius，否则为3,3",0,,SuperWeaponTypes,"Range affected by the chronoshift. Defaults to 3,3."
SW.AnimationHeight,String,-1,SW.AnimationHeight,超武动画的创建高度。默认5,0,,SuperWeaponTypes,How high above the target cell to display the animation.
哼哼哼啊啊啊啊,String,-1,哼哼哼啊啊啊啊,AI瞄准模式。对于Type=ForceShield的情况默认为ForceShield，否则为IronCurtain,0,,SuperWeaponTypes,
SW.AffectsHouse,String,-1,SW.AffectsHouse,影响的所属方。对于Type=ForceShield的情况默认为team，否则为all,0,,SuperWeaponTypes,Specifies the houses affected by the chronoshift. Defaults to all.
SW.AffectsTarget,String,-1,SW.AffectsTarget,影响的目标类型。对于Type=ForceShield的情况默认为buildings，否则为all,0,,SuperWeaponTypes,"Specifies which types the chronoshift affects. Defaults to infantry,units. Note Please note that buildings with Chronoshift.IsVehicle=yes are considered units and not buildings, if Chronosphere.ReconsiderBuildings=yes is set."
SW.RequiresTarget,String,-1,SW.RequiresTarget,需要瞄准的目标类型。对于Type=ForceShield的情况默认为buildings，否则为all,0,,SuperWeaponTypes,"Specifies which types the protection can be fired upon. Defaults to buildings for ForceShield, to all otherwise."
SW.RequiresHouse,String,-1,SW.RequiresHouse,需要瞄准的目标所属方。对于Type=ForceShield的情况默认为team，否则为none 特殊值：,0,,SuperWeaponTypes,"Defaults to team for ForceShield, to none otherwise."
Protect.Duration,String,-1,Protect.Duration,保护效果持续这么多帧的时间。力场护盾默认[General]►ForceShieldDuration；铁幕默认[CombatDamage]►IronCurtainDuration,0,,SuperWeaponTypes,"The length the protection effect endures. Defaults to [General]►ForceShieldDuration for ForceShield, to [CombatDamage]►IronCurtainDuration otherwise."
Protect.PowerOutage,String,-1,Protect.PowerOutage,掐电时间。护盾默认[General]►ForceShieldBlackoutDuration，其他0,0,,SuperWeaponTypes,"The length the owning player will experience a power outage after firing this super weapon. Defaults to [General]►ForceShieldBlackoutDuration for ForceShield, to 0 otherwise."
Protect.PlayFadeSoundTime,String,-1,Protect.PlayFadeSoundTime,消失声音在彻底消失之前若干帧开始播放[SuperWeapon]►SpecialSound，必须小于Protect.Duration。护盾默认[General]►ForceShieldPlayFadeSoundTime，其他0,0,,SuperWeaponTypes,"This many frames before the protection effect ends the [SuperWeapon]►SpecialSound is played. Must be lower than Protect.Duration. Defaults to [General]►ForceShieldPlayFadeSoundTime for ForceShield, to 0 otherwise."
SW.Range,String,-1,SW.Range,"效果半径，如果设置了Mutate.Explosion=yes 那么不会使用这个而是转用弹头。默认3,3",0,,SuperWeaponTypes,"Range affected by the chronoshift. Defaults to 3,3."
SW.Damage,String,-1,SW.Damage,杀伤数值，只有设置了Mutate.Explosion=yes才会使用。默认10000,0,,SuperWeaponTypes,The amount of damage that will be dealt by the warhead.
SW.AnimationHeight,String,-1,SW.AnimationHeight,该动画的高度。默认5,0,,SuperWeaponTypes,How high above the target cell to display the animation.
哼哼哼啊啊啊啊,String,-1,哼哼哼啊啊啊啊,AI瞄准方式，默认GeneticMutator,0,,SuperWeaponTypes,
SW.AffectsHouse,String,-1,SW.AffectsHouse,基因突变影响的所属方，需要 Mutate.Explosion=no。默认 all,0,,SuperWeaponTypes,Specifies the houses affected by the chronoshift. Defaults to all.
SW.AffectsTarget,String,-1,SW.AffectsTarget,基因突变应当设定只能影响 land 或water 的目标，不能写单位名称，如果 Mutate.Explosion=yes 则忽略该设置。默认all 特殊值：,0,,SuperWeaponTypes,"Specifies which types the chronoshift affects. Defaults to infantry,units. Note Please note that buildings with Chronoshift.IsVehicle=yes are considered units and not buildings, if Chronosphere.ReconsiderBuildings=yes is set."
哼哼哼啊啊啊啊,String,-1,哼哼哼啊啊啊啊,默认AI瞄准类型为ParaDrop 旧式空降只能用步兵，坦克填写进去的话会强制用一个步兵类型单位，要有效降坦克，必须用ARES专用代码。 不定义类型的话，会用国家和阵营的设定。旧版INI只支持三阵营和美国的默认步兵设定，要降坦克必须用ARES代码重设定，原版的四类全局代码可以删除，改成阵营局部设定。原版删除会IE，最新版本ARES可以放心删。 特殊值：,0,,SuperWeaponTypes,
ParaDrop.Num,String,-1,ParaDrop.Num,每个单位的数量。对于Type=AmerParaDrop默认AmerParaDropNum=,0,,SuperWeaponTypes,The quantity of each corresponding unit (listed against ParaDrop.Types) that will be paradropped. Defaults to the corresponding side’s ParaDrop.Num=.
ParaDrop.Count,String,-1,ParaDrop.Count,飞机数目默认1，可以一架飞机抛下一串，而不是原版那样每类兵种一架飞机，也可以单独设定超武的每一个飞机 以下标签用于ParaDrop.Count>=2的情况 [SuperWeapon]►ParaDrop.ID.PlaneX.*= ID 是国家或阵营名 ，如果要为所有阵营设置，ID部分不用写 X 是正整数，针对从2到 Count指定值的飞机单独设置。第一架飞机不需要用 PlaneX *代表上面的Types、Num、Aircraft这些 [SuperWeapon]►ParaDrop.Country.PlaneX.*=国家设定 [SuperWeapon]►ParaDrop.Side.PlaneX.*=阵营设定X [SuperWeapon]►ParaDrop.PlaneX.*= 超武默认飞机X [SuperWeapon]►ParaDrop.Country.*= 国家默认飞机X [SuperWeapon]►ParaDrop.Side.*= 阵营默认飞机X [SuperWeapon]►ParaDrop.*= 超武的默认飞机 [Country]►ParaDrop.*=国家默认飞机 [Side]►ParaDrop.*= 阵营默认飞机 [General]►*=全局默认飞机 这Ares官方的写法还真是…… 例如： ParaDrop.Russians.Plane3.Types=BORIS 用于设置Russians国家第3架飞机的内容为BORIS ParaDrop.Nod.Aircraft=SPLANE 用于设置Nod(原版苏军)阵营的飞机类型使用SPLANE 这个功能就是同一个超武根据使用的国家和阵营不同使用不同的数量或类型的飞机投下不同的单位 写个示例吧，比如说 Type=ParaDrop ParaDrop.Count=3 ParaDrop.GDI.Aircraft=ORCA ParaDrop.GDI.Types=MTNK ParaDrop.GDI.Num=2 ParaDrop.GDI.Plane2.Aircraft=ORCA ParaDrop.GDI.Plane2.Types=MTNK ParaDrop.GDI.Plane2.Num=2 ParaDrop.GDI.Plane3.Aircraft=PDPLANE ParaDrop.GDI.Plane3.Types=SREF ParaDrop.GDI.Plane3.Num=1 ParaDrop.Alliance.Aircraft=ORCA ParaDrop.Alliance.Types=MTNK ParaDrop.Alliance.Num=1 ParaDrop.Alliance.Plane2.Aircraft=BEAG ParaDrop.Alliance.Plane2.Types=SREF ParaDrop.Alliance.Plane2.Num=1 ParaDrop.Alliance.Plane3.Aircraft=PDPLANE ParaDrop.Alliance.Plane3.Types=MGTK ParaDrop.Alliance.Plane3.Num=1 ParaDrop.Nod.Aircraft=PDPLANE ParaDrop.Nod.Types=HTNK ParaDrop.Nod.Num=3 ParaDrop.Nod.Plane2.Aircraft=PDPLANE ParaDrop.Nod.Plane2.Types=HTNK ParaDrop.Nod.Plane2.Num=3 ParaDrop.Nod.Plane3.Aircraft=PDPLANE ParaDrop.Nod.Plane3.Types=HTNK ParaDrop.Nod.Plane3.Num=3 盟军第一架飞机是入侵者第二架飞机是入侵者第三架是运输机，然后投下2*灰熊，2*灰熊，1*光棱 韩国第一架飞机是入侵者第二架飞机用的黑鹰第三架是运输机，然后投下1*灰熊，1*光棱，1*幻影 苏军第一架飞机是运输机第二架飞机也是运输机第三架还是它，然后投下3*犀牛，3*犀牛，3*犀牛 你也可以上面的GDI/Alliance/Nod还是Plane1/2全都不写，不写就是所有阵营所有运输机通用同一套数据不做区分 Type=ParaDrop和Type=AmerParaDrop只有一些默认值的区别，AI都会使用。,0,,SuperWeaponTypes,This controls how many planes should be send to drop paratroopers. Defaults to 1.
哼哼哼啊啊啊啊,String,-1,哼哼哼啊啊啊啊,AI 瞄准方式，默认 ParaDrop 特殊值:,0,,SuperWeaponTypes,
SpyPlane.Count,String,-1,SpyPlane.Count,数量,0,,SuperWeaponTypes,The number of spy planes to be sent out. Defaults to 1.
SW.Range,String,-1,SW.Range,使用-1的时候直接开全图，并且不需要手动选择目标，点击图标自动发射。,0,,SuperWeaponTypes,"Range affected by the chronoshift. Defaults to 3,3."
哼哼哼啊啊啊啊,String,-1,哼哼哼啊啊啊啊,AI 瞄准方式，默认 ParaDrop,0,,SuperWeaponTypes,
SW.Range,String,-1,SW.Range,作用效果的范围，-1 代表全图，且点击图标立即发射无需瞄准，默认 10,0,,SuperWeaponTypes,"Range affected by the chronoshift. Defaults to 3,3."
哼哼哼啊啊啊啊,String,-1,哼哼哼啊啊啊啊,AI 瞄准方式，默认 Stealth,0,,SuperWeaponTypes,
SW.AffectsHouse,String,-1,SW.AffectsHouse,受影响的所属方，默认 enemies,0,,SuperWeaponTypes,Specifies the houses affected by the chronoshift. Defaults to all.
SW.AffectsTarget,String,-1,SW.AffectsTarget,受影响的类型、需要点击的类型，均默认 water，即水上的目标 特殊值：,0,,SuperWeaponTypes,"Specifies which types the chronoshift affects. Defaults to infantry,units. Note Please note that buildings with Chronoshift.IsVehicle=yes are considered units and not buildings, if Chronosphere.ReconsiderBuildings=yes is set."
SW.RequiresTarget,String,-1,SW.RequiresTarget,受影响的类型、需要点击的类型，均默认 water，即水上的目标 特殊值：,0,,SuperWeaponTypes,"Specifies which types the protection can be fired upon. Defaults to buildings for ForceShield, to all otherwise."
SW.AIRequiresTarget,String,-1,SW.AIRequiresTarget,受影响的类型、需要点击的类型，均默认 water，即水上的目标 特殊值：,0,,SuperWeaponTypes,"Specifies where AI players can fire the sonar at, which excludes land by default. Defaults to water."
SonarPulse.Delay,String,-1,SonarPulse.Delay,被影响到的目标强制解除隐身多少帧，默认60,0,,SuperWeaponTypes,The duration that the decloak effect will last. Defaults to 60.
SW.Damage,String,-1,SW.Damage,杀伤数值,0,,SuperWeaponTypes,The amount of damage that will be dealt by the warhead.
哼哼哼啊啊啊啊,String,-1,哼哼哼啊啊啊啊,默认 Offensive 如果要让超武正常杀伤发射建筑就别忘了给建筑设置DamageSelf=yes（就像核弹井）,0,,SuperWeaponTypes,
SW.Deferment,String,-1,SW.Deferment,单位丢上来之前的延迟，默认20,0,,SuperWeaponTypes,Defaults to [General]►LightningDeferment.
哼哼哼啊啊啊啊,String,-1,哼哼哼啊啊啊啊,AI怎么用，注意这里面有些使用的是触发条件式的机制，它们在用于 SW.UseAITargeting 的超武时会点击立即发射而无视条件,0,,SuperWeaponTypes,
Deliver.Owner,String,-1,Deliver.Owner,丢出来的单位归属谁。默认超武调用者,0,,SuperWeaponTypes,"The country the delivered units will belong to. invoker is the player who fired the super weapon, civilian is the first country of the side named Civilian, special is the country named Special and neutral is the country named Neutral. Defaults to invoker."
SW.MaxCount,String,-1,SW.MaxCount,当拥有多个发射建筑时，一次能够发射最多几个狩猎者，例如设置为5时即使你有10座发射建筑，一次也只能发射最多5个，低于5个发射建筑还是以发射建筑数量为准发射相同数量的狩猎者。默认为1,0,,SuperWeaponTypes,The maximum number of cannons firing. Set to negative values for unlimited cannons. Defaults to 1.
哼哼哼啊啊啊啊,String,-1,哼哼哼啊啊啊啊,默认NoTarget,0,,SuperWeaponTypes,
SW.AffectsHouse,String,-1,SW.AffectsHouse,默认enemies,0,,SuperWeaponTypes,Specifies the houses affected by the chronoshift. Defaults to all.
SW.AffectsTarget,String,-1,SW.AffectsTarget,默认all,0,,SuperWeaponTypes,"Specifies which types the chronoshift affects. Defaults to infantry,units. Note Please note that buildings with Chronoshift.IsVehicle=yes are considered units and not buildings, if Chronosphere.ReconsiderBuildings=yes is set."
哼哼哼啊啊啊啊,String,-1,哼哼哼啊啊啊啊,默认DropPod,0,,SuperWeaponTypes,
DropPod.Veterancy,String,-1,DropPod.Veterancy,出来的兄贵等级，这个值可以取0.0到[General]►VeteranCap定义的值。默认2.0（老兵）,0,,SuperWeaponTypes,"The veterancy level the units will start with, if they do not have a higher initial rank already. Values between 0.0 and [General]►VeteranCap are valid. Defaults to 2.0 (elite)."
DropPod.Minimum,String,-1,DropPod.Minimum,丢下来的套子的最小数量。默认[General]►DropPodMinimum,0,,SuperWeaponTypes,The minimum number of Drop Pods being created. Defaults to [General]►DropPodMinimum.
DropPod.Maximum,String,-1,DropPod.Maximum,丢下来的套子的最大数量。默认[General]►DropPodMaximum 这个超武必须放在空地上才能让部队有效着陆，如果释放失败，没有释放出去的部队将会储存到下一次空降仓内。,0,,SuperWeaponTypes,The maximum number of Drop Pods being created. Defaults to [General]►DropPodMaximum.
SW.RangeMinimum,String,-1,SW.RangeMinimum,攻击最小范围。默认0.0，禁用检查，负值使用武器自身的 MinimumRange,0,,SuperWeaponTypes,"The minimum range below which a cannon is not eligible to fire. Set to negative values to use each cannon’s primary weapon’s minimum range. Defaults to 0.0, which disables the check."
SW.RangeMaximum,String,-1,SW.RangeMaximum,最大范围。默认-1.0，无限大 AI无视范围设定,0,,SuperWeaponTypes,The maximum range above which a cannon is not eligible to fire. Set to negative values to use the each cannon’s primary weapon’s range. Defaults to -1.0.
SW.MaxCount,String,-1,SW.MaxCount,发射武器的最大数量，负数即有无限发，这里代表可以调起的炮台数量。默认1,0,,SuperWeaponTypes,The maximum number of cannons firing. Set to negative values for unlimited cannons. Defaults to 1.
哼哼哼啊啊啊啊,String,-1,哼哼哼啊啊啊啊,默认AI不会用，Ares官方推荐给EMPulse.TargetSelf=yes的写NoTarget来让AI会用 特殊值：,0,,SuperWeaponTypes,
EMPulse.PulseDelay,String,-1,EMPulse.PulseDelay,发射前的延迟，在炮台转向并开始播放EMPulse.PulseBall的动画之后开始计算，默认32。 发射表现为EMP炮瞄准目标并转向，炮口产生准备动画，然后发射出一个炮弹打击指定地点，该建筑实际上没有真正地开火，武器的效果也是无效的 如果EMPulse.TargetSelf=yes，一个炮弹会立即引爆在所有EMP炮的位置，当然这些建筑实际上同样没有真正地开火，对应的EBolt等武器特效无法绘制 如果建筑有EMPulseCannon=no被放进EMPulse.Cannons，这个建筑会很正常地发射它的主武器，不需要充能和检测发射范围，并且正常绘制EBolt等特效 如果想要建筑航母发射子机则建筑上EMPulseCannon必须为no同时限制主动寻敌／反击来模拟EMPulseCannon=yes的效果 否则被超武上的EMPulse.Cannons拉起时无法正常使用子机发射器生成子机来攻击。对于驻军等可切换武器的建筑使用当前武器响应EMPulse.Cannons拉起的攻击指令,0,,SuperWeaponTypes,"The delay before firing, but after the cannon rotated towards the target and started the EMPulse.PulseBall animation. Defaults to 32."
哼哼哼啊啊啊啊,String,-1,哼哼哼啊啊啊啊,默认为LowPower。 特殊值：,0,,SuperWeaponTypes,
Battery.Power,String,-1,Battery.Power,当启动时，会给所属方提供多少电力，默认0,0,,SuperWeaponTypes,The amount of auxiliary power given to a house while the super weapon is active. The power is not provided by any particular building and will thus be constant even if the base is heavily damaged. Defaults to 0.
SpyPlane.Mission,String,-1,SpyPlane.Mission,执行任务(Guard、Attack、Move等)。默认SpyPlane_Approach,0,Mission,SuperWeaponTypes,"The mission that the aircraft will be sent on (Guard, Attack, Move, etc). Defaults to SpyPlane Approach."
SW.RequiredHouses,String,-1,SW.RequiredHouses,这个超武归属于那个国家。,0,,SuperWeaponTypes,"Specifies the houses that have access to this super weapon. All other houses are forbidden from using it, and it will not become available for them. Defaults to all houses."
SW.ForbiddenHouses,String,-1,SW.ForbiddenHouses,哪些国家不能用这个超武。 玩家限制 如果所属方不能使用超武，则既不会显示图标也不会显示倒计时,0,,SuperWeaponTypes,"Specifies the houses that can never obtain this super weapon. All other houses are not denied access to it, but they also have to satisfy the SW.RequiredHouses settings for it to become available. Defaults to none."
Message.Detected,String,-1,Message.Detected,超武建筑建造时提示的警告,0,,SuperWeaponTypes,Message displayed to every player the moment the super weapon building is detected.
Message.Ready,String,-1,Message.Ready,就绪,0,,SuperWeaponTypes,Message displayed to the firing player when the super weapon becomes ready to launch.
Message.Launch,String,-1,Message.Launch,发动,0,,SuperWeaponTypes,Message displayed to every player the moment the super weapon is launched.
Message.Activate,String,-1,Message.Activate,该超武产生效果时的提示文本，如闪电风暴发动后过一段时间实际生效时会播放的那条,0,,SuperWeaponTypes,Message displayed to every player the moment a deferrable super weapon is activated.
Message.Abort,String,-1,Message.Abort,同类超舞已发动,0,,SuperWeaponTypes,Message displayed to the firing player if the super weapon cannot be fired right now because another super weapon is active.
Message.InsufficientFunds,String,-1,Message.InsufficientFunds,钱不够,0,,SuperWeaponTypes,Message displayed if the firing player doesn’t have enough money to launch this super weapon.
Message.CannotFire,String,-1,Message.CannotFire,当玩家依靠AITargeting发射超武失败时，显示此信息。默认MSG:CannotFire 图标文本设定 显示超舞状态的CSF。,0,,SuperWeaponTypes,Message displayed to the owning player if firing a super weapon using AITargeting fails. Defaults to MSG:CannotFire.
Text.Hold,String,-1,Text.Hold,受电力影响而无法使用时的文本,0,,SuperWeaponTypes,Overlay displayed in case this super weapon is powered and can’t currently charge because the building is shut down.
Text.Ready,String,-1,Text.Ready,充能完毕已经可以发射时的文本,0,,SuperWeaponTypes,Overlay displayed in case this super weapon is fully charged and ready to be launched.
Text.Charging,String,-1,Text.Charging,长效超武正在充能过程中的文本,0,,SuperWeaponTypes,"Overlay displayed in case this super weapon has UseChargeDrain=yes set and can be fired, but it isn’t fully charged yet."
Text.Active,String,-1,Text.Active,长效超武已经激活耗能时的文本,0,,SuperWeaponTypes,Overlay displayed in case this super weapon has UseChargeDrain=yes set and is currently enabled and draining.
Text.Preparing,String,-1,Text.Preparing,前四个全都不使用时显示的文本 相当于非长效超武充能过程文本 超级武器全局光,0,,SuperWeaponTypes,"Overlay displayed in case none of the above texts are shown for this super weapon. That is, for example, charging for super weapons not using charge drain."
Text.Ready,String,-1,Text.Ready,默认TXT_RELEASE 特殊值：,0,,SuperWeaponTypes,Overlay displayed in case this super weapon is fully charged and ready to be launched.
Message.Color,String,-1,Message.Color,指定颜色，若有Message.FirerColor=yes则无效,0,,SuperWeaponTypes,"If set, messages are always displayed in this color scheme instead of the player’s color scheme. This is not respected if Message.FirerColor=yes is set."
AttachEffect.Duration,String,-1,AttachEffect.Duration,属性持续时间，默认为0，常用-1表示无限，对应的DeploysInto等行为动画会被继承 单位上Duration为正数的AE在Duration结束后会自动重新获得，对应的动画会被重置 也就是如果Duration不是动画播放帧数的整数倍的话那么AE动画会播放到一半突然重置,0,,,The duration of the effect in frames. Use -1 for infinite duration. Defaults to 0.
AttachEffect.SpeedMultiplier,String,-1,AttachEffect.SpeedMultiplier,速度加成，对Foot和Mech两种运动模式的单位负值可真正跨越正负,0,,,Speed bonus while the AttachEffect lasts. Defaults to 1.0.
AttachEffect.ArmorMultiplier,String,-1,AttachEffect.ArmorMultiplier,装甲加成，即所受杀伤在原有计算所得的结果后除以该值，向下取整，也就是除完<1直接按0算,0,,,Armor bonus while the AttachEffect lasts. Defaults to 1.0.
AttachEffect.FirepowerMultiplier,String,-1,AttachEffect.FirepowerMultiplier,伤害加成，正伤害可以跨正负变为治疗且不影响索敌，但Damage与Versus任意或均为负无法无法通过该语句跨越正负,0,,,"Firepower bonus while the AttachEffect lasts. Defaults to 1.0. Note Mind that this works fundamentally differently from the other effects, which are applied the instant they are needed (like a firepower for a bullet impacting) as long as the effect is active: the reload time is computed once when the reloading starts, but the modified reloading time may take longer than the attached effect lasts. For instance, a unit that was struck with an effect slowing down the ROF extremely might thus render the unit unable to fire way longer than the AttachEffect is active, because the reload timer will not speed up again when the effect expires."
AttachEffect.ROFMultiplier,String,-1,AttachEffect.ROFMultiplier,ROF的因数，就像国家设置里的那样。被影响的单位的攻击间隔会乘以这里指定的数值，默认1.0。 须注意，ROF数值并不是实时影响，仅在开火时赋予。因此如果一个单位处于该状态时开火，在状态结束后ROF不会对应变化。 比如设置AE效果ROF2倍，一个ROF为15的单位的ROF将会变为30，而开火后的瞬间AE效果消失了，但ROF仍然会按照30计算，不会对应缩短为15。,0,,,Rate of fire bonus while the AttachEffect lasts. Defaults to 1.0.
SolidLevel,String,-1,SolidLevel,这个抛射体所能承受的坚固程度，如果这个值高于或等于建筑的坚固程度，那么这个单位将会直接对建筑后的目标进行攻击，首先摧毁障碍再说，如果低于建筑的坚固等级，那么就不能开火，必须绕过建筑进行攻击，默认0 对承受者的设定,0,,Projectiles,"The highest level of solidity this projectile will consider as easily destructible when targeting. If a Solid Building with a solidity level of this or lower is in the way to the actual target, the unit will fire anyhow, first destroying all obstacles. If it is lower than the building’s level, then the unit cannot fire and has to reposition itself. Defaults to 0. Note Certain drawing effects like lasers will be drawn as if they have hit the actual target when in fact the Solid Building was hit and took the damage. This graphical glitch might be resolved in the future."
AnimLength,String,-1,AnimLength,抛射体每面的动画长度，该抛射体需要Rotates=yes。默认1 注意，AnimRate不能用0，否则IE。,0,,Projectiles,"The number of frames the animation for each facing has. Playback speed is one frame every AnimRate frames. The animation is not guaranteed to play from the first frame on. Defaults to 1. Note AnimRate cannot be 0, or a division by zero will crash the game once a projectile of this type is fired."
BallisticScatter.Min,String,-1,BallisticScatter.Min,散布最小范围。默认0。,0,,Projectiles,
BallisticScatter.Max,String,-1,BallisticScatter.Max,散布最大范围。默认[CombatDamage]►BallisticScatter=的值。 Inviso抛射体的FlakScatter不受影响，若要使上面两句作用于其则需要DevBuild#34及以上版本的Phobos，参见 自定义FlakScatter距离。,0,,Projectiles,
RetargetAccuracy,String,-1,RetargetAccuracy,分裂出来的子武器攻击原定目标的概率。有效值为0到1之间。值越高，越倾向攻击原定目标 默认0，一定会重新选择目标（如果该区域只有这一个单位那么还是会攻击这个单位）,0,,Projectiles,
AirburstSpread,String,-1,AirburstSpread,空爆覆盖半径，向这个范围内的每个格子发射一枚子武器，默认1.5（3x3）。不能和分裂逻辑混用。 弹头,0,,Projectiles,
DamageRange,String,-1,DamageRange,伤害范围，如果低于或等于0.0，所有在Gas粒子所在单元格上的单位都会受到影响，每个单位都只受到一次影响。默认0.0,0,,Particles,"The particle damage is applied to all objects in this range around the gas particle. If less or equal to 0.0, all objects in the cell the gas particle is on are affected. Each object is affected at most once. Defaults to 0.0."
Palette,String,-1,Palette,默认ANIM.PAL 在RULES里指定 ，在RULES里指定，在RULES里指定,0,,Particles,The palette used to draw an image particle of this type. Defaults to ANIM.PAL.
TogglePower,String,-1,TogglePower,定义这个等级的 AI 会切换电源，默认 -1,0,,IQ,Defines the IQ rating with which an AI player will toggle power of buildings in low power situations. Values less than 0 deactivate this logic. Defaults to -1.
VehicleThief.KillPilots,String,-1,VehicleThief.KillPilots,劫车犯偷装人的车能够杀死多少人，-1 为杀死全部人，默认为 0,0,,InfantryTypes,The number of pilots the vehicle thief kills when entering a unit. These pilots will have no chance to escape the unit when it is destroyed. Use -1 to kill all pilots. In Tiberian Sun the hijacker will prevent any crew from escaping a destroyed vehicle. Defaults to 0.
EngineerCaptureLevel,String,-1,EngineerCaptureLevel,建筑在血量低于百分之多少后才能被工程师直接占领，在这之前每次进入工程师都会造成伤害,0,,,If the building’s health is equal to or below this percentage of its strength it can be captured by an engineer instead of being damaged. Defaults to 1.0.
EngineerDamage,String,-1,EngineerDamage,工程师进入一个血量还不够低以至于无法直接占领的建筑时每进去一个工程师将目标建筑的血量减少百分之多少 通常不会比上一条更高，否则会存在一个血量区间，在该区间内工程师会直接炸掉建筑,0,,,If the building cannot be captured the engineer will damage it by this amount of its full health. Defaults to 0.0.
TogglePowerDelay,String,-1,TogglePowerDelay,切换电源的延迟，默认 45,0,,,Defines the delay between power checks. This makes AI players not respond immediately to power level changes. Values less than 0 deactivate this logic. Defaults to 45.
AIFriendlyDistance,String,-1,AIFriendlyDistance,这个数值用于给AI在友军基地附近聚集单位。默认[General]►AISafeDistance=的值 科技类型通用,0,,,Cell distance the AI will use for gathering outside the owning player’s base using script action 54. Defaults to [General]►AISafeDistance.
CloakHeight,String,-1,CloakHeight,在该高度及以下才能被隐形发生器隐形 默认为[General]►HoverHeight的值（悬浮单位高度） Ares官方：YR中默认为0 YR原本为0指原本只有贴着地面的单位才可以被隐形发生器隐形而Locomotor为Hover的悬浮载具不贴地所以无法隐形，Ares更改了这一设置并允许分离定义高度值 隐形声音,0,,,The height below which units are cloaked by Cloak Generator buildings. Units above this height will not be affected (though they can still self-cloak). Defaults to [General]►HoverHeight. Note Yuri’s Revenge defaulted to 0.
Degrade.Percentage,String,-1,Degrade.Percentage,损伤持续到建筑总血量的百分之几，1为不会损伤，0为损伤到建筑摧毁。默认黄血就停止损伤，即[AudioVisual]►ConditionYellow,0,,,The health above which this building will continue to degrade during low power situations. Buildings with health equal to or below this will not degrade further. Defaults to [AudioVisual]►ConditionYellow.
TiberiumHeal,String,-1,TiberiumHeal,每多少分钟回血。默认1.13333，即68秒 治疗对象 升级能力设定里有TIBERIUM_HEAL的单位可以被治疗,0,,,The interval between healing steps being applied in minutes. Defaults to 1.13333 (once each 68 seconds).
TiberiumTransmogrify,String,-1,TiberiumTransmogrify,一个因泰矿伤害而死的单位转化为[General]►SmallVisceroid的概率。默认值为0。 然而由于原版全局有从 TS 遗留下来的 [General]►TiberiumTransmogrify=40，因此单纯在原版上加装 Ares 会使用该值并使得概率为 40% 而不是默认的 0。,0,,,
OverlayExplodeThreshold,String,-1,OverlayExplodeThreshold,伤害高于这个值才会产生矿爆，默认0 超级武器,0,,,"Only if the damage to a cell is higher than this does an overlay with Explodes=yes explode. Below this value, the overlay stays intact. Defaults to 0."
DamageToFirestormDamageCoefficient,String,-1,DamageToFirestormDamageCoefficient,这个值乘以火风暴对单位造成的伤害将会反映到火风暴的持续时间，换句话说就是火风暴将会减少使用时间当火风暴摧毁单位的时候，这个值越高，火风暴摧毁单位后减少的持续时间越多。默认0.0，摧毁单位时不会减少持续时间。不过原版全局有从 TS 里遗留下来的 DamageToFirestormDamageCoefficient=0.1 以下4条语句用来定义火风暴的动画：,0,,,"The multiplier for the damage dealt to active Firestorm Walls to convert hitpoints to frames to subtract from the Firestorm Defense Super Weapon’s change time. Higher values reduce remaining active time faster. Defaults to 0.0. Note Tiberian Sun defaulted to 0.1, but Ares did not have this feature and just nullified all damage. This is what a value of 0.0 still does."
HunterSeekerDetonateProximity,String,-1,HunterSeekerDetonateProximity,能够杀伤目标的距离，单位是leptons。默认0，TS里是150,0,,,
HunterSeekerDescendProximity,String,-1,HunterSeekerDescendProximity,"距离目标多远时狩猎者开始下降，单位是leptons。默认0, TS里是700",0,,,
HunterSeekerAscentSpeed,String,-1,HunterSeekerAscentSpeed,当升到一个更高的飞行高度时的速度。默认0，TS里是40,0,,,
HunterSeekerDescentSpeed,String,-1,HunterSeekerDescentSpeed,当降到一个更低的飞行高度时的速度。默认0，TS里是50,0,,,
HunterSeekerEmergeSpeed,String,-1,HunterSeekerEmergeSpeed,从发射设施发出时的速度。默认0，TS里是6 狩猎者单位微观设置 以下值覆盖全局值,0,,,
DropPodMinimum,String,-1,DropPodMinimum,丢下来的套子的最小数量。默认0，火风暴资料片里是5,0,,,
DropPodMaximum,String,-1,DropPodMaximum,丢下来的套子的最大数量。默认0，火风暴资料片里是8 更多关于空降仓的设定请参考超武部分,0,,,
Degrade.AmountNormal,String,-1,Degrade.AmountNormal,电力充足时损伤伤害，默认0,0,,,The damage caused to buildings with Power equal to or greater than 0 in low power situations. Defaults to 0.
Degrade.AmountConsumer,String,-1,Degrade.AmountConsumer,电力不足时损伤伤害，默认1 微观设置,0,,,The damage caused to buildings with Power less than 0 in low power situations. Defaults to 1.
Message.SilosNeeded,String,-1,Message.SilosNeeded,矿满的时候出现CSF提示 PipScale=Tiberium 储藏的矿石将以一个特定的PipScale表现出来。储藏矿石的建筑将通过格子显示当前有多少被占据的空间，并将其与该建筑的总格数进行直观对比。矿石将显示为黄色，彩色矿石则是蓝色。 若要将该逻辑用于带有Refinery=yes或ResourceDestination=yes的建筑上，你还需要添加Refinery.UseStorage=yes。这个条件之所以被添加，是因为如果没有的话，游戏会自动让所有未被修改过的矿石精炼厂都带有相应的PipScale。 流程 1.游戏规定一个玩家所持有现金的最大数额Cmax，玩家的游戏开局资金不计入其中。设每一座储藏井的储藏量为C0。 2.玩家建设一座启用储藏逻辑的精炼厂。 3.采矿车采矿完毕，到精炼厂进行精炼。设精炼开始前玩家现金数额为C，采矿车所提供的矿石价值为C1。 4.若C+C1＞Cmax，且玩家有多余的储藏空间，则玩家在精炼完成时的现金数额将达到Cmax，同时游戏自动将矿石按照比例储藏于精炼厂内；若无多余储藏空间，则发出提示EVA_SilosNeeded。（相当于你的额外部分矿石作废） 5.若C+C1≤Cmax，则玩家在精炼完成时的现金数额将达到C+C1，此时储藏空间将不会发生变化。 6.当玩家已建设n座精炼厂/储藏井时，其当前所持现金的最大数额将增长到Cmax+n*C0。,0,,,"Set this to a text that shall be printed whenever the Silos Needed warning occurs. You cannot unset this later. If you want to disable this message in a game mode or map, you will have to a label of an empty text. Defaults to no message."
RandomCrateMoney,String,-1,RandomCrateMoney,一个随机数从0到该语句设置的值将加到钱箱给定的基本数值，设置0将不会产生随机数，永远是钱箱给定的数值。默认900,0,,,"A random money amount between 0 and this value is added on money crate bonuses. To make the granted money amount deterministic, set this to 0. Defaults to 900."
BerserkROFMultiplier,String,-1,BerserkROFMultiplier,全局开火速度倍数，越小越快。默认0.5，即开火速度快两倍,0,,,The multiplier applied to the reloading time when a unit is berserking. Smaller means shorter reloading and faster firing. Defaults to 0.5.
EMPAIRecoverMission,String,-1,EMPAIRecoverMission,当 AI 的单位被 EMP，等 EMP 解除后执行的任务。默认 Hunt。,0,Mission,,The mission units controlled by the AI will go onto when an EMP effect expires. Defaults to Hunt.
EnemyUIName,String,-1,EnemyUIName,非友方看该建筑时显示这个名称，而不是真实名称。 从 Phobos Build#27 版本开始已经支持全 TechnoType 使用,0,,BuildingTypes,"Optional name used for enemy buildings. Observers, allies, and players who infiltrated the building will see the real name defined by UIName, all other players will see this name. Note This tag is currently limited to BuildingTypes. It might be expanded to other TechnoTypes in the future."
Crew.EngineerChance,String,-1,Crew.EngineerChance,占有者逃出工程师的几率（代替一般逃兵），正常情况下被占领建筑绝对不会出工程师除非加上这个语句，默认Factory=BuildingType类建筑是25（25％），其他都是0,0,,BuildingTypes,"The chance the owning side’s Engineer is spawned instead of an ordinary crew member. If the building has been captured, engineers are not allowed to be spawned regardless of this setting. Defaults to 25 if Factory=BuildingType, to 0 otherwise."
Academy.InfantryVeterancy,String,-1,Academy.InfantryVeterancy,拥有这样的建筑后新生产的步兵以及带有 Organic=yes 的载具得到多少经验,0,,BuildingTypes,The veterancy bonus to grant to any InfantryType or any Organic=yes VehicleType if a player owns one of these buildings. Defaults to 0.0.
Academy.AircraftVeterancy,String,-1,Academy.AircraftVeterancy,拥有这样的建筑后新生产的战机以及带有 ConsideredAircraft=yes 的载具得到多少经验,0,,BuildingTypes,The veterancy bonus to grant to any AircraftType or any ConsideredAircraft=yes VehicleType if a player owns one of these buildings. Defaults to 0.0.
Academy.VehicleVeterancy,String,-1,Academy.VehicleVeterancy,拥有这样的建筑后新生产的载具得到多少经验,0,,BuildingTypes,The veterancy bonus to grant to any VehicleType with Organic=no and ConsideredAircraft=no if a player owns one of these buildings. Defaults to 0.0.
Academy.BuildingVeterancy,String,-1,Academy.BuildingVeterancy,拥有这样的建筑后新生产的建筑得到多少经验 以下语句可以用来指定部分单位得到训练所的影响，不写的话就是默认 none，效果为全部可受影响,0,,BuildingTypes,The veterancy bonus to grant to any BuildingType if a player owns one of these buildings. Defaults to 0.0.
LightningRod.Modifier,String,-1,LightningRod.Modifier,被雷击的伤害百分比,0,,BuildingTypes,"Buildings with LightningRod=yes set being hit by lightning get the damage multiplied by this value. Values less than 1.0 reduce damage, larger values increase the damage. Defaults to 1.0."
Degrade.Percentage,String,-1,Degrade.Percentage,损伤持续到多少停止。默认[General]►Degrade.Percentage,0,,BuildingTypes,"The percentage of health this building will degrade to in low power situations. A value of 1.0 will not degrade this building, a value of 0.0 will make it degrade till complete destruction. Defaults to [General]►Degrade.Percentage."
BuildupTime,String,-1,BuildupTime,建筑物的拔起所需时间。默认[General]►BuildupTime. 注意：建筑物仍会在被放置下来的一瞬间就可以工作，而不是完全建成之后。,0,,BuildingTypes,"The time the buildup animation plays regardless of the number of frames. Defaults to [General]►BuildupTime. Note Note that certain building functions still become available immediately after being placed, not only after being fully constructed."
SellTime,String,-1,SellTime,与建造时间相似不过是在变卖的时候用的。默认BuildupTime.,0,,BuildingTypes,Analogous to BuildTime when a building is sold. Defaults to BuildupTime.
PrismForwarding,String,-1,PrismForwarding,决定此建筑是否可以递光。 PrismForwarding= forward 代表此建筑可以为其他建筑递光，但自身不能接受递光。 PrismForwarding= attack 代表此建筑可以接受递光，但自身不能为其他建筑递光。 PrismForwarding= yes 代表此建筑具备完整的递光功能 - 既可以递光也可以接受递光。 PrismForwarding= no 代表此建筑不启动递光逻辑。 [General]►PrismType=的建筑默认yes，其他建筑默认no。,0,,BuildingTypes,"Specifies whether or not this building is a Prism Tower. PrismForwarding=forward means that this building can support other towers but cannot attack as a Prism Tower. PrismForwarding=attack means that this building can attack as a Prism Tower but cannot support other towers. PrismForwarding=yes means that this building is a fully fledged Prism Tower - it can support other towers or attack. PrismForwarding=no means that this building is not a Prism Tower and will not be included in any prism networks. Defaults to yes for the building specified by [General]►PrismType, defaults to no for all other buildings."
PrismForwarding.MaxFeeds,String,-1,PrismForwarding.MaxFeeds,最大支援数量，-1表示无限制，默认[General]►PrismSupportMax=的值,0,,BuildingTypes,The maximum number of slave (support) towers that can feed directly into this one (i.e. adjacent towers). -1 means no limit. Defaults to [General]►PrismSupportMax.
PrismForwarding.MaxChainLength,String,-1,PrismForwarding.MaxChainLength,反向连接数量，-1表示无限制，默认1，如果要达到上图效果就要设置3,0,,BuildingTypes,"The maximum number of backward links that can precede this tower. -1 means no limit. Default is 1. In order to achieve what is shown in the pre-release screenshot above, you would need to set this to at least 3."
PrismForwarding.MaxNetworkSize,String,-1,PrismForwarding.MaxNetworkSize,如果开火中的塔超过支援的塔，这个标签表示在递光网络的总数，不包括开火中的塔，默认[General]►PrismSupportMax=的值,0,,BuildingTypes,"If this is the firing tower then PrismForwarding.MaxNetworkSize is the total number of towers allowed in the prism network, not including the firing tower itself. Only the firing tower dictates the maximum network size, regardless of what other tower types may be included in the network. -1 means no limit. Defaults to [General]►PrismSupportMax."
PrismForwarding.SupportModifier,String,-1,PrismForwarding.SupportModifier,递光杀伤倍数，默认[General]►PrismSupportModifier=的值,0,,BuildingTypes,"This works in the same way as the old PrismSupportModifier - it is the amount of multiplier that this tower will contribute to the firing beam. The multiplier accumulates in a linear fashion (i.e. if there are 2 support towers, each with PrismForwarding.SupportModifier=150%, then the total multiplier to damage will be 150% + 150% + 100% = 400%. Defaults to [General]►PrismSupportModifier."
PrismForwarding.DamageAdd,String,-1,PrismForwarding.DamageAdd,增加固定的伤害而不是倍数，默认0,0,,BuildingTypes,"A flat damage bonus added to the firing beam before the PrismForwarding.SupportModifier multiplier is applied. This can be used instead of the multiplier, or it can be used in conjunction with the multiplier to progressively dial up or down the final damage as more towers are included in the network. Defaults to 0. Note You will need to limit the number of towers in the network if dialing down the damage bonus, otherwise the firing beam may end up becoming a healing weapon. You can input your own values into the Prism Forwarding spreadsheet to see the effect this has on the damage dealt by your prism networks."
PrismForwarding.MyHeight,String,-1,PrismForwarding.MyHeight,递光高度，默认[General]►PrismSupportHeight=的值 （3.0已废除此标签，3.0前也实际无效）,0,,BuildingTypes,
PrismForwarding.ChargeDelay,String,-1,PrismForwarding.ChargeDelay,递光时充能的延迟，默认1，最好别动（作者如是说，这玩意儿是用来测试玩的）,0,,BuildingTypes,
PrismForwarding.Intensity,String,-1,PrismForwarding.Intensity,随着递光增加激光的宽度 递光与副武器的关联已经解除！,0,,BuildingTypes,"This allows you to control how thick the laser beam grows as the size of the prism network increases. By default, a firing Prism Tower that is supported by 1 or more other towers would have a LaserThickness of 5 - that’s 2 higher than the default LaserThickness of the firing weapon (3). The PrismForwarding.Intensity flag treats negative values as an absolute addition to the firing beam, so the default value of -2 leaves the behavior exactly the same as the original game. Positive values, on the other hand, tell Ares that you want the thickness of the beam to be dependent on the number of backward chains in the network, and also have the support beam thickness increase in the same way. A PrismForwarding.Intensity value of 1 would cause the farthest beam to have no thickness increase, the next to have an increase of 1, the next to have an increase of 2, and so on. See the section on LaserThickness for more information regarding the way lasers are drawn."
SolidHeight,String,-1,SolidHeight,建筑的阻挡高度，默认为0，即可以完全穿透，-1意味着可以完全阻挡，单位为格，一格等于256像素 注意：不建议用在不是矩形或者镂空的建筑上，例如巴黎铁塔这种越往上越尖的建筑，因为炮弹打上去可能表现得像是在半空爆炸,0,,BuildingTypes,"How tall the solid part of the building is considered to be, measured in cells (each cell has a height of 256 leptons), so buildings with a large amount of clear space near their top can allow projectiles to fly through that space. Negative values (e.g. -1) tell the game to consider the building’s full Height as solid. Default is 0, meaning the building is not at all solid (as per the normal game). Note The solid building logic does not lend itself well to non-rectangular buildings, such as the Paris Tower or Space Needle."
SolidLevel,String,-1,SolidLevel,建筑的坚固程度，默认1 全局设定 可以设定是否友军抛射体能够直接透过建筑攻击目标，映射 AlliedWallTransparency,0,,BuildingTypes,The solidity of this building. Defaults to 1.
SpyEffect.PowerOutageDuration,String,-1,SpyEffect.PowerOutageDuration,被渗透后使建筑所属方停电多长时间，单位：帧 钱,0,,BuildingTypes,The number of frames for which the enemy’s power will be sabotaged (i.e. temporarily reduced to zero).
SpyEffect.StolenMoneyAmount,String,-1,SpyEffect.StolenMoneyAmount,固定偷多少钱,0,,BuildingTypes,"NEW EFFECT The fixed amount of credits that will be stolen from the enemy upon spying this enemy building. Defaults to 0. If used together with SpyEffect.StolenMoneyPercentage, this defines the maximum amount of money to steal. Quickstart If you want to express “Take three quarters of the enemy’s money, but no more than 10,000 credits”, use both tags: SpyEffect.StolenMoneyPercentage=75% and SpyEffect.StolenMoneyAmount=10000."
SpyEffect.StolenMoneyPercentage,String,-1,SpyEffect.StolenMoneyPercentage,偷钱百分比 两者同时定义时，效果为偷取百分之多少的钱，最多不超过多少。比如75%，10000，那么将偷取敌方75%当前资金，但最多只能偷到10000钱 超级武器,0,,BuildingTypes,The percentage of the enemy’s current credits that will be stolen from the enemy upon spying this enemy building. Defaults to 0%.
SpyEffect.StolenTechIndex,String,-1,SpyEffect.StolenTechIndex,这个建筑的偷窃项（0-31），可以填一个列表，一次提供多个,0,,BuildingTypes,The stealable technology types that is stolen upon spying this enemy building. Only values from 0 to 31 (inclusive) are supported. Use -1 to disable the effect. Defaults to -1. Note Note that despite its singular name this tag takes a list of integers and it is thus possible to steal several technology types when infiltrating a single building.
SpyEffect.SabotageDelay,String,-1,SpyEffect.SabotageDelay,设置当该建筑被渗透时，过指定帧数后爆炸（就像被安了C4一样）。如果设定负值，则读取[CombatDamage]►C4Delay=的值，设定0将取消这个功能。默认0。,0,,BuildingTypes,"The number of frames after which the building will be demolished as if C4 had been planted. If negative, [CombatDamage]►C4Delay is used. Use 0 to disable. Defaults to 0."
AIBuildCounts,String,-1,AIBuildCounts,"AI将在不同难度下建造几个这种建筑，依次为困难，中等，简单。设定数值必须大于等于1。默认1,1,1",0,,BuildingTypes,"The number of buildings the AI will build of this type depending on the difficulty. Order is hard to easy. Each value must be equal to or greater than 1. Defaults to 1,1,1."
AIExtraCounts,String,-1,AIExtraCounts,"AI将在不同难度下额外建造几个这种建筑，依次为困难，中等，简单。AI将会在随机建造完之后，额外建造建筑物。设定数值必须大于等于0，默认0,0,0 决定一个建筑是否可以为AI提供拓展",0,,BuildingTypes,"The maximum number of extra buildings the AI can build of this type depending on the difficulty. Order is hard to easy. A random number of buildings will be build in addition to the ones from the normal build count. Each value must be equal to or greater than 0. Defaults to 0,0,0."
UC.PassThrough,String,-1,UC.PassThrough,有多少几率攻击能够穿透这个掩体直接攻击到里面的步兵（同时也因此不会对建筑造成杀伤），默认0,0,,BuildingTypes,The percentage of shots that will pass through to the occupants (and therefore not damage this building). Defaults to 0% (i.e. all shots damage the building / no shots damage the occupants). When there are no occupants inside then UC.PassThrough will be ignored (i.e. all shots damage the building).
UC.FatalRate,String,-1,UC.FatalRate,如武器能够穿透，那么瞬间击杀一名驻军的几率（无视武器杀伤等设置），默认0,0,,BuildingTypes,"In the event that a shot has passed through, the percentage of those shots that will instantly kill one occupant, disregarding the weapon entirely. Defaults to 0%."
UC.DamageMultiplier,String,-1,UC.DamageMultiplier,如果武器能够穿透，在非一击必杀时对一名驻军步兵的杀伤倍率，默认 100% 即沿用武器自身原值,0,,BuildingTypes,If a shot has passed through but isn’t necessarily fatal then one occupant will be damaged. The damage dealt by the weapon will be multiplied by UC.DamageMultiplier. Defaults to 100% (i.e. no change to the damage dealt by the weapon).
Rubble.Destroyed.Owner,String,-1,Rubble.Destroyed.Owner,被摧毁时废墟建筑给谁。默认default即给原来的所有者,0,,BuildingTypes,"The country the destroyed building will belong to. default is the current owner, civilian is the first country from the side called Civilian, special and neutral are the countries named Special and Neutral respectively. Defaults to default."
Rubble.Destroyed.Strength,String,-1,Rubble.Destroyed.Strength,变成废墟建筑时的血量 正值里，有效值到最大到Strength 负值里，有效值从-99至-1代表相对Strength的百分比，例如-1意味着剩1%的血量 剩余的值全都意味着满血 默认和Strength相同,0,,BuildingTypes,"The health the rubble building is created with. Positive values up to Strength are used directly. Negative values down to -99 are a percentage of full health, -1 meaning 1% of health. All other values mean full health. Defaults to Strength."
Rubble.Intact.Owner,String,-1,Rubble.Intact.Owner,被修复后的建筑给谁，与Destroyed规则一致,0,,BuildingTypes,"The country the recovered building will belong to. default is the current owner, civilian is the first country from the side called Civilian, special and neutral are the countries named Special and Neutral respectively. Defaults to default."
Rubble.Intact.Strength,String,-1,Rubble.Intact.Strength,被修复时建筑的血量。与Destroyed规则一致 默认-1，1%的血量,0,,BuildingTypes,"The health the recovered building is created with. Positive values up to Strength are used directly. Negative values down to -99 are a percentage of full health, -1 meaning 1% of health. All other values mean full health. Defaults to -1, 1% of Strength."
IsTrench,String,-1,IsTrench,指定这个战壕的名称，只有同种战壕能够穿越，拥有相同名称的战壕会像围墙那样根据GuardRange自动连接，也用于像围墙那样造光棱塔等玩法 注意：战壕不支持在水和沙滩上链接，与激光墙不同,0,,BuildingTypes,"Specifies a unique name for this particular trench so that the game knows that it is a trench for traversal purposes, and allows occupants to transfer between segments of the same trench type."
ForceShield.Modifier,String,-1,ForceShield.Modifier,填百分比，该建筑被罩护盾后的实际受影响时间将会是力场护盾本身的时间乘以这个值，如果填0那么该建筑无法得到护盾，默认100％ 铁幕的见 铁幕弹头 一节,0,,BuildingTypes,The number of seconds of Force Shield duration is multiplied by this value. Valid values are 0% (Force Shield disallowed) or higher. Defaults to 100%. Note Buildings with a ForceShield.Modifier value of 0.0 or less are not eligible to fire a Force Shield super weapon on.
Degrade.Amount,String,-1,Degrade.Amount,伤害量，默认电力充足时和[General]►Degrade.AmountNormal一样，其他情况[General]►Degrade.AmountConsumer 国家设置,0,,BuildingTypes,"The amount of damage this building will receive each interval of DamageDelay in low power situations. A value of 0 will not degrade this building. Defaults to [General]►Degrade.AmountNormal if Power is greater than or equal to 0, otherwise to [General]►Degrade.AmountConsumer."
Message.Capture,String,-1,Message.Capture,占领时显示CSF。需要NeedsEngineer=yes。默认none,0,,BuildingTypes,The text printed when a building of this type is captured by the player. Requires NeedsEngineer=yes. Defaults to none.
Message.Lost,String,-1,Message.Lost,丢失时显示CSF。需要NeedsEngineer=yes。默认none,0,,BuildingTypes,The text printed when a building of this type is captured by the enemy. Requires NeedsEngineer=yes. Defaults to none.
DockUnloadCell,String,-1,DockUnloadCell,"矿厂的哪一格用来卸矿，这一格必须可通行，默认3,1",0,,ImageTypes,"The cell a harvester will dock on when unloading on this refinery. The cell is required to be passable. Defaults to 3,1."
DockUnloadFacing,String,-1,DockUnloadFacing,卸矿时矿车朝向哪一面，从正北（屏幕右上）开始32分圆，默认8（正东，屏幕右下） 矿车 一个矿车采完一格矿后使用Short的范围寻找下一格矿 一个矿车矿场倒完矿或从停止状态开始寻矿时使用Long的范围寻找接下来要采的矿来找到矿区，使用TooFar的范围来决定多远以外的矿不进行考虑,0,,ImageTypes,The facing a harvester will turn to when docking on this refinery. Defaults to 8 (east).
DeactivateDimEMP,String,-1,DeactivateDimEMP,被EMP的单位的变黑程度。默认0.8,0,,,The light level for voxel units under EMP. See EMP logic. Defaults to 0.8.
DeactivateDimOperator,String,-1,DeactivateDimOperator,需要驾驶员的载具无驾驶员时的变黑程度。默认0.65,0,,,The light level for unoperated voxel units. See Operator logic. Defaults to 0.65.
DeactivateDimPowered,String,-1,DeactivateDimPowered,失去控制的单位的变黑程度。默认0.5 注意 这个值一般取0到1之间，写1就是和原来亮度一样，如果超过1那么会变亮 SHP类的单位是不会被这个影响的。,0,,,The light level for unpowered voxel units. See PoweredBy logic. Defaults to 0.5.
StealthSpeakDelay,String,-1,StealthSpeakDelay,在相邻两次反隐形通报中间隔几分钟。,0,,,Minutes between EVA repeating the warning that a stealth unit has been detected. Defaults to 0.0.
SubterraneanSpeakDelay,String,-1,SubterraneanSpeakDelay,在相邻两次反钻地通报中间隔几分钟。 抑制反隐传感器的警告,0,,,Minutes between EVA repeating the warning that a subterranean unit has been detected. Defaults to 0.0.
VeteranFlashTimer,String,-1,VeteranFlashTimer,升级到老兵时闪光多长时间。默认0 音效，EVA和闪光,0,,,The number of frames a newly veteran unit or structure will flash for. Defaults to 0.
CustomPalette,String,-1,CustomPalette,"如果要在不同地表用不同的色盘，请使用~~~作为代表气候类型，例如： CustomPalette=abcd.pal一直使用abcd.pal CustomPalette=lib~~~.pal使用libtem.pal, libsno.pal, etc. 注意 动画抛射体所调用的动画需要在 [Animations] 注册表中注册 （来自Ares官方的温馨提示，不过这也不是 CustomPalette 自身引入的问题，工作方式本就如此） （当然你也可以给那些多面的单帧非动画抛射体注册进动画注册表来让它们可以使用自定义色盘） 对于单位和建筑体的自定义色盘请使用Palette=xxx 对应使用 xxxtem.pal、xxxsno.pal、xxxurb.pal、xxxdes.pal、xxxlun.pal、xxxubn.pal 六个色盘，记得不要漏 建筑动画的色盘默认与建筑体色盘相同 若要独立定义，需要给建筑动画加ShouldUseCellDrawer=false然后用CustomPalette指定 *CustomPalette不支持所属色，因此要么不用要么分离所属色部分 （反正你所属色本就只看色号随后根据所属方重新映射颜色也无所谓所谓动画自定义颜色的问题） 由于原版FinalAlert2绘制建筑时的Shape资源文件读取机制是先把多个Shape文件合成后再调用色盘因此无法在FinalAlert2中正确绘制使用了CustomPalette的建筑动画 粒子的色盘不使用这个，并且在RULES中定义，详见粒子系统 一节",0,,Animations,Specifies the palette used to draw this animation/projectile.
Damage.Delay,String,-1,Damage.Delay,动画武器造成伤害的间隔。默认0。对原版动画弹头造成杀伤也适用,0,,Animations,
SpawnsParticle.RangeMinimum,String,-1,SpawnsParticle.RangeMinimum,距离动画中心产生粒子的最小距离。默认0.0 如果写负值则使用其绝对值，这使得粒子产生位置有两倍几率更接近动画中心。,0,,Animations,"The distance from the center where particles start spawning at. Defaults to 0.0. Note If negative, the resulting random distance could come out as negative. If this happens, the absolute value is used. This allows doubling the chance to spawn particles closer to the center."
SpawnsParticle.RangeMaximum,String,-1,SpawnsParticle.RangeMaximum,最大距离，必须大于等于最小距离。默认0.0,0,,Animations,The distance from the center where particles will not spawn beyond. Has to be equal to or larger than SpawnsParticle.RangeMinimum. Defaults to 0.0.
MakeInfantryOwner,String,-1,MakeInfantryOwner,决定是谁的 invoker 调用者|killer 击杀者|victim 死者|neutral 野生|random 随机 一堆 Next 串起来的动画中 MakeInfantry= 应该写在最后一个而 MakeInfantryOwner= 应该写第一个，除非专门设定否则动画默认使用单位色盘 MakeInfantryOwner 只对原版InfDeath动画、Ares新增InfDeathAnim、DeathAnims和地图触发动画生效 默认是invoker即动画的调用者： 对于 [Warhead]►InfDeathAnim= [General]►InfantryVirus= [General]►InfantryMutate= invoker 代表 killer 即击杀者。不过对于 InfantryVirus 在 NotHuman=no 的受害者上创建的动画 无法 重映射所属色 如果你希望映射所属色，请明确使用 killer 为值 对于 [General]►InfantryExplode= [General]►FlamingInfantry= [AudioVisual]►InfantryElectrocuted= [General]►InfantryHeadPop= [General]►InfantryNuked= [General]►InfantryBrute= invoker 代表中立所属方并且 不能 重映射所属色 如果你希望映射所属色，你必须明确使用 neutral 为值 对于 [Infantry]►DeathAnims= invoker 意味着 victim 即死者原本的所属方 以上语句的释义除 CHM 内连接到相关页面的 Ares 新增步兵触电动画外均可见 2025教程包词典 对于地图触发器 invoker 、 killer 和 victim 都代表触发器的所属方 random 将会在所有本局游戏内的玩家中抽取一位随机玩家，包括 neutral 、 special 乃至 civilian（至少 Ares 官方真这么列在这了），均有可能,0,,Animations,"Specifies which house will own the resulting InfantryType that gets created after this animation has played. The animation’s remappable colors will be shown in that house’s color, if not noted otherwise. Defaults to invoker. Note If you are creating a chain of animations using the Next= tag then MakeInfantry= goes on the last animation whereas MakeInfantryOwner= goes on the first animation - that is, the animation that was initially invoked."
Smoke.ChanceRed,String,-1,Smoke.ChanceRed,严重损伤时产生烟雾的密度（每帧），越大越多。默认10,0,,AircraftTypes,The chance of a heavily damaged aircraft creating a smoke animation each frame. Defaults to 10.
Smoke.ChanceDead,String,-1,Smoke.ChanceDead,被击落时产生烟雾的密度（每帧），越大越多。默认80,0,,AircraftTypes,The chance of a crashing aircraft creating a smoke animation each frame. Defaults to 80.
Carryall.SizeLimit,String,-1,Carryall.SizeLimit,吊运尺寸的最大限制，相当于吊运版的 SizeLimit，默认 -1 即能够吊运任何 Size 的单位,0,,AircraftTypes,The maximum Size= that this carryall can lift. Use -1 to allow any size. Defaults to -1.
Missile.PauseFrames,String,-1,Missile.PauseFrames,子鸡导弹设置，同原版,0,,AircraftTypes,Defines how many frames the missile pauses on the launching unit before tilting. Defaults to 0.
Missile.TiltFrames,String,-1,Missile.TiltFrames,子鸡导弹设置，同原版,0,,AircraftTypes,Defines how many frames it takes for the missile to tilt to firing position. Defaults to 0.
Missile.PitchInitial,String,-1,Missile.PitchInitial,子鸡导弹设置，同原版,0,,AircraftTypes,Defines the starting pitch of the missile before tilting up. Valid range is 0.0 (horizontal) to 1.0 (vertical). Defaults to 0.0.
Missile.PitchFinal,String,-1,Missile.PitchFinal,子鸡导弹设置，同原版,0,,AircraftTypes,Defines the ending pitch of the missile after tilting up and when firing. Valid range is 0.0 (horizontal) to 1.0 (vertical). Defaults to 0.0.
Missile.TurnRate,String,-1,Missile.TurnRate,子鸡导弹设置，同原版,0,,AircraftTypes,Defines the pitch maneuverability of the missile in air. See original missiles for examples. Valid range is 0.0 to 1.0. Defaults to 0.0.
Missile.RaiseRate,String,-1,Missile.RaiseRate,子鸡导弹设置，同原版,0,,AircraftTypes,Defines how much the missile will raise each turn on the launching unit. Defaults to 0.0.
Missile.Acceleration,String,-1,Missile.Acceleration,子鸡导弹设置，同原版,0,,AircraftTypes,Defines how much is added to the missile’s velocity each frame during launch. Defaults to 0.0.
Missile.Altitude,String,-1,Missile.Altitude,子鸡导弹设置，同原版,0,,AircraftTypes,Defines the cruising altitude in leptons at which height missile begins leveling off. Defaults to 0.
Missile.Damage,String,-1,Missile.Damage,子鸡导弹设置，同原版,0,,AircraftTypes,Defines how much damage the missile does when launched from a rookie or veteran unit. Defaults to 0.
Missile.EliteDamage,String,-1,Missile.EliteDamage,子鸡导弹设置，同原版,0,,AircraftTypes,Defines how much damage the missile does when launched from an elite unit. Defaults to 0.
Missile.BodyLength,String,-1,Missile.BodyLength,子鸡导弹设置，同原版,0,,AircraftTypes,Defines how long the body of the missile is in leptons. This is used to draw the trailer. Defaults to 0.
Missile.TrailerSeparation,String,-1,Missile.TrailerSeparation,默认3 相关参数，可以直接查 ModEnc 或在rules词典找原版三种导弹的对应项，对应词条的解释参见4.全局代码解释#V3火箭控制 - RA2DIY 写在作为导弹的战机类单位里！不是写在全局[General]里！！！ 新增的可选语句,0,,AircraftTypes,Defines the number of frames to the creation of another trailer animation. Defaults to 3.
ReloadRate,String,-1,ReloadRate,恢复速率，停靠建筑必须有UnitReload=yes。默认[General]►ReloadRate 弹药耗尽时切换武器 一个很实用的功能，效果如标题所说。,0,,AircraftTypes,The interval between restoring one round of ammunition when docked to a UnitReload=yes building. Defaults to [General]►ReloadRate.
IvanBomb.AttachSound,SoundList,1,IvanBomb.AttachSound,丢上去的声音,00999a,,WeaponTypes,The sound that will be played when the bomb is attached to a target. Defaults to [AudioVisual]►BombAttachSound.
IvanBomb.TickingSound,SoundList,1,IvanBomb.TickingSound,计时器滴滴答答的声音，填SOUNDMD的注册名，必须带Control=loop 炸弹表现,00999a,,WeaponTypes,"The sound that will be played whilst the bomb is attached to a unit. In order for this sound to loop correctly, the sound must have Control=loop set in its INI section in soundmd.ini. Defaults to [AudioVisual]►BombTickingSound."
DieSound.Override,SoundList,1,DieSound.Override,当目标被这个弹头击杀时播放这个，单位自己的DieSound将不再使用。使用<none>来回避DieSound。,00999a,,Warheads,The sound to use when an object is destroyed by this warhead. Objects that have no DieSound will not play anything. Use <none> to suppress DieSound.
VoiceDie.Override,SoundList,1,VoiceDie.Override,当目标被这个弹头击杀时的语音，单位自己的VoiceDie将不再使用。使用<none>来回避VoiceDie。 防止散布,00999a,,Warheads,The voice to use when an object is destroyed by this warhead. Objects that have no VoiceDie will not play anything. Use <none> to suppress VoiceDie.
VoiceIFVRepair,SoundList,1,VoiceIFVRepair,微观定义，若不存在则使用单位的 VoiceAttack= 值。对注册名为 [FV] 的单位默认为 [AudioVisual]►VoiceIFVRepair=的值，其他单位默认无,00999a,,VehicleTypes,"Specifies the response this IFV gives when ordered to repair something. If this value is not set, [VehicleType]►VoiceAttack is used. Defaults to [AudioVisual]►VoiceIFVRepair for [FV], otherwise to none."
VoiceAirstrikeAttack,SoundList,1,VoiceAirstrikeAttack,空袭单位进入地图时的语音。默认AirstrikeAttackVoice,00999a,,TechnoTypes,Specifies the voice played when the airstrike is called in and the team enters the map. Defaults to AirstrikeAttackVoice.
VoiceAirstrikeAbort,SoundList,1,VoiceAirstrikeAbort,空袭单位在开火前，指示单位被干掉时的语音。默认AirstrikeAbortSound,00999a,,TechnoTypes,Specifies the voice played when the designator unit is killed before the aircraft had a chance to fire. Defaults to AirstrikeAbortSound.
DigInSound,SoundList,1,DigInSound,当单位钻入地面时播放的音效。默认[AudioVisual]►DigSound=的值,00999a,,TechnoTypes,The optional sound played when this unit digs into the ground. Defaults to [AudioVisual]►DigSound.
DigOutSound,SoundList,1,DigOutSound,当单位钻出地面时播放的音效。默认[AudioVisual]►DigSound=的值,00999a,,TechnoTypes,The optional sound played when this unit digs out of the ground. Defaults to [AudioVisual]►DigSound.
CloakSound,SoundList,1,CloakSound,微观调控该单位进入隐形状态的声音。默认为 [AudioVisual]►CloakSound,00999a,,TechnoTypes,The sound played when this object cloaks or submerges. Defaults to [AudioVisual]►CloakSound.
DecloakSound,SoundList,1,DecloakSound,微观调控该单位暴露出的声音。默认为 [AudioVisual]►DecloakSound 隐形层级 给每个单位微观定义隐形层级，覆盖全局值。,00999a,,TechnoTypes,The sound played when this object decloaks or emerges. Defaults to [AudioVisual]►DecloakSound.
Promote.VeteranSound,SoundList,1,Promote.VeteranSound,单位升级到老兵时播放音效。默认[AudioVisual]►UpgradeVeteranSound,00999a,,TechnoTypes,The sound played when a unit of this type is promoted to veteran. Defaults to [AudioVisual]►UpgradeVeteranSound.
Promote.EliteSound,SoundList,1,Promote.EliteSound,单位升级到精英时播放音效。默认[AudioVisual]►UpgradeEliteSound,00999a,,TechnoTypes,The sound played when a unit of this type is promoted to elite. Defaults to [AudioVisual]►UpgradeEliteSound.
SW.Sound,SoundList,1,SW.Sound,超武释放时在目标地点播放的声音,00999a,,SuperWeaponTypes,The sound to play at the super weapon’s target cell.
SW.ActivationSound,SoundList,1,SW.ActivationSound,超武成功触发的声音，如闪电风暴和核弹警报 注意核弹原版使用的是 [AudioVisual]►DigSound= 的声音，而这个声音也用于钻地单位钻入钻出，所以安装 Ares 后推荐换用这个新增语句 EVA事件 可填 none 来屏蔽原版的 EVA 事件,00999a,,SuperWeaponTypes,The sound to play when a Nuke is fired or a deferrable super weapon like the Lightning Storm is activated. The sound is usually played at the target location.
SW.ActivationSound,SoundList,1,SW.ActivationSound,闪电风暴激活声音[AudioVisual]►StormSound,00999a,,SuperWeaponTypes,The sound to play when a Nuke is fired or a deferrable super weapon like the Lightning Storm is activated. The sound is usually played at the target location.
SW.ActivationSound,SoundList,1,SW.ActivationSound,核弹警告。默认 [AudioVisual]►DigSound,00999a,,SuperWeaponTypes,The sound to play when a Nuke is fired or a deferrable super weapon like the Lightning Storm is activated. The sound is usually played at the target location.
SW.ActivationSound,SoundList,1,SW.ActivationSound,实际启动控制时的声音。默认[AudioVisual]►PsychicDominatorActivateSound,00999a,,SuperWeaponTypes,The sound to play when a Nuke is fired or a deferrable super weapon like the Lightning Storm is activated. The sound is usually played at the target location.
SW.Sound,SoundList,1,SW.Sound,释放超武时在目标点播放的音效。默认[AudioVisual]►GeneticMutatorActivateSound,00999a,,SuperWeaponTypes,The sound to play at the super weapon’s target cell.
SW.Sound,SoundList,1,SW.Sound,释放超武时在目标位置创建的音效，默认[AudioVisual]►PsychicRevealActivateSound,00999a,,SuperWeaponTypes,The sound to play at the super weapon’s target cell.
SW.ActivationSound,SoundList,1,SW.ActivationSound,超武成功触发的声音，如闪电风暴和核弹警报。注意核弹原版使用的是 [AudioVisual]►DigSound= 的声音，而这个声音也用于钻地单位钻入钻出，所以安装 Ares 后推荐换用这个新增语句,00999a,,SuperWeaponTypes,The sound to play when a Nuke is fired or a deferrable super weapon like the Lightning Storm is activated. The sound is usually played at the target location.
Lightning.Sounds,SoundList,-1,Lightning.Sounds,雷击声音。默认[AudioVisual]►LightningSounds,00999a,,SuperWeaponTypes,A comma separated list of sounds played when lightning strikes. Defaults to [AudioVisual]►LightningSounds.
VehicleThief.EnterSound,SoundList,1,VehicleThief.EnterSound,进车声音,00999a,,InfantryTypes,Specifies the sound played when a hijacker captures an enemy vehicle. This also works for infantry with CanDrive=yes when reclaiming neutralized units. Defaults to none.
VehicleThief.LeaveSound,SoundList,1,VehicleThief.LeaveSound,被偷载具破坏劫车犯出来的声音,00999a,,InfantryTypes,Specifies the sound played when a hijacker leaves a vehicle when it is destroyed. Defaults to none.
GateDownSound,SoundList,1,GateDownSound,开启声音,00999a,,BuildingTypes,The sound played when this gate opens. Defaults to [AudioVisual]►GateDown.
GateUpSound,SoundList,1,GateUpSound,关闭声音 默认值见全局[AudioVisual]中的GateDown和GateUp两句,00999a,,BuildingTypes,The sound played when this gate closes. Defaults to [AudioVisual]►GateUp.
DecloakSound,SoundList,1,DecloakSound,全局方面暴露出的声音，默认和 [AudioVisual]►CloakSound一样,00999a,,,The sound played when a unit or building decloaks. Defaults to [AudioVisual]►CloakSound.
Bolt.ParticleSystem,ParticleSystems,1,Bolt.ParticleSystem,决定在目标位置生成的粒子系统。使用<none>关闭这个功能。默认为[CombatDamage]►DefaultSparkSystem=的粒子。,106699,,WeaponTypes,Defines the spark particle system to spawn at the target location. Use none to disable the particle system. Defaults to [CombatDamage]►DefaultSparkSystem.
DamageSmokeParticleSystems,ParticleSystems,-1,DamageSmokeParticleSystems,定义使用的烟雾粒子系统。默认为所有有BehavesLike=Smoke设置的DamageParticleSystems,106699,,TechnoTypes,Defines a list of ParticleSystems to randomly spawn from when an object is damaged into yellow or red health. You have to use this if you want to use ParticleSystems with BehavesLike set to other values than Smoke. Defaults to all DamageParticleSystems with BehavesLike=Smoke set.
DamageSparksParticleSystems,ParticleSystems,-1,DamageSparksParticleSystems,定义使用的火花粒子系统。默认为所有有BehavesLike=Spark设置的DamageParticleSystems,106699,,TechnoTypes,Defines a list of ParticleSystems to randomly spawn from when an object is in yellow or red health. You have to use this if you want to use ParticleSystems with BehavesLike set to other values than Spark. Defaults to all DamageParticleSystems with BehavesLike=Spark set.
AttachedSystem,ParticleSystems,1,AttachedSystem,该抛射体使用该粒子系统，只有BehavesLike=smoke支持。,106699,,Projectiles,The type of the particle system to attach to this projectile. Only particle systems with BehavesLike=smoke are supported.
Cursor.Attack,MouseCursors,1,Cursor.Attack,当单位在攻击距离内时，显示的指针。默认为Attack,ffffff,,WeaponTypes,The cursor to use as the attack cursor for this weapon. This cursor is used if only one unit is selected and its target is in range. Defaults to Attack.
Cursor.AttackOutOfRange,MouseCursors,1,Cursor.AttackOutOfRange,当单位不在攻击距离内时显示的指针。默认为AttackOutOfRange 注意：当有两种以上的单位被选中，这个逻辑就没用了。 超武,ffffff,,WeaponTypes,"The cursor used if an object can attack a target, but it is out if weapon’s range and the unit needs to move first to attack it. Defaults to AttackOutOfRange. Note If two or more units are selected, this cursor is not used. Note that deployed units will get their No Move cursor instead, as they would have to, but cannot move."
Cursor.Move,MouseCursors,1,Cursor.Move,指定单位的可移动指针，默认为Move,ffffff,,TechnoTypes,
Cursor.NoMove,MouseCursors,1,Cursor.NoMove,指定单位的不可移动针织，默认为NoMove 部署 部署指针被用在以下场合上：释放驻军或乘员，单位的部署命令，或某些单位的副武器（比如尤里）。,ffffff,,TechnoTypes,
Cursor.Deploy,MouseCursors,1,Cursor.Deploy,指定单位的可部署指针，默认为Deploy,ffffff,,TechnoTypes,
Cursor.NoDeploy,MouseCursors,1,Cursor.NoDeploy,指定单位的不可移动指针，默认为NoDeploy 进入 进入指针被用在一下场合上：进入坦克碉堡（Bunker=yes），进入发电机（InfantryAbsorb=yes或UnitAbsorb=yes），进入回收站（Grinding=yes），进入维修厂或机场（UnitRepair=yes）以及进入载具。 需注意的是间谍行为等非正常进入不是使用进入指针的。,ffffff,,TechnoTypes,
Cursor.Enter,MouseCursors,1,Cursor.Enter,命令其他单位进入此单位显示的指针，默认为Enter,ffffff,,TechnoTypes,
Cursor.NoEnter,MouseCursors,1,Cursor.NoEnter,其他单位不可进入此单位显示的指针，默认NoEnter 渗透 间谍渗透建筑物的时候显示这个指针。,ffffff,,TechnoTypes,
Cursor,MouseCursors,1,Cursor,可以释放时的鼠标，默认攻击鼠标指针,ffffff,,SuperWeaponTypes,Defaults to Chronosphere.
NoCursor,MouseCursors,1,NoCursor,不能释放时的鼠标，默认禁止鼠标指针,ffffff,,SuperWeaponTypes,Used when there is no cannon in range. Defaults to AttackOutOfRange.
Cursor,MouseCursors,1,Cursor,可以释放时的鼠标，默认攻击鼠标指针,ffffff,,SuperWeaponTypes,Defaults to Chronosphere.
NoCursor,MouseCursors,1,NoCursor,不能释放时的鼠标，默认禁止鼠标指针 长期生效超武 超武需要设置UseChargeDrain=yes,ffffff,,SuperWeaponTypes,Used when there is no cannon in range. Defaults to AttackOutOfRange.
EngineerDamageCursor,MouseCursors,1,EngineerDamageCursor,自定义鼠标动作 这个语句在 0.C 被移除了，现在始终使用 EngineerDamage,ffffff,,,
TogglePowerCursor,MouseCursors,1,TogglePowerCursor,停电时的鼠标指针 这个语句在 0.C 被移除了，现在始终使用 TogglePower,ffffff,,,
TogglePowerNoCursor,MouseCursors,1,TogglePowerNoCursor,如果该建筑不能停电，就使用这个鼠标指针 这个语句在 0.C 被移除了，现在始终使用 NoTogglePower 建筑被切断电源后，和维修小扳手表现相同，敌人看不到标志，观察者可以看到，不过如果两种状态同时存在会优先表现维修小扳手，停电标志是 poweroff.shp，使用 mousepal.pal 色盘 小地图切换电源指针不支持,ffffff,,,
Cursor.Spy,MouseCursors,1,Cursor.Spy,默认Enter 武器 武器的攻击指针也可以单独定义。,ffffff,,BuildingTypes,
DropPod.Types,InfantryTypes,-1,DropPod.Types,空降仓里的兄贵类型，只能是步兵，可以设多个，出来的可能性都是一样的。默认为[General]►DropPodTypes 实际上这个标签支持范围是TechnoType，当然建筑并不能丢出来，但是Ares官方文档就是这么写的 不过如果填写Vehicle和Aircraft确实有一些没有处理完的问题，建议遵照官方文档的方式使用 当然，本身就没有人会（也没有人能够）阻止你去研究它的特性,00ff00,,SuperWeaponTypes,The types to choose from. Each type has an equal chance of being selected. You can add types more than once. Only infantry is supported. Defaults to [General]►DropPodTypes.
DropPodTypes,InfantryTypes,-1,DropPodTypes,空降仓里的兄贵类型，只能是步兵，可以设多个，出来的可能性都是一样的。默认none，火风暴资料片里是E1和E2,00ff00,,,
CanBeOccupiedBy,InfantryTypes,-1,CanBeOccupiedBy,只有这种步兵能占据这个建筑，该步兵必须设置可以占据建筑 泰伯利亚功能,00ff00,,BuildingTypes,Lists the units which are allowed to enter to this building. Requires CanBeOccupied=yes and Occupier=yes on the infantry.
EVA.VeteranPromoted,DialogList,1,EVA.VeteranPromoted,当单位升级到老兵时播放的EVA。默认EVA_UnitPromoted,00999a,,TechnoTypes,The message played when a unit or structure of this type is promoted to veteran level. Defaults to EVA_UnitPromoted.
EVA.ElitePromoted,DialogList,1,EVA.ElitePromoted,精英。默认EVA_UnitPromoted 精英和老兵时转换单位 只支持同类单位相互转换（步兵变步兵，载具变载具，飞机变飞机） - 如果新单位子弹总数更少，则减少子弹数。 - 生命值会被重新计算以使用新的Strength。 - 隐形会正常的移交。 - 探照灯会重新定位。 允许更换Locomotor,00999a,,TechnoTypes,The message played when a unit or structure of this type is promoted to elite level. Defaults to EVA_UnitPromoted.
EVA.Detected,DialogList,1,EVA.Detected,超武建筑建造时播放给敌方的警告,00999a,,SuperWeaponTypes,Defaults to EVA_DropPodDetected.
EVA.Ready,DialogList,1,EVA.Ready,就绪,00999a,,SuperWeaponTypes,Defaults to EVA_DropPodReady.
EVA.Activated,DialogList,1,EVA.Activated,启动,00999a,,SuperWeaponTypes,Defaults to EVA_DropPodActivated.
EVA.Impatient,DialogList,1,EVA.Impatient,超武还不能释放,00999a,,SuperWeaponTypes,The EVA event that will be triggered when a super weapon cameo is clicked but isn’t ready to fire yet.
EVA.InsufficientFunds,DialogList,1,EVA.InsufficientFunds,钱不够，默认EVA_InsufficientFunds,00999a,,SuperWeaponTypes,The EVA event that will be triggered when a super weapon can’t be fired because the player doesn’t have enough money. Defaults to EVA_InsufficientFunds.
EVA.SelectTarget,DialogList,1,EVA.SelectTarget,点超武图标时 信息提示（CSF） 并不区分所属,00999a,,SuperWeaponTypes,The EVA event that will be triggered when the super weapon cameo is clicked in the sidebar and the player is required to select a target.
EVA.Detected,DialogList,1,EVA.Detected,默认EVA_HunterSeekerDetected,00999a,,SuperWeaponTypes,Defaults to EVA_DropPodDetected.
EVA.Ready,DialogList,1,EVA.Ready,默认EVA_HunterSeekerReady,00999a,,SuperWeaponTypes,Defaults to EVA_DropPodReady.
EVA.Activated,DialogList,1,EVA.Activated,默认EVA_HunterSeekerLaunched,00999a,,SuperWeaponTypes,Defaults to EVA_DropPodActivated.
EVA.Detected,DialogList,1,EVA.Detected,默认EVA_DropPodDetected,00999a,,SuperWeaponTypes,Defaults to EVA_DropPodDetected.
EVA.Ready,DialogList,1,EVA.Ready,默认EVA_DropPodReady,00999a,,SuperWeaponTypes,Defaults to EVA_DropPodReady.
EVA.Activated,DialogList,1,EVA.Activated,默认EVA_DropPodActivated 特殊值：,00999a,,SuperWeaponTypes,Defaults to EVA_DropPodActivated.
LostEvaEvent,DialogList,1,LostEvaEvent,当该已经被我方占领的科技建筑被其他玩家占领时播放EVA语音。需要NeedsEngineer=yes。默认EVA_TechBuildingLost,00999a,,BuildingTypes,The EVA message played when a building of this type is captured from the player. Requires NeedsEngineer=yes. Defaults to EVA_TechBuildingLost.
PoweredBy,BuildingTypes,-1,PoweredBy,该单位被这些建筑控制 实际上这个标签可以用于所有TechnoType，但是Ares官方文档就是这么写的 不过如果用于建筑确实会有部分功能未能完全支持，建议遵照官方文档的方式使用 当然，本身就没有人会（也没有人能够）阻止你去研究它的特性 注意 PoweredBy= 能够用于独立的建筑，这样就能实现两种建筑同时对该单位有操控权，即使一个建筑被摧毁另一个建筑依然能让该单位运行。,00ff00,,VehicleTypes,"Allows multiple powered units to exist, as well as allowing multiple buildings to provide power. Defaults to none."
Prerequisite.Negative,BuildingTypes,-1,Prerequisite.Negative,有这里面任意一个建筑就没法造，同样支持先决条件组 PrerequisiteOverride不会覆盖Prerequisite.Negative,00ff00,,VehicleTypes,The buildings that preclude construction of the type. If the player owns one or more of the buildings on this list then the type will not be available. Defaults to none. Note PrerequisiteOverride does not override Prerequisite.Negative.
SW.AuxBuildings,BuildingTypes,-1,SW.AuxBuildings,这个超武需要这些建筑存在时才能使用。,00ff00,,SuperWeaponTypes,Specifies the auxiliary buildings without which this super weapon cannot become available. The player has to own at least one building of any of these types to get access to this super weapon. Defaults to none. Note Use this instead of the original AuxBuilding tag if you want to have multiple auxiliary buildings.
SW.NegBuildings,BuildingTypes,-1,SW.NegBuildings,这个超武在有这些建筑存在时不能使用。 无源超武,00ff00,,SuperWeaponTypes,Specifies the negative auxiliary buildings whose presence will cause the super weapon to become unavailable. This super weapon can become available only if the player does not own any building of any of these types. Defaults to none.
Battery.Overpower,BuildingTypes,-1,Battery.Overpower,当启动时，将所属方的这些建筑过载，过载后的建筑将会使用副武器代替主武器 不要求建筑必须拥有Overpowerable=yes，但没有这句会过载完无法在电池效果结束后恢复未过 还有一些特殊效果，例如哪怕建筑自身断电也可以让它的Radar单独正常运作,00ff00,,SuperWeaponTypes,"The types of buildings this super weapon will temporarily overpower. Overpowered buildings use the secondary weapon instead of the primary weapon. While this works the same as Tesla Troopers overpowering the Tesla Coil, the building types are not required to have Overpowerable=yes set. Defaults to none."
Battery.KeepOnline,BuildingTypes,-1,Battery.KeepOnline,当启动时，保持所属方的这些建筑不进入断电状态。如果设置雷达建筑，断电之后雷达不会消失。不能阻止建造速度降低。,00ff00,,SuperWeaponTypes,"The types of buildings this super weapon will temporarily keep online. No matter the power level, buildings of this type will still be powered up. Can be combined with Battery.Overpower to create defenses that are kept online and overpowered. Defaults to none. Note Not all building effects might function while the base has no power, but it is possible to keep the radar online even during low power situations by adding the building that provides the radar to this list."
HunterSeeker.Buildings,BuildingTypes,-1,HunterSeeker.Buildings,能够发出狩猎者的建筑，可以不是挂载超武的建筑，如果没有建筑可以发出的话那么狩猎者无法发出且超武不会重新计时。,00ff00,,SuperWeaponTypes,"The list of BuildingTypes that can launch this Hunter Seeker. Does not have to be the same buildings that provide this super weapon. If the player does not own a building of any type, the super weapon discharges without launching a Hunter Seeker. Defaults to [SpecialWeapons]►HSBuilding."
EMPulse.Cannons,BuildingTypes,-1,EMPulse.Cannons,指定这个建筑作为EMP炮的发射器，如果不设定则默认所有挂载该超武的建筑，需要注意，使用EMP炮的所有建筑都必须设置主武器。默认none,00ff00,,SuperWeaponTypes,"The building types considered to check the range and to fire. If the list is empty, all buildings with EMPulseCannon=yes are considered. All buildings are required to have a primary weapon. Defaults to none."
HSBuilding,BuildingTypes,-1,HSBuilding,"能够发出狩猎者的建筑，不一定必须是挂载狩猎者超武的建筑。默认none, TS使用的是GAPLUG，NATMPL",00ff00,,BuildingTypes,
BuiltAt,BuildingTypes,-1,BuiltAt,指定在哪个建筑建造,00ff00,,TechnoTypes,"Units will be kicked out of the first not-busy building the house owns that is mentioned in this list. If no BuildingType is set, all factories that can produce this unit will be checked. Defaults to none."
ClonedAt,BuildingTypes,-1,ClonedAt,在哪里克隆 注意：只要此处指定了建筑，且目标建筑没有 Factory=语句，那么无论它有没有设置为克隆缸都将执行克隆效果。,00ff00,,TechnoTypes,"Each building of the types mentioned in the list owned by the same house will kick out an extra clone of this object for free. If a building is blocked, the player will get no refunds. Defaults to none. Note Cloning will ignore buildings with Factory= set. Note that Factory is not what causes the units to walk or drive out properly, WeaponsFactory=yes, GDIBarracks=yes, NODBarracks=yes and YuriBarracks=yes are. Note If ClonedAt is specified, neither Cloning=yes nor CloningFacility=yes will clone the object."
BountyEnablers,BuildingTypes,-1,BountyEnablers,只有在玩家拥有这个列表里的建筑时才会激活赏金逻辑，如果这个列表是空的，那么赏金逻辑不需要任何条件就激活 写none就是屏蔽该逻辑，默认none，所以想要开启该逻辑你至少需要去全局写一下这个标签，不想限制建筑那么=后面留空就是,00ff00,,,"Bounty will be enabled only after a building of a type in this list is owned by the player. If the list is empty, bounty will always be enabled.. Defaults to none."
PrismForwarding.Targets,BuildingTypes,-1,PrismForwarding.Targets,这个建筑能够递光支援的建筑，默认为它自己，所以手动加的时候不要忘了这个建筑自身,00ff00,,BuildingTypes,"The list of BuildingTypes that this tower can support. Defaults to just the building type itself, although don’t forget to mention the building itself if you decide to include this flag."
Rubble.Destroyed,BuildingTypes,1,Rubble.Destroyed,该建筑被摧毁时会变成这种建筑。,00ff00,,BuildingTypes,"The new BuildingType that this BuildingType will transform into upon destruction. By default the building will be created with maximum Strength. Engineers will always get the cursor RepairTrench on the building. Buildings that are used as rubble via Rubble.Destroyed are not allowed to be occupied or have passengers of any kind. Capturable rubble is not supported. Warning Do not create loops using Rubble.Destroyed. This can freeze the game. A building cannot be its own rubble, neither directly or indirectly over one or more other BuildingTypes."
Rubble.Intact,BuildingTypes,1,Rubble.Intact,工程师修复后变成这种建筑，并不会消耗掉工程师,00ff00,,BuildingTypes,"The new BuildingType that this BuildingType will transform into when it is repaired. The repaired building will be created with 1% Strength, unless set otherwise."
ApplyDamage,bool,-1,ApplyDamage,使IsSonic=yes或UseFireParticles=yes的武器赋予Damage的伤害，如果写no就会禁用任何伤害就像Damage=0一样，同时不产生弹头动画（这个问题据 Ares 开发者说以后会解决）。默认IsSonic=yes或UseFireParticles=yes的武器为no，其他武器yes,0,,WeaponTypes,"Whether this weapon deals ordinary damage. Can be used to enable Damage to work with special weapons, or to disable dealing damage. Defaults to no if either IsSonic=yes or UseFireParticles=yes, to yes otherwise. Note If ApplyDamage=no, the damage is reduced to 0, thus some weapon effects like the warhead’s animation will not play. This might change in the future."
IvanBomb.DeathBomb,bool,-1,IvanBomb.DeathBomb,设置当这个炸弹安置在敌人身上时是否将会只在死亡后爆炸而不使用倒计时爆炸逻辑。默认no。,0,,WeaponTypes,Whether this bomb will be a death bomb instead of a timed bomb when planted on enemy objects. Defaults to no.
IvanBomb.DeathBombOnAllies,bool,-1,IvanBomb.DeathBombOnAllies,设置当这个炸弹安置在盟友身上时是否将会只在死亡后爆炸而不使用倒计时爆炸逻辑。默认no。,0,,WeaponTypes,Whether this bomb will be a death bomb instead of a timed bomb when planted on allied objects. Defaults to no.
IvanBomb.CanDetonateDeathBomb,bool,-1,IvanBomb.CanDetonateDeathBomb,能否手动引爆死亡型炸弹。默认[CombatDamage]►CanDetonateDeathBomb.,0,,WeaponTypes,Whether or not players can manually detonate death bombs attached by this weapon. Defaults to [CombatDamage]►CanDetonateDeathBomb.
IvanBomb.DetonateOnSell,bool,-1,IvanBomb.DetonateOnSell,如果被绑定的目标被变卖了，是否会引起爆炸。默认yes。 曾用于建筑出售行为的检测跳板,0,,WeaponTypes,"Whether attached bombs shall explode if the victim is sold. Otherwise, the bomb will just be disarmed. Defaults to yes."
IvanBomb.Detachable,bool,-1,IvanBomb.Detachable,能否拆弹,0,,WeaponTypes,Whether or not Engineers can remove this bomb from units it has been attached to. Defaults to yes.
IvanBomb.DestroysBridges,bool,-1,IvanBomb.DestroysBridges,能否能炸桥，桥梁维修小屋可以一直丢但是默认炸不掉,0,,WeaponTypes,"Whether or not this bomb can be used on Bridge Repair Huts in order to destroy the corresponding bridge. Defaults to yes. Note Bombs can always be attached to Bridge Repair Huts, but the resulting explosion will not destroy the bridge unless IvanBomb.DestroysBridges=yes is set."
IvanBomb.CanDetonateTimeBomb,bool,-1,IvanBomb.CanDetonateTimeBomb,能否手动引爆 炸弹图像,0,,WeaponTypes,Whether or not players can manually detonate time bombs attached by this weapon. Defaults to [CombatDamage]►CanDetonateTimeBomb.
Beam.IsHouseColor,bool,-1,Beam.IsHouseColor,是否是玩家所属色,0,,WeaponTypes,Whether or not the beam should be drawn using the firing unit’s player color instead of the specific color specified by Beam.Color.
Wave.IsLaser,bool,-1,Wave.IsLaser,大波,0,,WeaponTypes,Should the Laser effect be applied to this weapon?
Wave.IsBigLaser,bool,-1,Wave.IsBigLaser,小波 没错，标签就是反的 可以用于电磁波和声波 波的颜色,0,,WeaponTypes,Should the BigLaser effect be applied to this weapon?
Wave.IsHouseColor,bool,-1,Wave.IsHouseColor,是否是玩家所属色,0,,WeaponTypes,If this is set to yes then the wave will be drawn in the firing unit’s house color instead of the color specified by Wave.Color.
Wave.ReverseAgainstVehicles,bool,-1,Wave.ReverseAgainstVehicles,默认IsMagBeam=yes的波会从目标向发射者绘制，发射者是车辆,0,,WeaponTypes,Whether or not the wave will be drawn from the target to the firer when the target is a VehicleType. Defaults to yes if IsMagBeam=yes is set on the weapon.
Wave.ReverseAgainstBuildings,bool,-1,Wave.ReverseAgainstBuildings,是否从目标向发射的建筑绘制,0,,WeaponTypes,Whether or not the wave will be drawn from the target to the firer when the target is a BuildingType.
Wave.ReverseAgainstInfantry,bool,-1,Wave.ReverseAgainstInfantry,是否从目标向发射的步兵绘制,0,,WeaponTypes,Whether or not the wave will be drawn from the target to the firer when the target is an InfantryType.
Wave.ReverseAgainstAircraft,bool,-1,Wave.ReverseAgainstAircraft,是否从目标向发射的飞机绘制,0,,WeaponTypes,Whether or not the wave will be drawn from the target to the firer when the target is an AircraftType.
Wave.ReverseAgainstOthers,bool,-1,Wave.ReverseAgainstOthers,是否从目标向发射的其他玩意儿绘制 穿透伤害 现在所有类型的波都可以使用穿透伤害而不再局限于声波,0,,WeaponTypes,"Whether or not the wave will be drawn from target to firer when the target is anything not covered by the other ReverseAgainst flags (i.e. trees, overlays, empty cells, etc.)."
IsDetachedRailgun,bool,-1,IsDetachedRailgun,决定这个武器是否为轨道炮（且无限制），默认为否。 注意：目前不允许混用IsDetachedRailgun=yes和IsRailgun=yes。,0,,WeaponTypes,Whether this weapon is a railgun. Has the same particle effect as IsRailgun but does not have the limitation that the weapon cannot be fired again as long as the particle system created by firing the weapon previously subsided. Defaults to no. Note Combining IsDetachedRailgun=yes with IsRailgun=yes is not supported.
Abductor,bool,-1,Abductor,如果设置为是，武器能够吸入单位，当该单位被摧毁时被吸入的单位会重新出现.奴隶和自己会被归属到Special 如果该单位吸满了或者该单位无法吸入，就使用正常的武器伤害，默认no 确保这个单位有乘客位置，而且设置大小限制为0否则吸入会受限制 建筑无法使用该逻辑否则IE 该逻辑针对超时空监狱的设定高度定制化使用，非常之狗屎，存在诸如任意武器为Abductor则影响其他武器并且其他武器还不看ImmuneToAbduction之类的各种蛋疼硬编码,0,,WeaponTypes,"If set to yes, weapons with this flag will absorb the target into the attacker’s passenger hold. Should the attacking unit be destroyed, its passengers will emerge. Slaves’ and spawned units’ owner will be changed to the house Special. If the abductor is “full” or the victim cannot be abducted, conventional damage is dealt. Defaults to no. Note Please make sure you have a passenger hold when using this. Also remember that SizeLimit defaults to 0, so if you don’t set it, abduction of most units will be denied. As usual, PipScale is required for all transports. Note Due to the way Passengers for buildings was tacked on, it is possible buildings with abducting weapons will not work properly. (Using InfantryAbsorb/UnitAbsorb increases your chances.) These malfunctions are considered out of the scope of the request and will not be considered bugs. The same goes for InfantryTypes. Malfunctions on VehicleTypes and AircraftTypes, on the other hand, should be reported immediately."
Abductor.Temporal,bool,-1,Abductor.Temporal,是否正常执行弹头Temporal=yes抹除到时间后才吸取，若吸取失败则正常按Temporal抹除,0,,WeaponTypes,"Instead of abducting target units immediately, will abduct them only after they have been temporally erased. When the target unit would be warped away, it will be placed inside the abductor unit as passenger. If abduction fails, the target is erased normally. Requires Temporal=yes to be set on Warhead. Defaults to no."
Abductor.ChangeOwner,bool,-1,Abductor.ChangeOwner,被吸入的单位是否会归属到攻击者的所属，默认no 如果目标免疫心控（包括Ares新老兵能力）则不更改,0,,WeaponTypes,Sets whether the abducted unit shall change its owner to the abductor’s house. Units which are ImmuneToPsionics=yes or which gained the PSIONICSIMMUNE veteran ability will not change owner. Defaults to no.
AttachEffect.Cumulative,bool,-1,AttachEffect.Cumulative,是否能够叠加作用 默认no AresAE没有组别，同时又可认为任意一个弹头的AE自身为一组,0,,Warheads,"If set to yes, an unlimited amount of this type of AttachEffect from this warhead can be applied to the target (it is stackable). If no, only one instance of this type of the AttachEffect can be on a single unit and that one instance gets updated if it is to be applied again. Defaults to no."
AttachEffect.AnimResetOnReapply,bool,-1,AttachEffect.AnimResetOnReapply,如果不能叠加作用，再次赋予属性时会重设动画 默认no,0,,Warheads,"If this type of AttachEffect is not stackable, enabling this flag resets the animation on every time of reapplying. Defaults to no."
AffectsEnemies,bool,-1,AffectsEnemies,决定这个弹头是否能够影响它发射者的敌人。,0,,Warheads,Specifies whether or not this warhead can damage enemy units. This has no effect on the warhead’s ability to target enemy units. A counterpart to the existing AffectsAllies flag.
AffectsOwner,bool,-1,AffectsOwner,决定这个弹头是否能够影响它发射者的阵营。你可以用这个设置一个弹头能打自己和敌人，但是对友军无效，也可以设置对友军和敌人有效，但是对自己无效。 默认同AffectsAllies 弹头效果 允许定义击杀驾驶员、声呐、禁用武器和闪光是否独立于杀伤赋予,0,,Warheads,Whether this warhead can affect the very player who fired it. Defaults to AffectsAllies flag.
EffectsRequireDamage,bool,-1,EffectsRequireDamage,决定这个弹头是否只会影响被该弹头伤害掉至少一滴血的目标，如果否，则无论是否造成伤害都会有影响。默认no。 当武器自身Damage=0且AllowZeroDamage=yes时将会无视本句产生效果,0,,Warheads,"Whether warheads will only apply the effects if at least one hitpoint of damage has actually been dealt to a unit or structure. If no, effects are also applied if the no damage is dealt. Requires positive damage; healing does not use this setting. Defaults to no."
EffectsRequireVerses,bool,-1,EffectsRequireVerses,决定这个弹头是否只会影响弹头比例大于0的目标，如果否，则无论什么弹头比例都会有影响。默认yes。 以上两句默认即为原版效果，也就是也就是Damage*Versus<1向下取整为0也依然予以效果，常用Damage=1配合Versus=3%来做无杀伤纯效果赋予目的的武器 允许弹头不带伤害,0,,Warheads,"Whether Verses needs to be greater than 0% for the warhead to apply effects. Can be used to distinguish between 0% and greater verses that potentially nullify damage, between immunity and vulnerability. If no, effects are applied to any unit or structure regardless of verses. Defaults to yes."
AllowZeroDamage,bool,-1,AllowZeroDamage,决定即便伤害为0是否也会影响到所有范围内的目标，否则不影响。默认no。 非恶意弹头,0,,Warheads,"Whether damage of 0 hitpoints will still be passed on to all units and structures affected by the warhead. Otherwise, a damage of 0 will not be passed on. Defaults to no."
Malicious,bool,-1,Malicious,这个弹头是否会引起EVA的警告，比如打矿车EVA也不会说 然而这是个高度针对矿车受袭(EVA_OreMinerUnderAttack)的逻辑，想要泛用请使用Phobos的 非挑衅弹头。 抑制单位死亡信息,0,,Warheads,"Specifies whether or not EVA should notify an ore miner’s owner of an attack (EVA_OreMinerUnderAttack). No other EVA messages are suppressed. For example, if a warhead’s purpose is to spread ore dealing damage as a side effect only you can use Malicious=no to disable unreasonable EVA attack warnings for ore miners. EMP warheads also respect this setting. Defaults to yes."
UnitLost.Suppress,bool,-1,UnitLost.Suppress,被这个弹头杀死的单位不会触发EVA警报，不过被打时的提示依然会说，所以视情况请结合非恶意弹头使用。 弹头覆盖DieSound和DieVoice,0,,Warheads,Whether units killed by this warhead should not play the Unit Lost EVA message. Damaging units without killing them using this warhead will not silence the message. Defaults to no.
PreventScatter,bool,-1,PreventScatter,是否当用这个弹头攻击单位时不会让单位乱跑。默认no 声呐弹头,0,,Warheads,Whether units should not scatter when attacked with this warhead even if they have the ability to. Defaults to no.
RelativeDamage,bool,-1,RelativeDamage,是否造成真实伤害，必须要有以下⑤个语句才有效。,0,,Warheads,"Deal damage relative to Strength or current health instead of dealing conventional damage. If set to yes, the tags below are used depending on target type. If a tag is not defined, no damage is dealt. Defaults to no. Note A dummy Damage is needed on this warhead for targeting, even though the value ultimately is not used. If Damage is negative (like for healing weapons), the Relative Damage will be negative also."
IronCurtain.Flash,bool,-1,IronCurtain.Flash,局部覆盖。默认同[AudioVisual]►IronCurtainFlash。 由于铁幕弹头为复刻的铁幕而不是原铁幕类型的超武，所以来自弹头的铁幕如果通过无死亡动画或是全局[General]►C4Warhead=的弹头被AffectsAllies等语句限制实际上也可以允许步兵获得铁幕效果，更多玩法自行开发,0,,Warheads,Whether units and structures will emit a black or blue flash when hit with this warhead while under the effect of an Iron Curtain or Force Shield respectively. Defaults to [AudioVisual]►IronCurtainFlash.
MindControl.Permanent,bool,-1,MindControl.Permanent,不占用心控位，永久心控，同时可用于子武器弹头，例如用 分裂逻辑 实现 AOE 永久心控 注：命中时只检查原版心控免疫，不检查Verses与Versus设定,0,,Warheads,If the warhead has MindControl.Permanent=yes set as well as MindControl=yes set then the mind-control will be permanent.
IonCannon,bool,-1,IonCannon,是否在该弹头生效时启动离子炮逻辑。,0,,Warheads,Whether Ion Cannon logic will be activated when this warhead impacts. Defaults to no.
IonCannon.Rock,bool,-1,IonCannon.Rock,是否VXL载具也会被气浪掀起，默认yes 波纹 可独立于 IonCannon 逻辑使用，以下两句都用于该功能，因为 Ares 开发组 1.0 版本迁移了语句,0,,Warheads,Whether voxel units are rocked by the impact. Defaults to yes.
BridgeAbsoluteDestroyer,bool,-1,BridgeAbsoluteDestroyer,决定弹头是否能瞬间摧毁桥。需要Wall=yes。[CombatDamage]►IonCannonWarhead=的弹头默认yes，其他默认no。,0,,Warheads,"Whether this warhead immediately destroys a bridge it hits. Requires Wall=yes. Defaults to yes for [CombatDamage]►IonCannonWarhead, to no otherwise."
PreImpactAnim.Moves,bool,-1,PreImpactAnim.Moves,如果yes，最终的爆点就会移动到 PreImpactAnim 结束的位置，例如写了个可移动的火人动画那就最后爆到火人消失的地方。默认 no。 对子武器会强制使用 AroundTarget=no 的效果,0,,Warheads,"Can be used to optionally move the bullet when the animation used as PreImpactAnim moves while playing. If yes, moves the bullet to the last location of the animation and sets the target to the cell containing the animation. Defaults to no."
DeathWeapon.SuppressVehicles,bool,-1,DeathWeapon.SuppressVehicles,写yes后被这个弹头击杀的所有载具都不会触发死亡武器。如果写no，上面那条依然会检查。默认no 注意：拥有BalloonHover=yes的 载具 在坠毁时额外引爆的那次DeathWeapon不受此条限制,0,,Warheads,"Whether death weapons of all VehicleTypes are suppressed when this warhead kills. If no, DeathWeapon.Suppress is still checked. Defaults to no."
DeathWeapon.SuppressInfantry,bool,-1,DeathWeapon.SuppressInfantry,同上，针对步兵的设置。默认no,0,,Warheads,"Whether death weapons of all InfantryTypes are suppressed when this warhead kills. If no, DeathWeapon.Suppress is still checked. Defaults to no."
KillDriver,bool,-1,KillDriver,该弹头能否杀死驾驶员，与载具 Operator 匹配的第一个载员会被视为驾驶员被狙杀，其他载员则会离开载具。,0,,Warheads,"Specifies whether this warhead kills the driver of the vehicle, instead of damaging the vehicle itself. The first passenger matching the vehicle’s Operator is considered the driver. All other passengers will be ejected. Defaults to no."
KillDriver.RemoveVeterancy,bool,-1,KillDriver.RemoveVeterancy,当一个单位被狙杀驾驶员之后，移除它的等级。默认no。,0,,Warheads,Whether a unit will revert to rookie rank when the driver is killed and the unit changes owner. Not applied if the owner does not change. Defaults to no.
Passengers.BySize,bool,-1,Passengers.BySize,决定这个载具在装载乘员的时候，是否读取Size，如果no，则载具能装载相当于它Passengers数量的单位。（即所有成员只占1格）。默认yes。 需要注意的是，SizeLimit是永久读取的。对建筑无效，也就是你并不能通过在YAPOWR上设置这句为no来让BRUTE占2个坑,0,,VehicleTypes,"Whether passengers will take up as much space in the cargo hold as their Size instead of taking up only one seat no matter the size of the object. If no, the transport can always contain up to Passengers units. Defaults to yes. Note SizeLimit is always respected. A too large unit will still not be able to enter."
Carryall.Allowed,bool,-1,Carryall.Allowed,这个载具能否吊运，Organic=yes和NonVehicle=yes的单位不能吊运 这是Ares新增的规则，如果不使用Ares那么有这两句也不会影响吊运 如果指定那么覆盖全局，目前不可能“撤消”这个标签，所以必须指定这个标签 蜘蛛什么的不能吊运 该单位要成功吊运必须要有AirportBound=no并且没有Dock=，否则会出问题 建议不要吊运船，否则放不回水里，而扔到地上会爆掉，所以船尽量设置Carryall.Allowed=no,0,,VehicleTypes,"Can this unit be picked up by a carryall? If not set, Organic=yes and NonVehicle=yes units cannot be picked up. If specified, Carryall.Allowed overrules those considerations. Currently it is not possible to “unset” this tag to use the default again. You have to set it explicitly. Note Units infected with a Parasite (Terror Drone/Squid) cannot be picked up."
HasSpotlight,bool,-1,HasSpotlight,是否使用探照灯，现在探照灯能够用于单位，建筑上的按原样扫描，车上的只能往前 注意：地图预置的还需要关联一个使用 52 号结果的触发标签来刷新探照灯状态，否则不会创建探照灯效果,0,,VehicleTypes,"If set to yes, creates a spotlight from the unit or structure. Defaults to no."
Spotlight.DisableRed,bool,-1,Spotlight.DisableRed,光照参数（不使用红色，绿色，蓝色） 三条均为 yes（即三个颜色通道全部禁用）时就看不出光圈了,0,,VehicleTypes,If set to yes then the spotlight will not emit any red light. Defaults to no.
Spotlight.DisableGreen,bool,-1,Spotlight.DisableGreen,光照参数（不使用红色，绿色，蓝色） 三条均为 yes（即三个颜色通道全部禁用）时就看不出光圈了,0,,VehicleTypes,If set to yes then the spotlight will not emit any green light. Defaults to no.
Spotlight.DisableBlue,bool,-1,Spotlight.DisableBlue,光照参数（不使用红色，绿色，蓝色） 三条均为 yes（即三个颜色通道全部禁用）时就看不出光圈了,0,,VehicleTypes,If set to yes then the spotlight will not emit any blue light. Defaults to no.
Spotlight.DisableColor,bool,-1,Spotlight.DisableColor,是否使地面更暗而不是更亮，同时无视上面三条颜色设定，效果是一个暗色的光圈,0,,VehicleTypes,"If set to yes then the spotlight will paint the ground darker, instead of brighter, and the disable red/green/blue flags mentioned above will be ignored. Defaults to no."
AllowMultiEngineer,bool,-1,AllowMultiEngineer,启用多位工程师勾选框，在 uimd.ini,0,,UISettings,Specifies whether the user can turn the Multi Engineer feature on and off from the menu. Defaults to no. If the checkbox is not shown the settings in rulesmd.ini will be enforced. The checkbox uses GUI:MultiEngineer as its caption.
ImmuneToEMP,bool,-1,ImmuneToEMP,是否免疫 EMP,0,,TechnoTypes,"The above tag specifies whether or not the TechnoType is immune to the effects of EMP. The default immunity status is determined based on the following rules: BuildingTypes: Defaults to no if Powered=yes and Power is negative. Defaults to no if providing one or more of the following special functions: Radar Super weapons (SuperWeapon and SuperWeapon2 only) Undeploy into a vehicle (e.g. Construction Yards) Powers vehicles (e.g. Robot Control Centre) Gap Generator Sensors Laser Fence Posts Defaults to yes otherwise. InfantryTypes: Defaults to no if Cyborg=yes, to yes otherwise. VehicleTypes and AircraftTypes: Defaults to yes if Organic=yes, to no otherwise."
VehicleThief.Allowed,bool,-1,VehicleThief.Allowed,该载具是否允许被偷窃，默认为是 提示： 默认情况下劫车犯不能劫持中立车辆，包括被 击杀驾驶员 的，但是你可以通过连用 VehicleThief=yes 和 CanDrive=yes 来允许。 新增逻辑 全局功能,0,,TechnoTypes,Whether this VehicleType or AircraftType can be hijacked by vehicle thieves. Defaults to yes.
CanPassiveAquire.Guard,bool,-1,CanPassiveAquire.Guard,是否在Guard模式（放在那不管）下能够主动攻击，如果设置no，那么这个单位不会主动攻击，不过在Area Guard模式下依然可以主动攻击。默认yes,0,,TechnoTypes,"Whether this unit can acquire targets on their own when in guard mode. If set to no, the unit will hold fire, but can be made to acquire own targets by putting it in area guard mode. Defaults to yes."
CanPassiveAquire.Cloak,bool,-1,CanPassiveAquire.Cloak,是否在隐形且处于Guard模式下能够主动攻击，如果设置no，那么这个单位在隐形时不会主动攻击，不过在Area Guard模式下依然可以主动攻击。CanPassiveAquire.Guard=no会覆盖这个标签，默认yes 如果第一条yes（默认），第二条no，那隐形坦克在隐形状态就不会主动攻击，但是暴露时就会主动攻击，或者一些平时不会隐形的单位，也可以设置这条，当偶然获得隐形时就不会随便惹事了。 注意：由于 OpportunityFire=yes 等原因记录了目标那么由于目标没有丢失仍会继续开火。,0,,TechnoTypes,"Whether this unit can acquire targets on their own when the unit is cloakable and in guard mode. If set to no, the unit will hold fire if cloakable and in guard mode, but can be made to acquire own targets by putting it in area guard mode. CanPassiveAquire.Guard=no overrides this tag. Defaults to yes."
NoManualFire,bool,-1,NoManualFire,是否不能手动选择目标进行攻击，仅依靠单位自身判断进行攻击。默认no 禁止手动卸载乘员 这可以让玩家不能手动逐出乘员，可以用到超空间监狱上面去。当然，被摧毁的时候依然会出来，如果要改成被摧毁时不出来参考生还者逻辑。 [VehicleType/AircraftType]►NoManualUnload= (boolean) 是否不能手动卸载乘员。默认no 3.0RC5开始已经不影响从坦克碉堡撤出了 禁止手动装载乘员,0,,TechnoTypes,"Whether players may not select targets for this type of object manually. If enabled, units will have to rely on auto-targeting and retaliation rules. Defaults to no."
NoManualEnter,bool,-1,NoManualEnter,是否不能手动装载乘员。默认no 禁止手动区域防御 如果你把鼠标放到军医上就会显示区域防御指针，现在可以取消这种情况。,0,,TechnoTypes,"Whether units will not get an enter or no-enter cursor when on this object. If yes, the select cursor is used, as if this unit is not a transport. Defaults to no."
OmniCrusher.Aggressive,bool,-1,OmniCrusher.Aggressive,这个单位是否会在攻击时老是想着去压对方，即使它跑得比西方记者还慢，如果否，这个单位不会想法设法接近对方碾毙之。需要OmniCrusher=yes。默认yes,0,,TechnoTypes,"Whether or not a unit should try to crush its target aggressively. If no, the unit will not try to come as close as possible to the target to finally crush it. Requires OmniCrusher=yes. Defaults to yes. Note Only supported if OmniCrusher=yes is set. The default might change in a later version."
Gattling.Cycle,bool,-1,Gattling.Cycle,当盖特计数器到达最后一阶盖特的 StageX 值后是否会跳回第一阶，默认no即原版行为,0,,TechnoTypes,"When the last Stage or EliteStage is completed, the counter will wrap around and restart with the first stage without the firing unit losing target. Requires IsGattling=yes. Defaults to no."
Cloakable.Allowed,bool,-1,Cloakable.Allowed,"是否可以隐形，如果写否那么就算用隐形装置也不能让这玩意儿隐形，默认yes 反隐形 在TS里SensorArray=yes使用SensorsSight=的范围来探知隐形和地下单位,并且绘制范围扫描圈。 即使被摧毁然而探知能力仍然存在的问题将不再发生。 两个新的EVA警告已经被添加，EVA_CloakedUnitDetected和EVA_SubterraneanUnitDetected，这两个会在探测到隐形单位或地下单位时播放。 设置反隐形或反地下单位的通报间隔",0,,TechnoTypes,"Whether this techno is allowed to cloak at all. If set to no, this techno is not allowed to be cloaked (neither through self-cloak nor through Cloak Generators). Defaults to yes."
SensorArray.Warn,bool,-1,SensorArray.Warn,单位被传感器侦测到是否会发出警告。默认yes,0,,TechnoTypes,"Whether EVA warnings and radar events should be generated if this type is detected. This does not hide the unit or building from the Sensor Array, and the object will still become visible. Defaults to yes."
Experience.FromPassengers,bool,-1,Experience.FromPassengers,载具里的乘客开火载具能够得到经验，默认yes,0,,TechnoTypes,Allow OpenTopped=yes and Gunner=yes units to gain experience when a passenger kills an enemy. If this is no the unit only gets promoted when killing enemies itself. For gunners like the IFV this means the vehicle may not have any passengers to gain experience. Defaults to yes.
Experience.PromotePassengers,bool,-1,Experience.PromotePassengers,如果载具满级那么乘客得到经验，默认no,0,,TechnoTypes,"If an OpenTopped=yes or Gunner=yes unit is trainable and already elite, the passenger shooting will get the experience instead. If this is no the additional experience will be lost as the vehicle is elite already. Defaults to no."
Experience.FromAirstrike,bool,-1,Experience.FromAirstrike,"如果一个击杀由鲍里斯那样的召唤飞机做的, 召唤者能够得到经验而不是给飞机，默认no",0,,TechnoTypes,"If a kill gets credited to an aircraft that was called in by an air strike, the designator will get the experience instead of the actual aircraft. Defaults to no."
Promote.IncludePassengers,bool,-1,Promote.IncludePassengers,是否所有有Trainable=yes的单位会被设置为与该载具相同的等级。默认no,0,,TechnoTypes,"Whether all Trainable=yes passengers will be set to the same rank if the rank of this transport unit changes. Defaults to no. Note The passengers’ veterancy is discarded when the vehicle is promoted. This should not be used on manually controllable transports, because they could degrade elite passengers to veterans, for example."
KeepAlive,bool,-1,KeepAlive,决定这个单位能否让玩家保持存活，这是从DontScore=和Insignificant=中分离出来的逻辑。只要玩家持有至少一个可以这样的单位，便不会因为快速游戏而被判负。 对于Insignificant=no和DontScore=no的建筑默认为yes，其他默认为no。 列在 [General]►BaseUnit= 中的载具始终拥有等效于 KeepAlive=yes 的效果。,0,,TechnoTypes,"Whether an object of this type will keep the owning player alive, independent of DontScore= and Insignificant=. Defaults to yes for Insignificant=no and DontScore=no buildings, to no otherwise (including all units, infantry and aircraft). Note No matter this setting, VehicleTypes contained in the [General]►BaseUnit= list will always keep the player alive during Short Games. This might change in the future."
Unsellable,bool,-1,Unsellable,决定此单位能否在有UnitSell=yes的Dock建筑内进行变卖。默认[General]►UnitsUnsellable=,0,,TechnoTypes,Whether this unit can be sold at UnitSell=yes docking structures. Defaults to [General]►UnitsUnsellable=.
AlternateTheaterArt,bool,-1,AlternateTheaterArt,例如，给单位设置Image=JUNK和AlternateTheaterArt=yes会使这个单位使用雪地装 [JUNKA]，沙漠装 [JUNKD] 等等，没有相应SHP默认 [JUNK]，比原来的更灵活 最后一个字母的规则与NewTheater相同，T代表温和，A代表雪地，U代表城市，D代表沙漠，L代表月球，N代表新城市,0,,TechnoTypes,"Specifies whether or not this SHP-based unit can have alternate art depending on the theater of the current map. For example, setting Image=JUNK and AlternateTheaterArt=yes on a unit will make the unit load artmd.ini section [JUNKA] on arctic, [JUNKD] on desert, and so on according to theater. If any of those sections do not exist then the unit will fall back to [JUNK]. So quite similar to AlternateArcticArt, just automatic and smarter. Defaults to no."
Insignia.ShowEnemy,bool,-1,Insignia.ShowEnemy,这个单位能否把等级给敌人看，默认[General]►EnemyInsignia 注意 观察者还是看得到的。,0,,TechnoTypes,Whether insignia for a unit of this type will be shown for enemy players. Defaults to [General]►EnemyInsignia.
ImmuneToBerserk,bool,-1,ImmuneToBerserk,决定一个单位是否免疫狂暴，即神经突击车的攻击效果。可以覆盖ImmuneToPsionics和psionicsimmune升级能力的效果。如果yes，即使ImmuneToPsionics=no也能免疫狂暴；如果no，单位一定能被混乱气体影响。默认ImmuneToPsionics或psionicsimmune升级能力（也就是说默认行为是动态的） 对于升级获取免疫效果见 精英和老兵时获得的能力 一节，对于新增免疫类型见 新增免疫类型 一节,0,,TechnoTypes,"Whether this object is immune to berserking, the Chaos Gas effect. Can be used to override ImmuneToPsionics and the PSIONICSIMMUNE ability. If set to yes, the object is not affected by Chaos Gas even if not ImmuneToPsionics=yes; if set to no, the object can be affected by Chaos Gas despite maybe being immune to psionics. If not set, acts as if set to yes if ImmuneToPsionics=yes or the object gained the PSIONICSIMMUNE ability through veterancy, otherwise as if set to no. Note Currently, the default of not being set cannot be restored once this tag has been set."
CivilianEnemy,bool,-1,CivilianEnemy,这种单位是否被视为主动攻击目标。默认no 如果平民单位不被视作威胁，那么只有当这些平民单位攻击你的单位时才会进行反击，典型如器官兽和泰伯利亚肉球把房子一个个拆掉。这里有两个新的全局标签改善这种情况。,0,,TechnoTypes,Whether this unit is considered an enemy when auto-acquiring a target. Enabling this prevents a unit of this type to be considered neutral in multiplayer matches. Defaults to no.
Bounty,bool,-1,Bounty,该单位是否拥有获得赏金的能力。默认no,0,,TechnoTypes,Whether this object will be awarded bounty when destroying enemy units or structures either by firing at them or by crushing them. Defaults to no.
Bounty.Display,bool,-1,Bounty.Display,是否摧毁单位获得赏金时显示获得效果。默认[AudioVisual]►BountyDisplay 微观（定义猎物）,0,,TechnoTypes,Whether enemy units and structures will display the amount of bounty awarded when destroyed by an object of this type. Defaults to [AudioVisual]►BountyDisplay.
DamageSparks,bool,-1,DamageSparks,定义该单位是否会飙出 DamageParticleSystems 所指定的粒子系统。对于步兵默认同 Cyborg=的值，其他默认 no。,0,,TechnoTypes,"Defines whether an object of this type should spawn spark particle systems defined by DamageParticleSystems. Defaults to Cyborg for InfantryTypes, to no otherwise."
ImmuneToAbduction,bool,-1,ImmuneToAbduction,这个单位不能被吸入只会受到伤害，默认no,0,,TechnoTypes,Specifies whether the unit cannot be abducted. Only the conventional damage is dealt. Defaults to no.
PassengerTurret,bool,-1,PassengerTurret,吸单位后会改变炮塔，吸入一个改变一次 0 passengers footur.vxl 1 passenger footur1.vxl 5 passengers footur5.vxl 要用这个逻辑该单位必须使用Turret=yes，TurretCount，WeaponX,0,,TechnoTypes,"If set to yes, this unit’s turret will switch to the turret with the index equivalent to the number of passengers it holds. Defaults to no. 0 passengers footur.vxl 1 passenger footur1.vxl 5 passengers footur5.vxl Note In order to use this, you have to use YR’s multi-turret logic, that is, you have to specify Turret=yes, an appropriate TurretCount, and you have to use the WeaponX flags to specify weapons."
Drain.Local,bool,-1,Drain.Local,吸取单位或被吸的建筑中至少一者为yes则吸取时仅吸取该建筑的电力而非连带整个基地的电力，默认no,0,,TechnoTypes,"Whether this unit drains only the local power from its target building, or whether this building does not bring down the entire power grid of the owning player when drained. If any of the draining unit or the building drained have this set to yes, only the local power is drained. If both have this set to no, then the victim’s entire power is drained. Defaults to no."
ProtectedDriver,bool,-1,ProtectedDriver,该载具驾驶员能否被杀死。默认yes,0,,TechnoTypes,"Whether the driver of this vehicle cannot be killed, i.e. whether this vehicle is immune to KillDriver. Organic=yes and Natural=yes units are always immune to KillDriver. Defaults to no."
CanDrive,bool,-1,CanDrive,该步兵能否占领驾驶被狙杀驾驶员的中立载具。默认不能 如果载具需要 Operator 那么步兵驾驶员会启动载具并作为乘客进入，随后可以退出，否则驾驶员会被移除，然后组一辈子的车队,0,,TechnoTypes,"Whether this InfantryType can act as the driver of vehicles whose driver has been killed, effectively reclaiming the vehicle. If the vehicle requires an Operator the infantry driver turns the unit and enters as passenger that can be ejected later, otherwise the driver is swallowed, becoming the permanent driver of the vehicle. Defaults to no."
CanBeDriven,bool,-1,CanBeDriven,决定这个单位能否被 CanDrive=yes 的步兵占领。即便可以也可能由于所属方等问题无法被占领。,0,,TechnoTypes,"Whether this unit can be reclaimed by a driver. If no, this unit cannot be captured by a driver after the original driver has been killed. If yes, ownership and other still might still prevent the unit from being captured. Defaults to yes."
TiberiumSpill,bool,-1,TiberiumSpill,这个单位被摧毁时是否会洒出自己所携带的矿石。默认no 矿石关联单位当前携带的类型和数量，如果单位当前空仓（及不能运输矿石）则不会洒，毕竟没得洒 如果希望不检查这些，只要摧毁就产生矿石，参见 泰伯利亚残留。,0,,TechnoTypes,Whether this techno with positive Storage will spill parts of its stored tiberium when destroyed. Defaults to no.
TiberiumHeal,bool,-1,TiberiumHeal,有这条语句的单位可以被治疗。默认no。 以下参数可以用于调整泰伯利亚矿的治愈值,0,,TechnoTypes,"Whether this unit heals if standing on a cell containing Tiberium. Defaults to no. Note If yes, units leave behind a random amount of tiberium when destroyed or killed by default. This can be customized. See Tiberium Remains."
TiberiumRemains,bool,-1,TiberiumRemains,该单位被摧毁时是否留下泰伯利亚，默认TiberiumHeal当[General]►TiberiumHealEnabled=yes开启时，否则不,0,,TechnoTypes,"Whether this unit leaves behind tiberium when destroyed. Defaults to TiberiumHeal if [General]►TiberiumHealEnabled=yes, to no otherwise."
TiberiumProof,bool,-1,TiberiumProof,是否免疫泰矿伤害。步兵默认no，其他类型单位是 泰矿伤害和弹头,0,,TechnoTypes,
Chronoshift.Allow,bool,-1,Chronoshift.Allow,指定这个单位能否被空间转移超武转移，默认yes 如果 SW.AffectsTarget 有 buildings 那么这句即可决定建筑能否被超时空传送 否则需要让建筑被视为载具来使用传送，即下句和 空间传送 页相关内容,0,,TechnoTypes,Specifies whether this unit is allowed to be affected by the Chronosphere super weapon. Otherwise it will be ignored. Defaults to yes.
Chronoshift.Crushable,bool,-1,Chronoshift.Crushable,如果设置为no，那么这个单位不会被超时空传送过来的单位压在下面，取而代之的是被超时空传送过来的单位被摧毁（下克上）。不要用在建筑上。默认yes,0,,TechnoTypes,"If set to no, this unit can no longer be crushed by chronoshifting units onto it. Instead, the chronoshifting unit will be destroyed. Does not apply to BuildingTypes. Defaults to yes."
HunterSeeker.Ignore,bool,-1,HunterSeeker.Ignore,是否狩猎者不把这个单位作为攻击目标，即使没有其他目标了狩猎者也不会对其进行攻击。默认no,0,,TechnoTypes,
SW.CreateRadarEvent,bool,-1,SW.CreateRadarEvent,是否建立雷达事件，超时空超武两个点都会创建。然而这东西疑似没做完而且许多超武类型都在Ares中硬编码禁用了它。,0,,SuperWeaponTypes,
SW.ShowCameo,bool,-1,SW.ShowCameo,是否在防御栏显示此超武，默认yes 这个语句 需要SW.AutoFire=yes 才有效 也就是只有SW.AutoFire=yes时才能用SW.ShowCameo=no来隐藏图标 可以额外添加SW.AITargeting=None来禁用SW.AutoFire=yes的效果 你可以为了另外两条的工作而给它把 AITargeting 设置成 None,0,,SuperWeaponTypes,
SW.InitialReady,bool,-1,SW.InitialReady,决定这个超武是否刚获得时就充能完毕，当发射一次之后，计时恢复正常。默认no,0,,SuperWeaponTypes,
SW.VirtualCharge,bool,-1,SW.VirtualCharge,决定这个超武使用虚拟充能 这个逻辑可以用来分开超武充能和建筑存在。若开启则即便失去超武建筑，计时器也会隐藏到后台继续充能，等到所属方再次持有建筑时重新显示图标和计时器。默认no,0,,SuperWeaponTypes,
SW.FireIntoShroud,bool,-1,SW.FireIntoShroud,能否丢进黑幕，默认yes,0,,SuperWeaponTypes,Whether or not this super weapon is allowed to fire into an unexplored area of the map. Default is yes.
SW.UseAITargeting,bool,-1,SW.UseAITargeting,如果是，则人类玩家点击图标时自动发射超武，而不需要手动选择目标。选择目标交给AITargeting。 如果不符合AI瞄准的约束条件，则超武图标会黑掉（约束条件见下），如果超武目前无法依靠AITargeting发射，会反馈一个文本信息给玩家。,0,,SuperWeaponTypes,"Whether AI targeting will decide the target used when firing this super weapon. If yes, clicking the cameo will not allow manual target selection and instead fire the super weapon at an automatically determined location. Defaults to no. All applicable AI targeting constraints have to be satisfied for the super weapon to fire and actually discharge. If the constraints are not satisfied, the cameo will be darkened. If the player tries to fire the super weapon anyhow, the message Message.CannotFire is displayed."
SW.AutoFire,bool,-1,SW.AutoFire,无需点击自动发出，会根据AITargeting的值进行评估，默认no 仅在本语句启用时SW.ShowCameo和SW.ManualFire才生效,0,,SuperWeaponTypes,"Sets whether this super weapon will be launched automatically once ready even for human players. If set to yes, the AI targeting options are used to infer the target cell. Defaults to no."
SW.ManualFire,bool,-1,SW.ManualFire,能否人工发出，即SW.AutoFire没有目标时玩家能否自己指定目标，若no掉则玩家点击图标后不会获得光标,0,,SuperWeaponTypes,"Sets whether this super weapon can be manually fired by the owning player. If set to no, the player will not be able to get a selection cursor for this super weapon when clicking the cameo. This setting is ignored if SW.AutoFire=no is set, because the player would have no way to fire this super weapon. Defaults to yes. Note You can use this on auto-firing super weapons where the targeting mode might prevent it from being fired (like the Lightning Storm or Psychic Dominator, if another super weapon of this type is currently active)."
SW.AnyDesignator,bool,-1,SW.AnyDesignator,是否任何单位都能做指示者，覆盖SW.Designators。默认no,0,,SuperWeaponTypes,Whether any unit or structure is considered a valid designator for this super weapon. Overrides SW.Designators. Defaults to no.
SW.AnyInhibitor,bool,-1,SW.AnyInhibitor,是否任何单位都能做抑制者，覆盖上面那个。,0,,SuperWeaponTypes,Whether any unit or structure is considered a valid inhibitor for this super weapon. Overrides SW.Inhibitors. Defaults to no.
SW.AllowPlayer,bool,-1,SW.AllowPlayer,决定这个超武是否为玩家所有，默认yes,0,,SuperWeaponTypes,Whether this super weapon will be available to human players. Defaults to yes.
SW.AllowAI,bool,-1,SW.AllowAI,决定这个超武是否为AI所有，默认yes 辅助建筑 在TS里NOD有一个叫化学飞弹的超武，这个超武必须要有另一个非超武建筑化学工厂（介绍是化学工厂生产化学飞弹）才能使用，化学工厂被称为辅助建筑，这个逻辑在ARES里得到了复原。,0,,SuperWeaponTypes,Whether this super weapon will be available to AI players. Defaults to yes.
SW.AlwaysGranted,bool,-1,SW.AlwaysGranted,"决定此超武是否不需要建筑，直接出现。仍然遵循AuxBuilding, SW.AuxBuidings, SW.NegBuildings, SW.ForbiddenHouses, SW.RequiredHouses, SW.AllowPlayer和SW.AllowAI。默认no 注意：这个语句会影响一些超武的表现形式 例如没有核弹井时就拥有核弹，那么核弹会表现为Nuke.SiloLaunch=no时的效果 当同时拥有核弹井时才会重新变为从核弹井中发射，所以也曾用于做根据建筑的超武效果切换效果 新增鼠标 具体可以看自定义鼠标动作",0,,SuperWeaponTypes,Whether this super weapon is not provided by any particular building but is instead always available as long as the player has not been defeated. Defaults to no.
SW.Unstoppable,bool,-1,SW.Unstoppable,是否禁止手工停止，注意这个功能简直就是 火风暴 和 电池 专用，用于别的超武未必合适。 花费,0,,SuperWeaponTypes,Whether this super weapon can be stopped when active. Otherwise clicks on the super weapon’s cameo are ignored. Defaults to no.
Message.FirerColor,bool,-1,Message.FirerColor,是否用玩家色显示信息，默认no,0,,SuperWeaponTypes,Messages are displayed in the firing house’s color scheme. Defaults to no.
Light.Enabled,bool,-1,Light.Enabled,是否引起全局光改变，只支持第一超武 第一超武就是指核弹、闪电风暴、心灵支配三类，其他类型的超武想改变全局光效就要同步释放一个可以改变全局光效的超武 由于这三种中只有核弹超武可以全场多个位置同时无CD释放，所以它是最优选项。例如你用其他超武做了一个假的闪电风暴超武又需要改变全局光，那么你就可以持续引爆一个核弹超武来改变光照。同步释放的方法包括但不限于一开始丢一个建筑挂上瞄准方式为自身的真超武和专用于改变全局光的超武用完把建筑炸了、现代拓展引擎的超武Next、超武释放时引爆一个武器使用弹头释放超武逻辑……,0,,SuperWeaponTypes,Whether the lighting gets respected or not. Currently only the primary super weapons support lighting changes.
Lightning.PrintText,bool,-1,Lightning.PrintText,是否会出现闪电风暴接近中的CSF。默认[General]►LightningPrintText 可以用前文 Message.* 部分的内容自由定义,0,,SuperWeaponTypes,Enables the warning text appearing shortly before the Lightning Storm strikes. Defaults to [General]►LightningPrintText.
Lightning.IgnoreLightningRod,bool,-1,Lightning.IgnoreLightningRod,是否无视建筑 避雷针 LightningRod=yes。默认no,0,,SuperWeaponTypes,Disables the special handling for buildings with LightningRod=yes set. Defaults to no.
Nuke.SiloLaunch,bool,-1,Nuke.SiloLaunch,是否从核弹井发射，否的话弹头会直接在目标点20000高度处落下，无法定义高度值 若为否则核弹发射建筑要有NukeSilo=yes 一些特殊情况 核弹的一切起飞武器之类都要用子武器列表注册，总之要照抄原来的那套，ARES允许多个类型核弹井发射同一超武。,0,,SuperWeaponTypes,"Whether this missile is launched from a building with NukeSilo=yes providing this super weapon. Otherwise the weapon defined by Nuke.Payload is created off-screen, aiming for the target cell. Defaults to yes."
Dominator.Capture,bool,-1,Dominator.Capture,是否可以控制。默认可以,0,,SuperWeaponTypes,Defines whether this Psychic Dominator captures units in its range. Otherwise only the damage is dealt. Defaults to yes.
Dominator.Ripple,bool,-1,Dominator.Ripple,是否使用波纹效果,0,,SuperWeaponTypes,Defines whether this Psychic Dominator creates a ripple effect when the Psychic Dominator strikes. Defaults to yes.
Dominator.CaptureMindControlled,bool,-1,Dominator.CaptureMindControlled,是否可以控制已经被控制的单位。默认yes,0,,SuperWeaponTypes,Defines whether this Psychic Dominator can capture units that are mind-controlled already. Otherwise already mind-controlled units are ignored. Defaults to yes.
Dominator.CapturePermaMindControlled,bool,-1,Dominator.CapturePermaMindControlled,是否控制已经被其他心灵支配永久控制的单位。默认yes,0,,SuperWeaponTypes,Defines whether this Psychic Dominator can capture units that are permanently mind-controlled already. Otherwise already permanently mind-controlled units are ignored. Defaults to yes.
Dominator.CaptureImmuneToPsionics,bool,-1,Dominator.CaptureImmuneToPsionics,是否可以强行控制免疫心控的单位。默认no,0,,SuperWeaponTypes,Defines whether this Psychic Dominator can capture units that usually aren’t mind-controllable. Setting this to yes ignores the ImmuneToPsionics tag on its victims. Defaults to no.
Dominator.PermanentCapture,bool,-1,Dominator.PermanentCapture,是否永久。默认yes，不得再控制回去，如果否的话可以用普通的心灵控制武器把被受此心灵支配的单位控走,0,,SuperWeaponTypes,"Defines whether the victims are permanently mind-controlled. Setting this to no allows other mind-controllers to re-capture the victim, otherwise it will be uncapturable. Defaults to yes."
Chronosphere.ReconsiderBuildings,bool,-1,Chronosphere.ReconsiderBuildings,是否移动 Chronoshift.IsVehicle=yes 的建筑。默认移动,0,,SuperWeaponTypes,Defines whether the chronoshift will consider buildings with Chronoshift.IsVehicle=yes as vehicles instead. Otherwise deployed-vehicle type buildings always count as buildings like with the original Chronosphere. Defaults to yes.
Chronosphere.KillOrganic,bool,-1,Chronosphere.KillOrganic,是否击杀 Organic=yes 的对象。默认yes，no 的话乌贼等生物类单位也可超时空 注：步兵默认 Organic=yes，即计算在内,0,,SuperWeaponTypes,Defines whether the chronoshift will kill all organic units. Otherwise the units will not be killed by the chronoshift and teleport instead. Defaults to yes.
Chronosphere.KillTeleporters,bool,-1,Chronosphere.KillTeleporters,在上一条为 yes 的情况下，是否即便这些单位有 Teleporter=yes 也依旧击杀。默认no,0,,SuperWeaponTypes,Defines whether the chronoshift will kill units with Teleporter=yes set. Otherwise the units will be chronoshifted. Defaults to no.
Chronosphere.KillCargo,bool,-1,Chronosphere.KillCargo,当单位被超时空时，击杀内部的乘员／驻兵。默认no,0,,SuperWeaponTypes,Whether all passengers and occupants should be killed when the object is chronshifted. Defaults to no.
Chronosphere.AffectsIronCurtain,bool,-1,Chronosphere.AffectsIronCurtain,是否可以移动铁幕单位。默认no,0,,SuperWeaponTypes,Defines whether the chronoshift will affect iron curtained units. Otherwise the units will be ignored. Defaults to no.
Chronosphere.AffectsUnwarpable,bool,-1,Chronosphere.AffectsUnwarpable,是否受Warpable=no影响。默认yes 这是Ares新增的规则，如果没有Ares那么Warpable并不能禁用超时空移动,0,,SuperWeaponTypes,Defines whether the chronoshift will affect units with Warpable=no set. Otherwise the units will be ignored. Defaults to yes.
Chronosphere.AffectsUndeployable,bool,-1,Chronosphere.AffectsUndeployable,是否影响拥有 UndeploysInto 的建筑，如果yes，建筑会像车辆一样找最近的空地着陆。默认no,0,,SuperWeaponTypes,"Defines whether the chronoshift will affect buildings that can be undeployed into units again. Effectively, if a building has UndeploysInto= set and this value is yes, SW.AffectsTarget and Chronoshift.IsVehicle are bypassed and the building is chronoshifted with vehicle placement rules. Defaults to no. Note “Undeployable” means buildings that can undeploy, rather than vehicles that cannot deploy."
Chronosphere.BlowUnplaceable,bool,-1,Chronosphere.BlowUnplaceable,是否摧毁超时空失败的建筑。默认yes 现在可以直接移动一般建筑，其他规则同上。 这里还是有问题，超时空的机场不允许生产飞机，探照灯会留在原地。 ,0,,SuperWeaponTypes,"Defines whether the chronoshift will destroy buildings that don’t fit in the target location, otherwise the buildings will stay at the source location. This function will not spare units that have been deployed into buildings. Defaults to yes."
Mutate.Explosion,bool,-1,Mutate.Explosion,如果是，就用 SW.Damage 和 SW.Warhead 造成一次杀伤，无视其他 否的话就用 SW.Warhead 秒杀单位，无视比例和免疫系统。 默认,0,,SuperWeaponTypes,"Switches between two modes. If yes, the Genetic Mutator will cause an explosion using SW.Warhad and SW.Damage without respecting any other Genetic Mutator specific tags. Otherwise all infantry units in range are damaged using SW.Warhead and SW.Damage, verses and immunities are respected. Defaults to [General]►MutateExplosion."
Mutate.IgnoreCyborg,bool,-1,Mutate.IgnoreCyborg,是否无视电子人 Cyborg=yes，Mutate.Explosion=yes则无视。默认no,0,,SuperWeaponTypes,Whether the Genetic Mutator will not affect infantry with Cyborg=yes set. Ignored if Mutate.Explosion=yes. Defaults to no.
Mutate.IgnoreNotHuman,bool,-1,Mutate.IgnoreNotHuman,是否影响非人类 NotHuman=yes，如果 Mutate.Explosion=yes无视。默认no,0,,SuperWeaponTypes,Whether the Genetic Mutator will not affect infantry with NotHuman=yes set. Ignored if Mutate.Explosion=yes. Defaults to no.
Mutate.KillNatural,bool,-1,Mutate.KillNatural,是否直接地使用弹头 SW.Warhead 杀死 Natural=yes 的对象，Mutate.Explosion=yes 则忽略该设置。默认yes,0,,SuperWeaponTypes,Whether the Genetic Mutator will just kill infantry with Natural=yes set opposed to affecting it using SW.Warhead. Ignored if Mutate.Explosion=yes. Defaults to yes.
Deliver.Buildups,bool,-1,Deliver.Buildups,丢建筑出来是否播放建造动画。默认no 这个语句在0.C被移除了，现在总是会播放建造动画,0,,SuperWeaponTypes,
Deliver.BaseNormal,bool,-1,Deliver.BaseNormal,当建筑被此超武投下来时，可否用来当做拓展建筑。如果yes，则遵循建筑设定，no则无法拓展。默认yes 目前强制人类玩家Deliver出的单位初始处于Guard而AI玩家Deliver出的单位初始处于Hunt,0,,SuperWeaponTypes,"Whether other buildings can be built adjacent to buildings delivered using this super weapon. If yes, normal base space rules will apply. If set to no, delivered buildings will not provide base space to build adjacent to. Defaults to yes."
HunterSeeker.RandomOnly,bool,-1,HunterSeeker.RandomOnly,"是否所有敌方实体都有均等的概率作为狩猎者的目标，如果不是, 非民用目标会被有限考虑；如果没有首选目标， 那么仍会选择随机选取目标进行攻击。默认no 如何设置狩猎者和攻击目标请去阵营与国家看。 关于狩猎者 狩猎者在TS里是一种飞行类单位并且有HunterSeeker=yes的设置，它由狩猎者超武发出，具体的请去ModEnc查看。",0,,SuperWeaponTypes,"Whether every enemy object on the map has an equal chance of being targeted by the Hunter Seeker. If no, non-civilian targets are preferred for human players in multiplayer games, and only if no preferred target is found, a random target is chosen. Defaults to no."
EMPulse.TargetSelf,bool,-1,EMPulse.TargetSelf,是否向自己发射，也就是并不实际发射而是像死亡武器那样在自己身上爆一发，如果真的要对建筑自身造成伤害那么必须设置DamageSelf=yes。默认no 此外该语句设为yes的情况下EMPulse超武发射的武器才能正常创建辐射（Phobos已允许为no的情况）,0,,SuperWeaponTypes,"Whether each cannon to fire should fire its primary weapon at itself. The cannon does not actually fire; the weapon just detonates once on the cannon building immediately, similar to a death weapon. To actually damage itself, the building needs to have DamageSelf=yes set. Defaults to no."
EMPulse.Linked,bool,-1,EMPulse.Linked,是否只要一门炮满足发射范围，其他炮是否满足发射范围也无所谓，只有在SW.MaxCount超过1时才会表现出来 与直接将炮作为指示者的区别是其他炮可以不满足射程等要求。默认no,0,,SuperWeaponTypes,Whether only one cannon needs to satisfy the range checks to the target. All other cannons will then be considered regardless of range. Only makes sense if SW.MaxCount has a value other than 1. The difference to just making the cannon itself a designator is that the cannon can be made to not provide fire clearance on their own. Defaults to no.
AttachEffect.TemporalHidesAnim,bool,-1,AttachEffect.TemporalHidesAnim,被超时空武器攻击时是否停止动画？默认no,0,,,Whether a TechnoType with this type of AttachEffect applied on it should remove the animation while being warped out by a Temporal=yes weapon. Otherwise the animation stays active and unaffected by the temporal weapon. Defaults to no.
AttachEffect.Cloakable,bool,-1,AttachEffect.Cloakable,隐形加成，Duration内获得隐形效果,0,,,Whether the unit gains cloaking ability while the AttachEffect lasts. Defaults to no.
AttachEffect.ForceDecloak,bool,-1,AttachEffect.ForceDecloak,那么使用该AE的单位是否会强制解除隐形 默认no 实际上仅仅是用来给无法造成伤害来破隐的弹头给目标来一发破隐，并不会在持续时间内禁用单位自身的隐身能力,0,,,Whether affected units will be forced to decloak when the AttachEffect gets applied (useful for non-damaging anim-based AttachEffects). Defaults to no.
AttachEffect.DiscardOnEntry,bool,-1,AttachEffect.DiscardOnEntry,那么当这个单位从地图上消失，比如进入建筑或单位里，AE效果是否会消失 默认no,0,,,Whether the AttachEffect will be removed when the affected unit is removed from the map (entering a building or another unit). Defaults to no.
AttachEffect.PenetratesIronCurtain,bool,-1,AttachEffect.PenetratesIronCurtain,决定该AE是否能够在目标单位/建筑上有铁幕或力盾时附加上 默认no 只能用于单位：,0,,,Whether the AttachEffect can attach to a unit or structure under the influence of an Iron Curtain or Force Shield. Defaults to no.
SubjectToBuildings,bool,-1,SubjectToBuildings,这个抛射体是否会被建筑阻挡，默认为否,0,,Projectiles,Whether or not this projectile can be blocked by solid buildings. Defaults to no.
Ranged,bool,-1,Ranged,这个抛射体是否会用完燃料然后引爆自己。默认no,0,,Projectiles,Whether this projectile can run out of fuel. Defaults to no.
AroundTarget,bool,-1,AroundTarget,决定分裂或空爆子武器的散布原点，yes以目标为原点散布子武器，no则以抛体爆炸处为原点。 空爆默认no，分裂默认yes。 如果弹头拥有PreImpactAnim.Moves=true 则该强制按该语句=no的情景处理,0,,Projectiles,
Splits,bool,-1,Splits,该抛射体是否使用分裂逻辑。由AirburstWeapon定义分裂出的子武器，Cluster定义子武器数量 不存在SplitsWeapon这种东西 默认母弹会在命中目标后引爆，放出子武器 可和Airburst=yes连用使母弹在目标头上引爆 根据子武器抛射体上的AA决定是否考虑空中目标 可和追击范围逻辑连用决定母弹追击多少距离后自行引爆 子武器弹头上的AffectsAllies和AffectsEnemies 设置会影响寻敌 若无法锁到目标则根据AroundTarget决定的中心以周围7x7范围内的随机单元格为目标,0,,Projectiles,
RetargetSelf,bool,-1,RetargetSelf,分裂出的子武器是否会向发射者本身攻击。默认yes,0,,Projectiles,
SubjectToTrenches,bool,-1,SubjectToTrenches,该弹体是否受制于 UC.PassThrough 控制的概率，默认yes 若为 no 且目标建筑的 UC.PassThrough 大于 0 则目标建筑被命中时始终视为 UC.PassThrough=100% 时的效果 该功能最初为战壕设计——例如掷弹兵可以轻松将手雷投入露天战壕因此必然能对驻军造成杀伤,0,,Projectiles,"Whether or not this projectile will override the normal UC.PassThrough chance on targeted buildings. If the projectile has SubjectToTrenches=no set, and the target building has UC.PassThrough set greater than zero, then the building will be treated as if it had UC.PassThrough=100%, when hit by this projectile. If SubjectToTrenches=yes is set (default), then the normal UC.PassThrough chance will be used when the building is hit by this projectile."
VehicleThief.BreakMindControl,bool,-1,VehicleThief.BreakMindControl,是否能偷窃被心灵支配的载具，当进入载具该载具会切断与控制者的联系，默认为是,0,,InfantryTypes,Whether the vehicle thief can hijack units that are mind-controlled. The link between the controller and the unit will be broken when the hijacker enters. Otherwise the hijacker cannot steal the unit. Defaults to yes.
VehicleThief.OneTime,bool,-1,VehicleThief.OneTime,劫车犯是否只能偷一次车即相当于占领（载具摧毁后将无法逃出）,0,,InfantryTypes,Whether the vehicle thief will be consumed in the process of capturing a unit. Otherwise the hijacker will emerge when the captured unit is destroyed. In every case the hijacker will be reimbursed when the unit is grinded. Defaults to no.
NoSelfGuardArea,bool,-1,NoSelfGuardArea,是否不能手动区域防御。默认no,0,,InfantryTypes,"Whether infantry units with negative damage weapons get the guard area cursor on themselves. If no, the guard area cursor will not take precedence, allowing other cursors like the deploy cursor to be shown. Defaults to no."
Cloakable.Deployed,bool,-1,Cloakable.Deployed,需要部署才能隐形，默认no 只有有电时隐形 Powered=yes的建筑在没电时也是隐形的，这种情况可以用这个修正,0,,InfantryTypes,Whether this infantry is only allowed to self-cloak when deployed. Requires Deployer=yes and Cloakable=yes. Defaults to no.
IsCow,bool,-1,IsCow,[COW]默认yes，其他否，表现为像奶牛一样乱跑 IsDesolator,0,,InfantryTypes,"Defaults to yes for [COW], otherwise to no."
IsDesolator,bool,-1,IsDesolator,[DESO] 默认是，其他否，表现为部署后释放副武器且能否释放会检查武器的 RadLevel 与自己所在格子的剩余辐射量。 自 3.0 版本 ImmuneToRadiation 与 GI 式部署合用时硬编码执行类似辐射工兵持续 A 地的 Bug 已经修复 在 3.0RC4 及之前：有 ImmuneToRadiation 就可以持续 A 地，并且检查剩余辐射量。若 ImmuneToRadiation=no，那么 IsDesolator=yes 的会蹲下什么也不做，否则只会释放一次。 在 3.0RC5 及之后：是否持续 A 地只看 IsDesolator=yes，否则，其他步兵只会释放一次。若使用 Phobos 自定义辐射，那么该句为 no 时会使用武器 ROF 为间隔持续释放。,0,,InfantryTypes,"Whether the firing timing and deploy behavior is changed for this infantry unit as described above. Defaults to yes for [DESO], otherwise to no."
Saboteur,bool,-1,Saboteur,是否这个步兵可以进入可破坏建筑。这个建筑将会像按了C4一样被摧毁，并且破坏者在这个过程中被消耗。需要Infiltrate=yes。不能和偷车贼逻辑，CanDrive=yes、C4和Occupier=yes语句连用。默认为no,0,,InfantryTypes,"Whether this infantry can blow up a sabotagable building. The building will be destroyed as if C4 was placed, and the Saboteur is consumed in this process. Requires Infiltrate=yes. Not supported together with vehicle hijacking, CanDrive=yes, C4 (either C4=yes or granted through veterancy) and Occupier=yes logics. Defaults to no."
Doggie,bool,-1,Doggie,这个步兵是否被指定为泰伯利亚恶魔，表现如下：在守备模式下趴在泰矿上，攻击接近过来的东西，并且在受伤时会跑到泰矿上治疗，这个单位需要有Crawls=yes，否则趴不下来，如果要表现得是个野生动物别忘了加上NotHuman=yes来避免死亡时的人类死亡动画,0,,InfantryTypes,"Whether this unit exhibits Tiberian Fiend behavior: Sitting down on Tiberium when in guard mode, aborting attack missions and running for Tiberium when badly hurt, and being easily aggravated. Requires Crawls=yes, otherwise the unit will not sit down on Tiberium, as well as NotHuman=yes to not show human death animations when killed. Defaults to no."
Cloneable,bool,-1,Cloneable,该单位能否被克隆，默认yes,0,,TechnoTypes,"Whether or not this infantry or unit can be cloned by Cloning=yes, CloningFacility=yes or their respective ClonedAt buildings. Defaults to yes."
CanBeReversed,bool,-1,CanBeReversed,这个单位能被逆向制造，默认yes,0,,TechnoTypes,Allows the unit to be reverse-engineered. Defaults to yes.
Degrades,bool,-1,Degrades,同上，不过这个是用于任务的，默认[Country]►Degrades,0,,,"Whether buildings owned by this country degrade in low power situations. Defaults to no for MultiplayPassive=yes, to yes otherwise."
EngineerAlwaysCaptureTech,bool,-1,EngineerAlwaysCaptureTech,总是占领科技建筑，无视血量（这里的科技建筑是所有原本属于 MultiplayPassive=yes 的所属方的建筑）,0,,,Specifies whether tech buildings can be captured no matter what their current health status is. Defaults to yes. Note All structures originally owned by countries with MultiplayPassive=yes are considered tech structures. This definition is likely to change in a later version.
TogglePowerAllowed,bool,-1,TogglePowerAllowed,是否允许手动切换电源，默认no，在游戏里默认没有这个功能的热键，需要自己在键位设置里找,0,,,Whether Toggle Power can be used. Defaults to no.
TeamRetaliate,bool,-1,TeamRetaliate,是否允许团队复仇。默认no,0,,,Whether teams are allowed to retaliate if a member is attacked and not killed immediately. Defaults to no.
RepairStopOnInsufficientFunds,bool,-1,RepairStopOnInsufficientFunds,设置当资金匮乏时，维修是否会被停止。如果否，维修模式将不会被关闭，扳手将仍然可视，尽管建筑已经不是被修理的状态了。当资金恢复时，维修会一同恢复。这个逻辑只对玩家生效。默认yes。,0,,,"Whether repairing will automatically be stopped when the owning player has insufficient funds. If no, repairing mode will not be turned off. The wrench will still be visible, even though the building is no longer actively repaired. Repairing will resume when the player gains more funds. This only affects human players. Defaults to yes."
EnemyWrench,bool,-1,EnemyWrench,写no时就能使敌方看不见维修小扳手，当然，观察者还是可以看得到，默认yes,0,,,Whether players not allied with the owning player can see the repair wrench animation playing if the building is click repaired. Observers can always see the wrench animation. Defaults to yes. Note The wrench animation will not show if a building is being attacked by a temporal weapon or an enemy building is cloaked.
UnitsUnsellable,bool,-1,UnitsUnsellable,上一条全局规定。默认no,0,,,Whether units are by default Unsellable=yes and thus not sellable at UnitSell=yes docking structures. Defaults to no.
Degrade.Enabled,bool,-1,Degrade.Enabled,是否启用该逻辑，伤害频率由DamageDelay定义,0,,,Whether structures are damaged in intervals defined by DamageDelay when a player has low power. Defaults to no.
ReturnStructures,bool,-1,ReturnStructures,是否当占有者败北或投降时被占领建筑可以回归中立方，默认no [BuildingType ]►Returnable= (boolean) 是否该建筑可以回归中立方，默认[General]►ReturnStructures,0,,,Whether structures will by default return to the civilian side when a player is defeated or giving up. Defaults to no.
TypeSelectUseDeploy,bool,-1,TypeSelectUseDeploy,选中单位DeploysInto和UndeploysInto中所填写的对象是否自动视为同组，默认yes 这是为了禁用原有的类别选择组规则，因为它具有许多副作用，你可以选择使用GroupAs来取代它 具体来说，禁用后部署前后的奴隶矿场将不会在T选时自动选到对方，如果你希望保留那么需要手动将它们归类到同一个组，例如在 [SMIN] 与 [YAREFN] 下添加GroupAs=SlaveMiner，建造厂与基地车也是同理,0,,,"Whether the types in DeploysInto and UndeploysInto should be included for selection automatically. Defaults to yes. Note If you set this to no, Slave Miners, Tick Tanks and the like will differentiate between their deployed and undeployed forms. You will have to manually set GroupAs on the groups you want to keep."
EnemyInsignia,bool,-1,EnemyInsignia,敌人是否能看到你的单位的等级，默认yes,0,,,Whether insignia will be shown for enemy players by default. Each unit type can override this value. Defaults to yes.
DamageAirConsiderBridges,bool,-1,DamageAirConsiderBridges,是否所有弹头都能伤害到空中单位（视作在桥上爆炸）。默认no 桥面上爆炸的高度相当于416leptons，即4层。 所谓立体爆炸就是哪怕炸在地上也和炸在天上一样按球形算而不是圆形算，更不是按圆柱形算 CellSpread达不到空中单位的高度那么自然也没法把位于空中的目标干下来 总有人球形和圆柱形傻傻分不清，拿CellSpread只有1的弹头加了立体爆炸砸地上问为什么没把天上飞着的黄瓜炸下来，特注 该语句仅控制杀伤，不影响 AE、EMP、IC 等 Ares 新增特殊效果自身专用的一套范围检查,0,,,"Whether a warhead detonating above a bridge will consider the bridge’s height for finding out whether units in air are to be damaged. Defaults to no. If no, a warhead detonating on a bridge will be considered to be four levels (416 leptons) high in the air, if yes, it will be 0 leptons above the ground and thus by default not trigger damaging units in the air."
TiberiumHealEnabled,bool,-1,TiberiumHealEnabled,是否允许泰伯利亚矿可以治疗单位，同时需要以下参数设定。默认no,0,,,Whether tiberium is allowed to heal units. Required for the following tags to work. Defaults to no.
TiberiumDamageEnabled,bool,-1,TiberiumDamageEnabled,泰伯利亚是否能够伤害步兵，默认no，同时需要以下语句的设置 伤害目标,0,,,
ChronoInfantryCrush,bool,-1,ChronoInfantryCrush,如果设置为no，步兵传到坦克上时会死而不是把坦克摧毁。默认yes,0,,,"If set to no, infantry will die when being chronoshifted onto tanks instead of destroying the tanks. Defaults to yes."
MutateExplosion,bool,-1,MutateExplosion,如果是，就用 SW.Damage 和 SW.Warhead 造成一次杀伤，无视其他 否的话就用 SW.Warhead 秒杀单位，无视比例和免疫系统。 默认,0,,,
Degrades,bool,-1,Degrades,是否该国家启用该逻辑，有MultiplayPassive=yes的国家默认no，其他默认yes,0,,,"Whether buildings owned by this country degrade in low power situations. Defaults to no for MultiplayPassive=yes, to yes otherwise."
CanBeDriven,bool,-1,CanBeDriven,决定一个国家的单位能否被 CanDrive=yes 的步兵占领。可用于禁止驾驶中立所属方的载具。默认,0,,,Whether units owned by this country can be captured by CanDrive=yes infantry. This can be used to place units owned by neutral countries on the map without them being capturable. Defaults to MultiplayPassive.
MultiplayPassive,bool,-1,MultiplayPassive,的值。 现在该逻辑已经可以被CellSpread影响了。 对于Organic=yes的单位无论如何都没有一个“驾驶员”可供击杀，所以强制该逻辑对其无效 提示： 默认情况下 劫车犯 不能劫持中立车辆，包括被狙杀驾驶员的，但是你可以通过连用 VehicleThief=yes 和 CanDrive=yes 来允许。,0,,,
AlliedSolidTransparency,bool,-1,AlliedSolidTransparency,写yes的话可以透过，默认no,0,,,"Whether buildings of allied players are considered transparent for firing through them even if solid. If yes, owning players and their allies can fire through a building without the bullet hitting it. Defaults to no."
AutoRepel,bool,-1,AutoRepel,是否AI会把攻击友军单位的平民单位视为敌人。这能够使附近的单位阻止这种情况。默认no,0,,,"Whether AI players will consider civilian units attacking allied objects as enemy when auto-acquiring targets. This makes units nearby help protect against an offender. Otherwise, only the attacked unit retaliates. Defaults to no."
PlayerAutoRepel,bool,-1,PlayerAutoRepel,是否玩家会把攻击友军单位的平民单位视为敌人。这能够使附近的单位阻止这种情况。默认no,0,,,"Whether human players will consider civilian units attacking allied objects as enemy when auto-acquiring targets. This makes units nearby help protect against an offender. Otherwise, only the attacked unit retaliates. Defaults to no."
TiberiumExplosive,bool,-1,TiberiumExplosive,是否在采矿车里的泰矿当采矿车被摧毁时产生爆炸，默认no,0,,,Whether tiberium inside of harvester units explodes using TiberiumExplosiveWarhead when destroyed. Defaults to no.
FactoryOwners.Permanent,bool,-1,FactoryOwners.Permanent,在1.0之前的版本为,0,,BuildingTypes,Whether a player capturing a building of this type would permanently gain all plans of its initial owner. Supported on upgrades. Defaults to no.
FactoryOwners.HaveAllPlans,bool,-1,FactoryOwners.HaveAllPlans,占领该建筑后是否获得对应工厂的专用科技，效果为永久（即一旦占领不可撤销），默认no。,0,,BuildingTypes,
FactoryOwners.HasAllPlans,bool,-1,FactoryOwners.HasAllPlans,占领该建筑后是否获得对应工厂的专用科技，效果为临时（即一旦失去建筑则失去科技），默认no。,0,,BuildingTypes,"Whether this building provides plans for all factory types of the initial owner. If yes, this building satisfies FactoryOwner requirements of all object types. If the building is lost, the plans are lost. Defaults to no."
Cloakable.Powered,bool,-1,Cloakable.Powered,是否要有电才隐形，默认no 仅作为Powered的补充，而非独立定义，也就是说你无法用这个标签单独控制一个Powered=no的建筑根据电力状态决定是否隐形 完全禁止隐形,0,,BuildingTypes,Whether this building will uncloak when shut down or in low-power situations. Otherwise the building will be allowed to cloak. Defaults to no.
Fake,bool,-1,Fake,定义该建筑为假建筑。默认no,0,,BuildingTypes,Whether this building is considered a fake. Defaults to no.
LightningRod,bool,-1,LightningRod,是否能够吸引雷击,0,,BuildingTypes,"Specifies whether this building attracts lightning. If this building is the closest object to a cloud created randomly, the cloud will be created just above the building. Defaults to no."
UnitSell,bool,-1,UnitSell,决定这个建筑能否变卖其内部的载具。人类玩家可以点击变卖按钮，将鼠标悬至处于建筑内的载具，鼠标会自动变为SellUnit。默认UnitRepair 拓展Unsellable标签至非建筑单位,0,,BuildingTypes,Whether this building can sell docked units. Human players can click the Sell button and move it over the docked unit. The cursor will change to the SellUnit cursor. Defaults to UnitRepair.
Factory.ExplicitOnly,bool,-1,Factory.ExplicitOnly,是否只允许指定单位建造，默认no 载具克隆缸,0,,BuildingTypes,"Set this to yes to only allow this factory to produce units that explicitly mention this BuildingType in their BuiltAt list. Units with empty BuiltAt lists will not be built here. The effect is the same as stating BuiltAt lists on every unit, omitting all factories that have this tag set. Defaults to no. Quickstart To recreate the dog from Red Alert that is trained in a kennel, set [KENN]►Factory=InfantryType, [KENN]►Factory.ExplicitOnly=yes, [DOG]►BuiltAt=KENN and update the [DOG]►Prerequisite to contain [KENN]."
CloningFacility,bool,-1,CloningFacility,允许该建筑克隆载具，默认no 同时该建筑不得拥有 Factory，但若想表现得像重工一些那么仍然需要 WeaponsFactory 克隆选项,0,,BuildingTypes,Defines whether this building will clone all VehicleTypes with the same Naval setting as itself that are Cloneable=yes and ClonedAt=none. This is the VehicleType version of the Cloning Vats. Defaults to no.
PrismForwarding.ToAllies,bool,-1,PrismForwarding.ToAllies,是否能支援友军的塔，默认no,0,,BuildingTypes,"Whether or not this Prism Tower is allowed to support allied towers. Defaults to no. Note that, in long-chain prism networks, this tower must be allied with the firing tower as well as the target tower."
PrismForwarding.BreakSupport,bool,-1,PrismForwarding.BreakSupport,可以在终止的最后一刻进行支援，而不需要重新充能，默认no,0,,BuildingTypes,"Whether or not this Prism Tower can abort supporting another tower at the last moment, in order to become a master (firing) tower instead. If a tower does break support, it does not need to restart charging. Defaults to no."
Overpowerable,bool,-1,Overpowerable,递光现在可以正常使用磁暴线圈那样过载后切换副武器攻击的逻辑,0,,BuildingTypes,"In the original game, a firing Prism Tower always fires its Primary weapon (whose damage is multiplied based on the number of supporting towers). The Overpowerable flag was ignored. Ares allows firing Prism Towers to make use of the overpower logic - you can now have a supported and overpowered Prism Tower at the same time! Note that overpowering a support tower will not have any effect."
ProduceCashDisplay,bool,-1,ProduceCashDisplay,这个建筑能否显示它产生的资金数额，加载物遵循主体建筑的设置，默认no [BuildingType]►DisplayCreditsDelay=（double - minutes) 多长时间显示一次，会显示从上一次到本次间的累计金额。默认0.02,0,,BuildingTypes,Whether the building will show the credits it produced. Not respected on upgrades. The setting from the main building type will be used instead. Defaults to no.
MassSelectable,bool,-1,MassSelectable,写no就不会被框选进来。 也可以给其他面积的建筑使用，例如用这句让0x0建筑可框选,0,,BuildingTypes,"Whether buildings of this type are considered units when mass-selecting. If no, buildings will not be included in the selection, even if they undeploy into a unit and are actually to be considered vehicles. Defaults to yes for 1x1 buildings with UndeploysInto= set."
IsPassable,bool,-1,IsPassable,该建筑所在的格子能不能让载具和步兵站在上面或者通过。默认no,0,,BuildingTypes,Whether the cells the building occupies can still be entered or stood on by vehicles and infantry. Defaults to no.
SpyEffect.UndoReverseEngineer,bool,-1,SpyEffect.UndoReverseEngineer,间谍能取消掉所有逆向工程，见间谍渗透功能强化，默认no,0,,BuildingTypes,NEW EFFECT Whether spying this building will remove all technology the infiltrated player has reverse-engineered so far. Defaults to no.
SecretLab.GenerateOnCapture,bool,-1,SecretLab.GenerateOnCapture,每次占领都重新随机一个东西，如果否的话在进入地图就定死，反复占领也都是一个单位，默认no,0,,BuildingTypes,"Whether the Secret Lab shall re-pick the boon to be offered every time the building is captured by or assigned to a MultiplayPassive=no country. Otherwise, the boon is picked only once, the first time it is assigned to such country. Defaults to no."
SpyEffect.Custom,bool,-1,SpyEffect.Custom,该可渗透建筑是否使用自定义渗透效果替代原生渗透逻辑，以允许下面的这些设定 雷达,0,,BuildingTypes,Whether or not to use the Ares spy infiltration logic instead of the original Yuri’s Revenge logic.
SpyEffect.ResetRadar,bool,-1,SpyEffect.ResetRadar,是否触发雷达被渗透效果，即重置黑幕,0,,BuildingTypes,Whether or not spying this enemy building will cause the normal radar sabotage behavior (i.e. re-shrouding the enemy’s map down to just the terrain that they can presently see).
SpyEffect.RevealRadar,bool,-1,SpyEffect.RevealRadar,是否把建筑所属方的视野提供给渗透方 建筑必须拥有 Radar=yes,0,,BuildingTypes,"NEW EFFECT Whether or not spying this enemy radar will reveal all further unit movements to the infiltrating player. Enemy units will then scout the map like own units until the infiltrated building is destroyed, sold, or captured. The building must also have Radar=yes set."
SpyEffect.KeepRadar,bool,-1,SpyEffect.KeepRadar,如果启用那么上一条的效果会一直持续哪怕该建筑被摧毁 建筑必须拥有 Radar=yes 和 SpyEffect.RevealRadar=yes 电力,0,,BuildingTypes,"NEW EFFECT If enabled, a player infiltrating this building will still have access to the owning player’s radar even if the building is destroyed, sold, or captured. Otherwise the spy effect is removed. Requires SpyEffect.RevealRadar=yes and a Radar=yes building."
SpyEffect.ResetSuperweapons,bool,-1,SpyEffect.ResetSuperweapons,所有附加在建筑上的超级武器全部重新计时，包括加载物给予的,0,,BuildingTypes,"Whether or not spying this enemy building will cause all super weapons attached to it (SuperWeapon, SuperWeapon2, SuperWeapons and all super weapons on attached upgrades) to have their countdown timers restarted."
SpyEffect.SuperWeaponPermanent,bool,-1,SpyEffect.SuperWeaponPermanent,上一条给的超武是否可以永久使用。默认no 如果yes那么它将可使用但未充能完毕的状态，否则初始充能完毕但发射一次后立即消失 渗透科技,0,,BuildingTypes,"Whether the granted super weapon will become available permanently. If yes, it will become available uncharged, and it won’t be lost once fired. Otherwise, the super weapon will become available pre-charged but disappear again after being fired once. Defaults to no."
SpyEffect.UnitVeterancy,bool,-1,SpyEffect.UnitVeterancy,Ares0.1-1.0版本语句，控制是否和原版 Factory 一样被渗透后使对应类别的单位初始老兵，和原版一样仅可作用于步兵和载具，且渗透船厂会让重工载具升级 现已废弃 Ares2.0 开始添加了五个新语句用于同时精确控制一种或多种单位的初始老兵设置：,0,,BuildingTypes,
SpyEffect.InfantryVeterancy,bool,-1,SpyEffect.InfantryVeterancy,当这个建筑被渗透时，Trainable=yes的步兵初始老兵。默认no。,0,,BuildingTypes,Whether spying this building will make all future infantry with Trainable=yes you build from your own factories start veteran. Defaults to no.
SpyEffect.VehicleVeterancy,bool,-1,SpyEffect.VehicleVeterancy,当这个建筑被渗透时，Trainable=yes且Naval=no的载具初始老兵。默认no。,0,,BuildingTypes,Whether spying this building will make all future Naval=no vehicles with Trainable=yes you build from your own factories start veteran. Defaults to no.
SpyEffect.NavalVeterancy,bool,-1,SpyEffect.NavalVeterancy,当这个建筑被渗透时，Trainable=yes且Naval=yes的载具（舰船）初始老兵。默认no。,0,,BuildingTypes,NEW EFFECT Whether spying this building will make all future Naval=yes vehicles with Trainable=yes you build from your own factories start veteran. Defaults to no.
SpyEffect.AircraftVeterancy,bool,-1,SpyEffect.AircraftVeterancy,当这个建筑被渗透时，Trainable=yes的飞机初始老兵。默认no。,0,,BuildingTypes,NEW EFFECT Whether spying this building will make all future aircraft with Trainable=yes you build from your own factories start veteran. Defaults to no.
SpyEffect.BuildingVeterancy,bool,-1,SpyEffect.BuildingVeterancy,当这个建筑被渗透时，Trainable=yes的建筑初始老兵。默认no。,0,,BuildingTypes,NEW EFFECT Whether spying this building will make all future buildings with Trainable=yes you build from your own Construction Yards start veteran. Defaults to no.
SpyEffect.RevealProduction,bool,-1,SpyEffect.RevealProduction,是否可以看到对方在造什么，就像下面那张图 不同建筑的特殊效果 Fake=yes 显示TXT_FAKE并且在工具条显示真实名称 Power 显示电力，CSF 条为 TXT_POWER_DRAIN2 Storage 显示现金，CSF 条为 TXT_MONEY_FORMAT_1 Factory 显示正在生产的对象的图标 这些信息始终对观察者可见 逆向工程,0,,BuildingTypes,"NEW EFFECT Whether or not spying this enemy building will allow you to see what the enemy is presently building from that factory, or the power output, or the owning player’s money. Once the building has been spied, select the building and the information of the unit that is being produced will be displayed over the building. As long as the current production is shown, no other information like power and money are displayed. Fake=yes buildings will show the text TXT_FAKE and reveal their true name in tooltips (see EnemyUIName) Power greater than 0 buildings will reveal the power level (formatted using TXT_POWER_DRAIN2) Storage greater than 0 buildings will see the player’s credits (formatted using TXT_MONEY_FORMAT_1) Factory buildings will reveal the cameo of the current production Note Observers have been enabled to always have access to this information."
SpyEffect.UndoReverseEngineer,bool,-1,SpyEffect.UndoReverseEngineer,取消掉对面所有的逆向工程单位，具体参考 逆向工程逻辑 条目 建筑破坏,0,,BuildingTypes,NEW EFFECT Whether spying this building will remove all technology the infiltrated player has reverse-engineered so far. Defaults to no.
EngineerRepairable,bool,-1,EngineerRepairable,决定工程师是否能进入修理建筑，如果no，则建筑仍然可以被扳手维修，但不能被工程师维修。默认同Repairable。,0,,BuildingTypes,"Whether engineers can repair this building. If no, the building might still be repaired by the normal building repair (ClickRepairable=yes), but Engineers cannot be used to restore full health instantly. Defaults to Repairable."
AIBaseNormal,bool,-1,AIBaseNormal,决定AI能否用此建筑进行拓展，当建筑既有UndeploysInto=又有ResourceGatherer=yes时为否，或者当一个建筑被判定为载具的时候也为否（即1x1的可以反部署的建筑）。 决定此建筑是否会被AI造在基地内部,0,,BuildingTypes,"Whether this building will extend the base space of the AI player. Defaults to no if both UndeploysInto= is set and ResourceGatherer=yes, otherwise defaults to whether the building is considered a vehicle."
AIInnerBase,bool,-1,AIInnerBase,决定AI是否会把这个建筑放到基地内部。默认同CloakGenerator的设定。 然而由于AI基地扩张，如果这个建筑造的很晚而AI的基地中心区域没有因摧毁或售卖清空，那么依然会造到基地外围,0,,BuildingTypes,"Whether the AI prefers to place this building closer to the center of its base. Use this for buildings that are to be protected or that provide a ranged effect that works best if it covers large portions of the base. Defaults to yes if CloakGenerator=yes, to no otherwise. Note The larger the building foundation, the more unlikely it will be for the AI to find a place to build it near the base center in late game, in which case the game will fall back to the original logic and find a place in the perimeter."
ImmuneToSaboteurs,bool,-1,ImmuneToSaboteurs,这个建筑能否被破坏，如果填yes，破坏者就不能进入。如果写了CanC4=no或者TechLevel=-1或者CanBeOccupied=yes则默认yes，其他情况下为no,0,,BuildingTypes,"Whether this building cannot be sabotaged. If yes, saboteurs cannot enter this structure. Defaults to yes for CanC4=no or TechLevel=-1 CanBeOccupied=yes buildings, to no otherwise."
Bunker.Raidable,bool,-1,Bunker.Raidable,这个建筑能否被敌人步兵占据 当被敌人占领时所属权属于敌人，此时玩家不能变卖建筑，除非敌人步兵离开后归还所属权,0,,BuildingTypes,"Whether or not this building can be garrisoned by an enemy player’s infantry, provided the building is not already occupied."
Rubble.Destroyed.Remove,bool,-1,Rubble.Destroyed.Remove,该建筑被摧毁时正常消失，不会转变为废墟建筑，覆盖Rubble.Destroyed=。默认no,0,,BuildingTypes,Whether the building should just disappear instead of being converted to rubble. Overrides Rubble.Destroyed. Defaults to no.
Rubble.Intact.Remove,bool,-1,Rubble.Intact.Remove,工程师进去后把废墟建筑移除，覆盖Rubble.Intact=。默认no,0,,BuildingTypes,Whether the building should just disappear instead of being recovered when an Engineer enters. Overrides Rubble.Intact. Defaults to no.
Refinery.UseStorage,bool,-1,Refinery.UseStorage,这条代码决定精炼厂是否会将矿石储存起来而不是化为现金。被直接转化的矿石将不占据储存空间。默认值为no。 EVA提示 当储藏空间已经或即将被占满时，EVA会通过一条EVA_SilosNeeded语音提示警告玩家。 注： 游戏里没有这条语言也没有其对应的文件，在用之前你需要自己找一个加上。（可以直接从ts里拿一个）,0,,BuildingTypes,Whether the refinery building will store the Tiberium instead of converting it to money directly. Tiberium that is converted directly does not require storage space. Defaults to no.
Chronoshift.IsVehicle,bool,-1,Chronoshift.IsVehicle,这个建筑能否（被视为载具）被转移，默认no,0,,BuildingTypes,Specifies whether this building is actually a deployed vehicle and should be chronoshifted by the Chronosphere super weapon if it affects units and Chronosphere.ReconsiderBuildings=yes is set. On the other hand this building will not be considered a building anymore and thus will be ignored by a Chronosphere that doesn’t affect units. Defaults to no.
Firestorm.Wall,bool,-1,Firestorm.Wall,这个建筑是否是火风暴围墙，默认no 全局设定,0,,BuildingTypes,Whether this building is part of the Firestorm Defense System. Defaults to no.
DiskLaserAnimEnabled,bool,-1,DiskLaserAnimEnabled,若为yes则DiskLaser=yes的武器可以正常播放弹头动画。默认no,0,,,Whether Disk Lasers should display an animation from their warhead’s AnimList. Defaults to no.
BountyDisplay,bool,-1,BountyDisplay,是否摧毁单位获得赏金时显示获得效果。默认no 微观（定义赏金猎人）,0,,,Whether enemy units and structures will display the amount of bounty awarded when destroyed by an object of this type. Defaults to no.
IronCurtainFlash,bool,-1,IronCurtainFlash,是否会产生上述现象。默认yes。,0,,,Whether units and structures will by default emit a black or blue flash when hit while under the effect of an Iron Curtain or Force Shield respectively. Defaults to yes.
Scorch,bool,-1,Scorch,这个动画会将 [AudioVisual]►SmallFire 指定的动画蔓延到周围，不过不会在水，冰，岩石等地方产生,0,,Animations,"Whether a new [AudioVisual]►SmallFire animation should be attached to the same object this animation is attached to when expiring. Does not spawn on water, beach, ice, or rock terrain. For a complete description of behavior and requirements, refer to Scorch on ModEnc Defaults to no. Note Do not set Scorch=yes on [AudioVisual]►SmallFire, because this would create a loop: if the animation expires, a new animation of the same type is created and attached to the same object. It also causes trees on fire to never burn down."
Flamer,bool,-1,Flamer,这个动画会在周围随机产生 [AudioVisual]►SmallFire 和 [AudioVisual]►LargeFire 指定的动画,0,,Animations,"Whether new [AudioVisual]►SmallFire and [AudioVisual]►LargeFire animations should be randomly created close to the location of this animation when expiring. For a complete description of behavior and requirements, refer to Flamer on ModEnc. Defaults to no."
Crashable,bool,-1,Crashable,飞机是否坠毁而不是爆炸，写no爆炸，写yes坠毁 战机默认 yes，其他默认 no。 在YR里飞机被打下来会旋转着坠机，不过这样对于大型飞机看起来十分傻逼（试想一下一个先锋武装炮艇机像杂耍一样转着掉下来……）， ARES有个新参数来禁用这个坠机方式。,0,,AircraftTypes,Whether the aircraft will explode and fall down crashing into the ground when destroyed. Otherwise the aircraft will explode in mid-air and disappear. Defaults to yes.
CrashSpin,bool,-1,CrashSpin,是否旋转着掉下来，如果不希望这样就写no，默认yes 注意 该逻辑只适用飞机，基洛夫这样的实际上是载具类的不能用。要用得用 Phobos 新增的逻辑，见 Phobos 文档。,0,,AircraftTypes,"Whether the aircraft should spin when crashing, opposed to gliding down to the ground. Defaults to yes. Note This setting only works for aircraft. JumpJet=yes VehicleTypes do not support it."
Missile.LazyCurve,bool,-1,Missile.LazyCurve,子鸡导弹设置，同原版,0,,AircraftTypes,Whether the missile’s path is a ballistic curve like the original V3 rocket. Otherwise the missile maintains the defined altitude. Defaults to no.
Abductor.Anim,Animations,1,Abductor.Anim,单位被吸入时产生的动画,33ccff,,WeaponTypes,This animation will be spawned at the location a unit is abducted from. Defaults to none.
EMP.Sparkles,Animations,1,EMP.Sparkles,弹头的 EMP 效果，如果设置了该语句就会覆盖单位本身的 EMP 效果。只有在单位本身已经没有其他 EMP 效果时才会表现。 注意 TS 里使用 Damage 来控制 EMP 时间，在 Ares 中新加入了两条语句（EMP.Duration 和 EMP.Cap）来控制，原先的写法是没用的。,33ccff,,Warheads,"If set, overrides the default animation to be played on the unit or structure under EMP. This only applies if the object does not already have an EMP animation."
Temporal.WarpAway,Animations,1,Temporal.WarpAway,超空间兵抹除单位后的动画，微观动画会覆盖[General]►WarpAway=,33ccff,,Warheads,"If set, specifies the animation to be played when this warhead erases an object. Defaults to [General]►WarpAway."
IonCannon.Blast,Animations,1,IonCannon.Blast,气浪动画，当然你也可以写别的，这个只在弹头撞击地面时使用，如果打击区域在水上，会使用[CombatDamage]►SplashList=中的最后一个动画，默认[General]►IonBlast=的动画，写none可禁用。,33ccff,,Warheads,"The optional first animation on the impact site. This is only used if the warhead impacts on land. If the impact site is on water, the last animation from the [CombatDamage]►SplashList is used. Set to none to deactivate. Defaults to [General]►IonBlast."
IonCannon.Beam,Animations,1,IonCannon.Beam,光束动画，当然你也可以写别的，默认[General]►IonBeam=的动画，写none可禁用。,33ccff,,Warheads,The optional second animation on the impact site. Set to none to deactivate. Defaults to [General]►IonBeam.
EMP.Sparkles,Animations,1,EMP.Sparkles,当该单位被 EMP 时显示该动画。默认 [General]►EMPulseSparkles,33ccff,,TechnoTypes,"The animation played over an object of this type disabled by EMP as long as the effect lasts. When the effect subsides, the animation will finish playing and then disappear. Use none to disable the animation. Defaults to [General]►EMPulseSparkles."
Parachute.Anim,Animations,1,Parachute.Anim,该单位使用哪个降落伞动画，降落伞动画默认单位的色盘,33ccff,,TechnoTypes,"Specifies the animation from artmd.ini to use as the unit’s parachute when it is falling. If omitted, Parachute.Anim will default to PARACH. The SHP is expected to be in the unit palette."
DigIn,Animations,1,DigIn,当单位钻入地面时播放的动画。默认[AudioVisual]►Dig=的值,33ccff,,TechnoTypes,The optional animation used when this unit digs into the ground. Defaults to [AudioVisual]►Dig.
DigOut,Animations,1,DigOut,当单位钻出地面时播放的动画。默认[AudioVisual]►Dig=的值,33ccff,,TechnoTypes,The optional animation used when this unit digs out of the ground. Defaults to [AudioVisual]►Dig.
Lightning.Clouds,Animations,-1,Lightning.Clouds,云类型，不得缺少。默认[General]►WeatherConClouds,33ccff,,SuperWeaponTypes,"A comma separated list of cloud animations. Defaults to [General]►WeatherConClouds. Note If this list is empty, the Lightning Storm super weapon will not function."
Lightning.Bolts,Animations,-1,Lightning.Bolts,电类型，可以缺少。默认[General]►WeatherConBolts,33ccff,,SuperWeaponTypes,"A comma separated list of bolt animations. If this list is empty, the damage is caused even though no bolts are shown. Defaults to [General]►WeatherConBolts. Warning Do not use Bouncer=yes animations with Lightning.Bolts. This leads to crashes if a building is hit."
Lightning.Debris,Animations,-1,Lightning.Debris,雷击产生的碎片类型。默认[General]►MetallicDebris 碎片必须使用碎片类型语句指定，如果直接将 Bouncer=yes 的动画用于电的动画，击中建筑时会崩溃,33ccff,,SuperWeaponTypes,A comma separated list of animations used as debris when lightning strikes. Defaults to [General]►MetallicDebris.
SW.Animation,Animations,1,SW.Animation,超武释放时在目标地点创建的动画 注意这个动画并不会继承到开火者所属也无法映射所属色，想要实现那样的效果需要跳板,33ccff,,SuperWeaponTypes,The animation to display at the super weapon’s target cell.
Lightning.BoltExplosion,Animations,1,Lightning.BoltExplosion,雷击动画。默认[General]►WeatherConBoltExplosion 现在雷击动画在由非超武方式引爆超武所使用的弹头时已经不会再覆盖弹头 AnimList 的设置了,33ccff,,SuperWeaponTypes,Every lightning bolt will display this damage animation upon impact. Defaults to [General]►WeatherConBoltExplosion.
Nuke.TakeOff,Animations,1,Nuke.TakeOff,核弹起飞时候的动画。默认[General]►NukeTakeOff=的值,33ccff,,SuperWeaponTypes,The Animation played on the missile silo when the missile is launched. Defaults to [General]►NukeTakeOff.
Nuke.PsiWarning,Animations,1,Nuke.PsiWarning,心灵探测器探测到敌方核弹时在落点创建的警告动画。默认PSIWARN,33ccff,,SuperWeaponTypes,"The Animation played at the nuke target, detectable by Psychic Sensors. Defaults to PSIWARN."
Dominator.FirstAnim,Animations,1,Dominator.FirstAnim,超武释放时播放的动画。默认[General]►DominatorFirstAnim，原版是尤里大头,33ccff,,SuperWeaponTypes,The Animation hovering above the target for some time before the Psychic Dominator strikes. Defaults to [General]►DominatorFirstAnim.
Dominator.SecondAnim,Animations,1,Dominator.SecondAnim,实际生效时候的动画。默认 [General]►DominatorSecondAnim，原版是红色的那个波纹,33ccff,,SuperWeaponTypes,The Animation hovering above the target when the Psychic Dominator strikes. Defaults to [General]►DominatorSecondAnim.
Dominator.ControlAnim,Animations,1,Dominator.ControlAnim,被控制的单位头上的圆圈。默认[CombatDamage]►PermaControlledAnimationType,33ccff,,SuperWeaponTypes,The Animation displayed above units being mind-controlled by the Dominator permanently. Defaults to [CombatDamage]►PermaControlledAnimationType.
SW.Animation,Animations,1,SW.Animation,点下超武后在超时空传送原点播放的动画。默认[General]►ChronoPlacement,33ccff,,SuperWeaponTypes,The animation to display at the super weapon’s target cell.
Chronosphere.BlastSrc,Animations,1,Chronosphere.BlastSrc,传送发动时在起始点播放的动画。默认[General]►ChronoBlast,33ccff,,SuperWeaponTypes,The Animation played above the source when the chronoshift is started. Defaults to [General]►ChronoBlast.
Chronosphere.BlastDest,Animations,1,Chronosphere.BlastDest,传送发动时在目标点播放的动画。默认[General]►ChronoBlastDest,33ccff,,SuperWeaponTypes,The Animation played above the destination when the chronoshift is started. Defaults to [General]►ChronoBlastDest.
SW.Animation,Animations,1,SW.Animation,释放超武时在目标点创建的动画。对于Type=ForceShield的情况默认为[General]►ForceShieldInvokeAnim，否则为[General]►IronCurtainInvokeAnim,33ccff,,SuperWeaponTypes,The animation to display at the super weapon’s target cell.
SW.Animation,Animations,1,SW.Animation,释放超武时在目标点创建的动画。默认[General]►IonBlast,33ccff,,SuperWeaponTypes,The animation to display at the super weapon’s target cell.
EMPulse.PulseBall,Animations,1,EMPulse.PulseBall,发射武器前在炮口FLH位置表现的准备动画，写none可以禁用。默认PULSBALL,33ccff,,SuperWeaponTypes,The optional animation played at the FLH at the beginning of the delay before the cannon fires. Use none to disable the pulse ball. This does not disable the delay. Defaults to PULSBALL.
AttachEffect.Animation,Animations,1,AttachEffect.Animation,赋予属性的单位伴随的动画，就像伊文炸弹那样，动画要注册，动画的所属方为赋予来源的所属方 Duration内强制循环到时擦除，只有仅1帧的动画可以正常使用完整Animation的刷出粒子等效果 （已知Phobos的动画挂武器拓展下会变为附着对象的所属方）,33ccff,,,"The optional animation to play on the affected unit. The animation is attached to the unit and moves along with it. Defaults to none. The animation is removed when the unit is cloaked. The animation is recreated once the unit is uncloaked again. While cloaked, the AttachEffect is still applied, but the effects caused by the animation are not. Note The animation always loops until the effect subsides. LoopCount is ignored."
DropPodTrailer,Animations,1,DropPodTrailer,空降仓降落时的尾烟。默认SMOKEY 空降仓进入大气层的动画用[AudioVisual]►AtmosphereEntry= 全局超级武器默认值,33ccff,,,
Rubble.Destroyed.Anim,Animations,1,Rubble.Destroyed.Anim,变成废墟或者被摧毁直接消失时的动画 被工程师进入时转换“回”正常建筑：,33ccff,,BuildingTypes,An animation played when a building converted to rubble or removed. Defaults to none.
Rubble.Intact.Anim,Animations,1,Rubble.Intact.Anim,修复成建筑时播放的动画 在Ares3.0以前只要被其他建筑 Rubble.Destroyed=调用过的建筑都硬编码具有以下效果 Capturable=no TogglePower=no Unsellable=yes CanBeOccupied=no 如果搭配头猫reshade旧版本使用可能由于部分处理问题使得这些限制“回归”,33ccff,,BuildingTypes,An animation played when a building is recovered or removed. Defaults to none.
FirestormActiveAnim,Animations,1,FirestormActiveAnim,火风暴启动后的节点动画，使用建筑色盘。默认GAFSDF_A,33ccff,,,The optional animation played randomly on Firestorm Wall sections when active. This is drawn in the building’s palette. Defaults to GAFSDF_A.
FirestormIdleAnim,Animations,1,FirestormIdleAnim,启动后时不时冒出来的火柱。默认FSIDLE,33ccff,,,The optional animation played randomly on Firestorm Wall sections when active. This is drawn in the building’s palette. Defaults to FSIDLE.
FirestormGroundAnim,Animations,1,FirestormGroundAnim,干掉地面单位后产生的火柱。默认FSGRND,33ccff,,,The animation to display when an active Firestorm Wall destroys an object on or close to the ground. This is drawn in the animation palette. Defaults to FSGRND.
FirestormAirAnim,Animations,1,FirestormAirAnim,干掉空中单位后产生的火柱，默认FSAIR 地图触发 92和93号触发可以无条件启动或关闭火风暴，并且无限保持在启动状态，不过如果提供火风暴的建筑被摧毁或者因为其他原因，火风暴会像往常一样关闭。触发只能用于非玩家阵营。 注意： AI不会用这个超武。,33ccff,,,The animation to display when an active Firestorm Wall destroys an object in the air. This is drawn in the animation palette. Defaults to FSAIR.
InfantryElectrocuted,Animations,1,InfantryElectrocuted,触电死亡时用这个动画，如果不指定就寻找ELECTRO作为触电死亡动画 注意是[AudioVisual]下，不是和原版其他全局死亡动画一样写在[General]下！,33ccff,,,"If InfantryElectrocuted is not defined then the game will search for an animation named ELECTRO, before finally falling back to the second animation like before."
TiberiumExplosiveAnim,Animations,1,TiberiumExplosiveAnim,矿爆动画。 独立于杀伤使用，即便未设置 TiberiumExplosiveWarhead 仍可生效。,33ccff,,,Optional animation displayed when Tiberium contained in a unit explodes. Can be used independently of damage delivery; TiberiumExplosiveWarhead needs not be set. Defaults to none.
Smoke.Anim,Animations,1,Smoke.Anim,产生的尾烟。默认SGRYSMK1,33ccff,,AircraftTypes,The animation created as smoke trailer. Defaults to SGRYSMK1.
Missile.TakeOffAnim,Animations,1,Missile.TakeOffAnim,默认V3TAKOFF,33ccff,,AircraftTypes,Defines the optional animation played when the missile takes off. Defaults to V3TAKOFF.
Missile.TrailerAnim,Animations,1,Missile.TrailerAnim,默认V3TRAIL,33ccff,,AircraftTypes,Defines the optional animation that is used to draw the trailer of this missile. Defaults to V3TRAIL.
ParaDrop.Aircraft,AircraftTypes,1,ParaDrop.Aircraft,默认飞机和国家设置中的ParaDrop.Aircraft=相同,00ff00,,SuperWeaponTypes,The type of aircraft that will deliver the units. Defaults to the corresponding country’s ParaDrop.Aircraft=.
SpyPlane.Type,AircraftTypes,1,SpyPlane.Type,飞机类型,00ff00,,SuperWeaponTypes,The AircraftType that will be sent as a spy plane. Defaults to SPYP.
InitialPayload,String,-1,初始乘客,初始乘客,00ff00,ColorEdit,,
InfDeathAnim,Animations,1,步兵死亡动画,步兵死亡动画,33ccff,,,
