语句名,链接种类,链接限制,短描述,长描述,连线颜色(RGB),输入类型,许可模块类型,英文注释
UIName,String,-1,单位在游戏内部显示的名称,特殊机制：直接输入任何不带冒号的内容，编辑器自动创建对应的csf条目。输入带冒号的内容，编辑器将会试图读取对应的csf条目,0,,,
Category,String,-1,对象类型,填下表中的相应项。这个代码指定单位的分类，用来给AI判断的（实际上然并卵），AirLift——运输机，用来运输步兵的飞机，AirPower——战机，用在战机和直升机上，可以使用武器，Transport——运输车，用来运输各种单位的载具，Support——基地车，也可以用在其他可部署成为建筑物的载具上，LRFS——远射程载具，可以进行远程打击的载具，IFV——步兵载具，多功能步兵载具专用，AFV——载具，可以广泛运用于各种战斗用载具，如坦克，Recon——Reconnaisance载具，VIP——重要的步兵单位，没什么用，Soldier——步兵，所有步兵单位都用这个分类,0,,,
TechLevel,String,-1,建造等级,"该值确定物体在建造栏中的顺序，越小的越在前，同样的按照注册顺序调整<=-2时相当于没有TechLevel限制，当建筑TechLevel=-1时人类玩家不可建造，AI可以建造建筑，对于小队中的单位则是AI也无法建造，TechLevel处于0到[MultiplayerDialogSettings] -> TechLevel=（或地图触发更改后的值）的区间中则正常生产，TechLevel>[MultiplayerDialogSettings] -> TechLevel=（或地图触发更改后的值）时，无法从箱子中开出，秘密科技实验室等特殊方式给予生产权限不受此限制，RA2下可驻军建筑放下后会立即转为中立所属，YR下TechLevel在正常生产区间的会保留所属并且不会在建筑损坏到红血时执行驻军撤出行为（苏军战斗碉堡），AI建造前提:，建筑:，无视:【TechLevel=-1】,PrerequisiteOverride,RequiresStolenAlliedTech,RequiresStolenSovietTech,RequiresStolenThirdTech,SpyEffect.StolenTechIndex(Ares)，有效:TechLevel,Prerequisite,Owner,AIBasePlanningSide,RequiredHouses,ForbiddenHouses，;如果建筑A的Prerequisite为建筑B且Owner/AIBasePlanningSide均正常，但是建筑B因为RequiredHouses/ForbiddenHouses无法建造，AI会认为建筑A可造，但是实际上无法建造建筑A，且不影响其他符合条件的建筑建造，单位:，无视:Prerequisite,PrerequisiteOverride,Owner，有效:TechLevel,RequiredHouses,ForbiddenHouses,RequiresStolenAlliedTech,RequiresStolenSovietTech,RequiresStolenThirdTech,SpyEffect.StolenTechIndex(Ares)，;如果[TaskForces]里有无法建造的单位，则会跳过该项继续建造之后的单位。除非通过重组凑齐无法建造的单位，否则无法执行脚本，此外，TechLevel=-1的建筑会被视为民用建筑，建筑本体第 3 帧为进驻图像，第 4 帧为废墟，红血时释放驻军并使用第 2 帧常规残损图像，若非民用建筑且可驻军，例如原版苏军碉堡，黄血时会使用第 2 帧作为非驻军状态下的残损图像，使用第 4 帧作为驻军状态下的残损图像，不会因为伤残而释放驻军，由于第 4 帧也用于废墟所以最好通过[BuildingType] -> LeaveRubble=no禁用废墟并用Ares的废墟建筑逻辑模拟",0,,,
Cost,String,-1,造价,填数值。这个代码指定该单位的价格。每个可以建造的单位都应该设定其价格，同时也决定了初始单位的实际生成数量，如果明明设置的是10但开一把基础兵从基地车向八个方向生成了几百个那么就该检查一下是不是有哪个单位Cost写的过小或者写了个负数之类的了，原版下如果Cost=0那么初始单位不会生成，也就是说你可以利用这个特性在无需Ares修复的情况下实现0初始单位,0,,,
Strength,String,-1,生命值,填数值。这个代码指定该单位的最大生命值点数，Phobos允许独立定义单位生成时的初始血量，详见说明书，如果把这个值设为负值会导致一些令人疑惑的效果，并且不同引擎可能修改相关逻辑引发不同的效果,0,,,
Speed,String,-1,速度,填数值。这个代码指定该单位被出售后所得的资金。对于步兵单位，只有通过进入RA2苏军的“复制中心”YR尤里的部队回收厂（或同类型建筑）才能卖掉，默认0即不启用该逻辑，并非默认Cost/2。如果[TechnoType] -> Soylent=0，实际算法为：[TechnoType] -> Cost=<int>*[Country] -> Cost(Infantry|Units|Aircraft|Buildings|Defenses)Mult=<float>*[BuildingType] -> (Infantry|Units|Aircraft|Buildings|Defenses)CostBonus=<float>，若所属方为人类玩家，在此基础上再*[General] -> RefundPercent=<float>，原版为50%（0.5）,0,,,
Sight,String,-1,视野,填数值。这个代码指定该单位的视力范围。数值越高，该单位在探路时拨开的黑雾越大。单探开视野功能而言原版最大值10，想要更大需要Ares,0,,,
Size,String,-1,载具中占位大小,填数值。这个代码指定该单位的大小。默认为1。仅载具的乘客格子正常绘制多格，尤里电厂和驻军建筑始终为1格大小,0,,,
Points,String,-1,击杀该单位得到分数,遭遇战积分统计数据，无实际意义，尤其并【不】影响经验计算，经验计算看的是Cost,0,,,
AllowedToStartInMultiplayer,bool,-1,是否开局就有,填yes或no。这个代码指定单位是否可以在游戏开始时伴随基地车出现（如苏军开始时的动员兵、犀牛坦克）。根据单位的[TechnoType] -> Owner=进行分配，会自动寻找距离预定位置最近且符合[TechnoType] -> MovementZone=设定值的区域，例如出生点周围全是陆地那么船会生成在最近的岸边,0,,,
Name,String,-1,名称，注释,填任何内容。这个代码指定该单位的注释内容，在游戏中没有实际作用。地图编辑器等其他外部工具可能会读，也可能使用自己的新读取方式，但那就和游戏自身无关了,0,,,"Name can be up to 31 characters long. Enter the values in the given order, separated by commas: Frame,Count,Interval,MiniFrame,MiniCount,HotSpotX,HotSpotY. If fewer items are defined, the remaining values are defaulted. Frame is the starting frame of the cursor from mouse.sha. The first frame is 0. Defaults to 0. Count is the number of frames in the animated cursor. Defaults to 1. Interval is the rate to animate the cursor. Defaults to 0. MiniFrame is like Frame, except this is for the mouse cursor when positioned on the minimap. Set this to -1 to disable the minimap cursor and to only allow players to click on the battlefield. Defaults to -1. MiniCount is like Count, except this is for the mouse cursor when positioned on the minimap. Defaults to -1. HotSpot specifies the point from which the click event will handled. HotSpotX should be one of Left, Center or Right. HotSpotY should be one of Top, Middle or Bottom. For example, Left,Top will treat the top-left corner of the cursor as the tip. Default is Left,Top. Note You cannot directly use the same definitions as used with other patches for Yuri’s Revenge, because Ares uses descriptive names instead of numbers for the HotSpotX,HotSpotY parts. To convert the values, replace 0 by either Left or Top, 12345 by either Center or Middle, and 54321 by either Right or Bottom."
Pip,String,-1,运输格子颜色,填对应颜色名。这个代码指定步兵进入运兵单位后下面小格显示的颜色，在红色警戒2中有green、yellow、white、red和blue，尤里的复仇中额外添加persongreen、personyellow、personwhite、personred、personblue、personpurple几个颜色可供选择。默认为green，步兵作为驻军时使用[InfantryType] -> OccupyPip=标签指定，一般使用尤里的复仇中新增的6种，但也不妨碍你用点别的，由于基于TS引擎开发RA2的过程中WW引入了一些代码错误，从RA2开始地图内置单位时必须重新指定这个标签，否则会显示成错误的效果，Ares已修复，Pip与OccupyPip可用值在pips.shp与pips2.shp中的序号规则如下（从00开始）：，empty——00——00——pips.shp为建筑菱形方块，pip2.shp为4x4空心小方块，* 仅限TS，RA2YR中不支持Pip=empty工作，green——01——01——pips.shp为建筑菱形方块，pip2.shp为4x4小方块，yellow——02——02——pips.shp为建筑菱形方块，pip2.shp为4x4小方块，white——03——03——pips.shp为建筑菱形方块，pip2.shp为4x4小方块，red——04——04——pips.shp为建筑菱形方块，pip2.shp为4x4小方块，blue——05——05——pips.shp为建筑菱形方块，pip2.shp为4x4小方块，persongreen——07——07——pips.shp与pips2.shp均为人形标志，personyellow——08——08——pips.shp与pips2.shp均为人形标志，personwhite——09——09——pips.shp与pips2.shp均为人形标志，personred——10——10——pips.shp与pips2.shp均为人形标志，personblue——11——11——pips.shp与pips2.shp均为人形标志，personpurple——12——12——pips.shp与pips2.shp均为人形标志，此外，Ares允许直接指定Pip使用pips2.shp中的某一帧，详见说明书,0,Colors,,
OccupyPip,String,-1,占领格子颜色,用于指定步兵作为驻军时的格点，可用值和效果见Pip=条目，该功能新增于YR，在RA2中硬编码使用pips.shp的特定帧，盟军12苏军11其他10，（此处以第一帧为1算）Ares允许直接指定Pip使用pips.shp中的某一帧，详见说明书,0,Colors,,
Soylent,String,-1,售价,该对象在侧边栏和悬浮工具条显示上使用哪个 CSF Label 作为名称,0,,,
IFVMode,String,-1,进入IFV后的武器模式,填多功能步兵载具的相关炮台数值。这个代码指定步兵进入多功能步兵载具后多功能步兵载具的状态,0,,,
PhysicalSize,String,-1,占位体型,指定步兵的Z-fudge值，所有步兵都应该设为1，具体功能未知,0,,,
CrateGoodie,bool,-1,从宝箱获得,这个代码指定载具单位能否从箱子中获得，获得该载具的机率要看使用这个代码的载具数量，默认no，如果一个yes的单位都没有那么在随机时会死循环导致游戏冻结,0,,,
Crewed,bool,-1,摧毁后产生步兵,填yes或no。当此单位或建筑被摧毁后，是否有步兵从里面逃出（逃出的可能性在rules的开头有控制），也控制建筑类对象出售是否给予步兵，如果物体被自己的Suicide=yes武器摧毁，强制没有幸存者，Phobos已添加新语句解除，详见说明书,0,,,
Bunkerable,bool,-1,可进驻坦克碉堡,填yes或no。该载具能否进入坦克碉堡，在这句之前优先判定载具是否满足下述至少一项：，即是否[处于被寄生状态|没有炮塔|使用了Hover类SpeedType]，若满足则在更上层禁止入库，除此以外对于使用了Mech/Hover/Fly类Locomotor的单位虽然不会禁用进入光标但实际上只能移动到旁边无法进入，有时用于制作一些特殊的站点机制，* 如果不手动设定，那么Locomotor=Hover的载具其SpeedType默认为Hover，对于Locomotor=Ship的载具在进入坦克碉堡的瞬间会EIP:006A0220，对于可以进入坦克碉堡且非Drive的Locomotor也会表现的比较奇怪，例如不会移动到正确的坐标,0,,,
BuildTimeMultiplier,String,-1,建造速度,建造时间为正常的多少倍，越大越慢,0,,,
Explodes,bool,-1,死亡时爆炸,该单位死亡时是否会爆炸，主要效果是引爆死亡武器，具体规则见[TechnoType] -> DeathWeapon=一句，同时爆炸必然同时杀死所有载员、建筑在拔起与出售时也会正常引爆（Phobos允许更改这一行为结果）,0,,,
UseOwnName,bool,-1,IFV中使用本名,YR新增，该步兵登乘多功能步兵车时是否使载具名称显示为{([InfantryPassenger] -> UIName=) ([TransportVehicle] -> UIName=)}的形式，在原版YR中使用该语句有一些不一致之处，IFVMode[2]，武器3：机关枪A|Tur[1]，使用者E1、E2、SPY，名为“机关枪 多功能步兵车”，IFVMode[3]，武器4：高射炮|Tur[1]，使用者FLAKT，但因为缺少UseOwnName显示为“机关枪 多功能步兵车”，IFVMode[4]，武器5：机枪B|Tur[1]，使用者GHOST、TANY、BORIS，因为存在该语句被称为“<Passenger> IFV”，使用者CCOMAND、PTROOP，但因为缺少UseOwnName被称为“机关枪 多功能步兵车”，你可以给煤球兵、超时空突击队、心灵突击队加上这句来修复，当然你也可以把BORIS他们三个的这个标签禁用，为什么磁爆步兵明明没有[InfantryType] -> UseOwnName=yes但是正常显示为“磁爆步兵 多功能步兵车”呢？这就要见[TechnoType] -> HasTurretTooltips=一条下的另一套更上层的规则了,0,,,
BuildCat,String,-1,建筑类型,填下表的相应项。这个代码指定建筑的所属类型，用来给游戏分类和AI识别，注意：原版引擎下一个没有BuildCat的建筑建造后取消会IE，只能拍下来，但建造进度效果也会依旧保留到下一个正常建筑建造，并且同步播放一次，Ares已修复，Combat——防御建筑，该建筑会出现在防御栏中，Infrastructure——既没卵用，也没人用，Resource——资源建筑，给玩家提供金钱，Power——电力建筑，给玩家提供电力供给，Tech——科技建筑，用来作为其他单位的建造条件,0,,,
Adjacent,String,-1,扩展建筑距离,填数值。这个代码指定建筑距离另一个[BuildingType] -> BaseNormal=yes的建筑在多少个单元格距离内可以放置，默认3,0,,,
Power,String,-1,正耗电/负发电量,填数值。这个代码指定建筑单位生产的电力。当为正数时，则为供电,0,,,
Capturable,bool,-1,被工程师占领,填yes或no。这个代码指定建筑是否能被工程师占领,0,,,
Spyable,bool,-1,间谍可渗入,填yes或no。这个代码指定建筑是否能够被间谍渗透，被间谍渗透的建筑会根据建筑类型触发相应的事件，如渗透发电厂类建筑会导致停电等，然而效果判定语句同时也是建筑功能语句，无法分离控制，Ares重做了一套新的渗透功能系统，详见间谍渗透功能强化一节,0,,,
Naval,bool,-1,是否海上单位,填yes或no。这个代码指定该单位是否为海军单位。所有海军单位都应该有Naval=yes的设置，有这个设置的单位会被船坞类建筑生产，在Factory=UnitType的建筑上使用指定这个建筑为船厂，否则为战场工厂，同时禁用ExitCoord，也就是同样有Factory=UnitType，有Naval的生产建筑生产有Naval的载具，没有Naval的生产建筑生产没有Naval的载具，对于建筑，Naval=yes会强制该建筑放置在Water地块上，而不像WaterBound那样可以相对自由的设定，Naval=yes的该效果无视WaterBound的设置（在Phobos前）而对于AI建造水上防御塔行为判定而言书写Naval是完全有必要的，巨型乌贼式寄生相关见Organic一条的注解，原版下重工和船厂会共用AI的同一条生产线，Phobos下可以分离生产,0,,,
Repairable,bool,-1,工程师能否进入修理,填yes或no。这个代码指定建筑是否能够被工程师所修复。当为no时工程师不能进入修复。实际上应该是用来限制扳手维修的，Ares下已允许分离控制,0,,,
Weight,String,-1,重量,重量，决定应对[Warhead] -> Rocker=yes的弹头时被掀翻的难易度，同时对于Naval=yes且Underwater=no、Organic=no的水上单位若该值大于全局[General] -> ShipSinkingWeight=的值则在水上被摧毁会表现为沉没而不是直接被摧毁（原版海蝎与航母），沉没的声音用SinkingSound指定，沉没的形态根据Locomotor决定是直接下沉（Mech）还是整个船体倾斜后再下沉（Drive和Ship），被乌贼寄生摧毁总是直接爆炸而不是沉没，PhobosBuild47开始允许定义，原版中沉船不检查单位高度，这导致即便一艘船被运动模式弹头牵引到空中只要它正下方是水面那么被摧毁时仍会在天上下沉，PhobosBuild49已修复,0,,,
Powered,bool,-1,停电后不可用,填yes或no。这个代码指定建筑单位是否会受到停电后影响，如不能使用武器、建筑动画不能播放等，如果想设定建筑受到停电影响后可以继续播放动画，可以设定Art.ini中的ActiveAnimPowered=no，反之则设定为yes，如果Power>0又Powered=yes，建筑动画没有ActiveAnim[N]Powered还是会傻掉，需要手动设置,0,,,
WaterBound,bool,-1,是否为水上建筑,是否为水上建筑，实际确定该BuildingType是否只能在构造时放置在其中Float的SpeedType百分比值高于0％的地形图块上，原版是水，你也可以改成公路等等，但仍要求是空地，矿石那种实际是一个覆盖物占据了格子的依旧造不了，形象点说用这个往矿上拍建筑相当于尝试往敌人的围墙上拍个自家兵营，相当于给建筑写了SpeedType=Float，同时这个效果会无视Buildable，原版下在限制建造区域方面和Naval分离控制有部分功能重叠，Phobos把Naval干掉后只吃这句，优先级高于SpeedType，也就是建筑拥有SpeedType=Float与WaterBound中至少一句的三种情况等效，但如果同时拥有SpeedType≠Float与WaterBound则WaterBound覆盖SpeedType回到Float效果，原版下不被DeployToFire考虑，因此无法完成DeployToFire成水上建筑的任务，Phobos已修复,0,,,
SuperWeapon,SuperWeaponTypes,-1,激活超级武器,填超级武器名。这个代码指定该建筑产生后所激活的超级武器，同时还带有强制建筑只能手动寻敌、触发超武阶段动画等编码效果，如果不想要这些效果请使用下句，* 如果是加载物提供的超级武器那么将不会读取超武的AuxBuilding设置，Ares已修复，这句与下句在加载物上使用时会添加到主体建筑上，不会覆盖主体建筑原有的超武,0,,,
Drainable,bool,-1,是否可被幽浮吸取,填写yes。则该建筑可以被飞碟吸,0,,,
BaseNormal,bool,-1,扩展建造范围,是否延伸建筑范围，即[BuildingType] -> Adjacent=判定时是否可以将这个建筑视为扩展节点，仅用于玩家，Ares允许定义对AI而言的BaseNormal，原版下AI仅有建筑拥有[TechnoType] -> UndeploysInto=的同时拥有[BuildngTypeArt] -> Foundation=1x1或[TechnoType] -> ResourceGatherer=yes中的至少一个才不被视为扩展节点,0,,BuildingTypes,
EnemyUIName,String,-1,游戏中敌军眼中的名称,游戏中敌军眼中的名称,0,,,
MoveToShroud,bool,-1,可以探路,是否可以命令该单位进入黑幕里，AircraftType默认no其他默认yes,0,,,
DeployTime,String,-1,展开时间,填时间。这个代码指定该单位部署的延迟时间。单位为帧,0,,,
PipScale,String,-1,小格子类型,填下表中的对应项。这个代码指定单位下方小格显示的类型。注意：小格数量在特殊状况下PipWrap=指定，Passengers——乘客，小格数量由Passengers=这个代码的数值指定，Ammo——弹药，这里不是小格表示而是竖线方式表示，小格数量由Ammo=这个代码的数值指定，Power——电力，实际上从TS开始就没用，大概是WW开发阶段设计如此但最后选择了工具条，Tiberium——矿石，只能用在矿石精炼厂和采矿车上，小格数量由Storage=这个代码的数值的 逻辑 指定，Mindcontrol——心控目标数量，用于心灵控制单位，小格数量表示已经控制了多少格，注：子机格子并不受PipScale控制，想要禁止显示请使用Phobos，详见说明书,0,,,
PipWrap,String,-1,格数限制,填数值。这个代码指定单位下方显示的小格的数量限制，不同阶段会用不同颜色表示，如弹药，不同阶段由不同颜色表示弹药的数量。要和PipScale=Ammo连用,0,,,
Unsellable,bool,-1,不可出售,无法被出售，仅影响玩家使用出售光标手动出售，也就是AI和触发强制Selling等可以无视这条进行出售，仅可通过[BuildingTypeArt] -> Buildup=留空等方式去更上层禁用。Ares下已拓展至非建筑类，用于维修厂等出售方式,0,,,
Suicide,bool,-1,自杀单位,使用该武器时立刻自毁，武器自身并不会真正使用，对应的开火动画等也都不会创建，单位未设置[TechnoType] -> Explodes=yes的情况下若单位Primary/IFV当前所使用武器上设置了[Weapon] -> Suicide=yes那么仍然会触发死亡武器，也就是说一个如果[TechnoType] -> Explodes=no的单位使用[Weapon] -> Suicide=yes的副武自杀而主武上没有这条那么仅是自毁而不会触发死亡武器，机场飞机类通过包括本句在内的方式发射武器把自己摧毁会导致游戏崩溃。Ares3.0已修复,0,,,
SuperWeapon2,SuperWeaponTypes,-1,超级武器2号,填超级武器名。这个代码指定该建筑产生后所激活的第二个超级武器，没有上一局那一堆编码限制，原版下一个建筑只能使用上面两个语句绑两个超武，加载物也无法超额，想要一个建筑挂更多请用Ares新功能，详见说明书,0,,,
PipsDrawForAll,bool,-1,容量全体可见,该建筑的格点是否向所有所属方显示,0,,,
VoiceSelect,SoundList,-1,选择指令语音,选中的声音,109999,,,
VoiceMove,SoundList,-1,移动指令语音,接受移动指令的声音，包括Aircraft执行吊运，Phobos下可以为吊运单独指定一个将载具拾取的音效,109999,,,
VoiceAttack,SoundList,-1,攻击指令语音,接受攻击指令的声音，如果单位为[FV]且造成负值杀伤那么使用[AudioVisual] -> VoiceIFVRepair=指定的音效，非[FV]的情况YR下在使用对应武器时会被下面四句覆盖,109999,,,
VoiceFeedback,SoundList,-1,害怕语音,害怕时播放的声音,109999,,,
VoiceSpecialAttack,SoundList,-1,特殊命令语音,接受特殊攻击指令，仅在[InfantryType] -> C4=yes的步兵攻击建筑或选中医疗兵并点击下达区域防御命令时播放,109999,,,
DieSound,SoundList,-1,被摧毁音效,填Sound.ini中定义的声音名。这个代码指定该单位被摧毁时的声音,109999,,,
CrushSound,SoundList,-1,被碾压音效,填Sound.ini中定义的声音名。这个代码指定步兵（或围墙类建筑）被碾压的声效。要和Crushable=yes配合使用,109999,,,
CrashingSound,SoundList,-1,爆炸音效,填Sound.ini中定义的声音名。这个代码指定空军单位被摧毁坠落时爆炸的声效。要配合[TechnoType] -> Crashable=yes使用,109999,,,
ImpactLandSound,SoundList,-1,坠地音效,填Sound.ini中定义的声音名。这个代码指定单位被摧毁落地时的声效，如果有Crashable=no会半空爆炸,109999,,,
CreateSound,SoundList,-1,建造音效,该单位被创建时播放的音效，默认全局[AudioVisual] -> CreateInfantrySound=、CreateUnitSound=、CreateAircraftSound=分别对应步兵、载具、战机，建筑类单位在摆下时才会播放，该音效与摆放建筑的[AudioVisual] -> Construction=音效和工厂建筑上的[BuildingType] -> CreateUnitSound=音效等并列播放,109999,,,
ChronoInSound,SoundList,-1,超时空运行音效,填Sound.ini中定义的声音名。这个代码指定单位超时空运动开始的声效,109999,,,
ChronoOutSound,SoundList,-1,超时空结束音效,填Sound.ini中定义的声音名。这个代码指定单位超时空运动结束的声效,109999,,,
MoveSound,SoundList,-1,移动音效,移动时发出什么声音，盖特武器Report使用类似的系统,109999,,,
DeploySound,SoundList,-1,展开音效,填Sound.ini中定义的声音名。这个代码指定载具DeploysInto成为建筑时或进入SimpleDeployer时的音效,109999,,,
EnterTransportSound,SoundList,-1,进入音效,填Sound.ini中定义的声音名。这个代码指定的是单位进入运兵单位时的声音,109999,,,
LeaveTransportSound,SoundList,-1,释放音效,填Sound.ini中定义的声音名。这个代码指定运兵单位中的单位释放时的声音,109999,,,
DamageSound,SoundList,-1,被攻击音效,填Sound.ini中定义的声音名。这个代码指定单位被攻击时被攻击方播放的损害声效,109999,,,
VoiceCrashing,SoundList,-1,被击落音效,被击落的声音,109999,,,
EnterWaterSound,SoundList,-1,下水音效,进入水域时的声音，仅步兵可用,109999,,,
LeaveWaterSound,SoundList,-1,出水音效,离开水域时的声音，仅步兵可用,109999,,,
VoiceSecondaryWeaponAttack,SoundList,-1,副武器攻击语音,YR新增，副武攻击声音,109999,,,
VoiceEnter,SoundList,-1,卸矿命令语音,进入[TechnoType] -> Dock=的建筑时的声音（非战机），在步兵身上使用需要Assaulter等语句中的至少一种（不然都没法Enter又何谈Enter的Voice）,109999,,,
VoiceHarvest,SoundList,-1,采矿命令语音,收集矿石时发出的声音，仅应用于设置了[TechnoType] -> ResourceGatherer=yes或[VehicleType] -> Harvester=yes的对象,109999,,,
VoiceSelectEnslaved,SoundList,-1,奴隶解放的语音,奴隶类被解放的声音,109999,,,
SinkingSound,SoundList,-1,沉没的声音,填Sound.ini中定义的声音名。这个代码指定海军单位被摧毁后下沉的声音。该海军单位的Weight要大于3。如果想设定让海军单位下沉的Weight的阈值可以修改全局[General] -> ShipSinkingWeight=的数值,109999,,,
ActivateSound,SoundList,-1,（遥控坦克）被激活的声音,单位罢工的音效，与[TechnoType] -> DeactivateSound=对应，默认为全局值[AudioVisual] -> ActivateSound=设定值,109999,,,
DeactivateSound,SoundList,-1,（遥控坦克）失去指挥的声音,单位罢工的音效，与[TechnoType] -> ActivateSound=对应，默认为全局值[AudioVisual] -> DeactivateSound=设定值,109999,,,
VoiceSelectDeactivated,SoundList,-1,失去指挥时的选定语音,失去控制时候的声音，见遥控坦克,109999,,,
AuxSound1,SoundList,-1,起飞音效,填Sound.ini中定义的声音名。这个代码指定飞机起飞时的声音，导弹类子机发射时也会使用,109999,,,
AuxSound2,SoundList,-1,降落音效,填Sound.ini中定义的声音名。这个代码指定飞机降落时的声音，导弹类子机撞击时并不使用,109999,,,
UndeploySound,SoundList,-1,部署成车音效,反部署时的声音，用于武装直升机类单位,109999,,,
CreateUnitSound,SoundList,-1,生成步兵音效,该建筑在产出一个单位时播放的音效，原版克隆缸也有设置但是实际上仅可用于有效设置了[BuildingType] -> Factory=的建筑，建筑工厂（建造场）要等被建造的建筑类单位摆下时才会播放,109999,,,
VoiceCapture,SoundList,-1,工程师去占领建筑语音,占领音效，对于进入建筑需要有[InfantryType] -> Engineer=yes/Agent=yes/Occupier=yes/Assaulter=yes，但是不能有[BuildingType] -> C4=yes语句，这不包括进入[BuildingType] -> Grinding=yes/Hospital=yes/Armory=yes的建筑，另外其实[InfantryType] -> VehicleThief=yes进入载具偷车也可以用，如果未设置或值无效则会沿用[TechnoType] -> VoiceEnter=的设置,109999,,,
AmbientSound,SoundList,-1,重复音效,填Sound.ini中定义的声音名。这个代码指定该单位在地图上存在的声音。注意：这个声音会在该单位被摧毁前不停播放，声音太大可能会影响人类玩家进行游戏,109999,,,
LeadershipRating,String,-1,群选语音优先级,用于AI小队中的队长判定，选择该值最高的单位作为队长进行寻路和目标判定，该值默认为5,109999,,,
VoiceDeploy,SoundList,-1,部署语音,部署的声音，通过快捷键或底边栏按钮部署不会触发，PhobosBuild47已修复,109999,,,
MoveStart,SoundList,-1,单位起步音效,单位起步音效,109999,,,
TurretRotateSound,SoundList,-1,炮塔旋转音效,炮塔旋转的声音，载具用的时候炮塔是只看相对地面是否旋转的，也就是炮塔跟着车体转的时候也会播放,109999,,,
WorkingSound,SoundList,-1,工作音效,工作声音,109999,,,
NotWorkingSound,SoundList,-1,停工音效,填Sound.ini中定义的声音名。这个代码指定建筑停止工作时的声音,109999,,,
CaptureEvaEvent,SoundList,-1,占领时的副官播报,YR新增，指定这个建筑被工程师占领后播放的EVA,109999,,,
VoiceAirstrikeAttack,SoundList,-1,单位空袭语音,单位空袭语音,109999,,,
VoiceAirstrikeAbort,SoundList,-1,单位空袭取消语音,单位空袭取消语音,109999,,,
MovementZone,String,-1,移动范围,表示单位使用何种寻路方式，对于处于OpenTopped载具中的乘客只有在其可运动的MovementZone上才可以正常对外开火，Ares下用InitialPayload做多武器载具需要注意，可以用下面那句来限制不能踢出（不过Ares也提供了用于VehicleType与Aircraft的的禁止手动装载乘客NoManualEnter与禁止手动卸载乘客NoManualUnload直接用Ares提供的新语句就足够了，详见Ares说明书,0,,,
Locomotor,String,-1,移动方式,运动模式。与单位类型无对应关系，只是通常用法,0,,,
SpeedType,String,-1,速度类型,填下表中的对应项。这个代码指定该单位的速度类型，决定单位在不同的地形上能否运动及运动速度改变多少，见2025教程大包内附赠的《9.覆盖物词典.ini》开头[Water]部分，应该和Locomotor=以及MovementZone=适当配合使用，Amphibious——两栖速度类型，在旧版本词典中有一个“Underground 潜地速度类型”，实际上这是二十多年前最早的一批教程中长期遗留下来的错误，程序中该句并不存在Underground这个可用值，FloatBeach——滨海速度类型，Float——船舶速度类型，使用这个SpeedType的建筑可以无视Buildable依靠SpeedType控制建造地块类型，见WaterBound词条，Winged——飞机速度类型，Hover——悬浮速度类型 * SpeedType=Hover的Jumpjet载具（例如夜鹰直升机）被超时空到水中时并不会沉没，甚至还能操作下达指令让它飞起来正常工作，这个问题在Ares中已被修复，Wheel——轮式载具速度类型，Track——半履带车速度类型，Foot——步兵步行速度类型 * SpeedType=Amphibious/Hover会让一些Voxel载具影子绘制在body之上，PhobosBuild47已修复,0,,,
HoverAttack,bool,-1,盘旋攻击,填yes或no。这个代码原用于指定Jumpjet单位是否需要起飞以攻击目标，单位会在发起攻击时尝试起飞。但你也可以给地面单位使用，实际表现为打一枪移动一下（因为依然没能飞起来）,0,,,
Crashable,bool,-1,死亡后坠地,填yes或no。这个代码指定此Jumpjet单位在空中被摧毁后，是否坠落到地面，否则凌空爆炸。不要给HoverLocomotor的单位使用否则被摧毁卡最后一滴血死不了，只要该值设为yes那么即便是从地面爆炸的也不会让乘员逃生，Ares已拓展至战机类单位，并允许战机坠落的情况下是否旋转，Phobos已允许设定[TechnoType] -> Locomotor=Jumpjet的单位坠落是否旋转，详见说明书，目前Ares引擎下母舰被毁时子机无视[TechnoType] -> Crashable=no强制可以坠毁,0,,,
JumpJet,bool,-1,跳跃飞行式运动,填yes或no。这个代码指定单位是否为Jumpjet式飞行，一般与Locomotor=Jumpjet合用，仅用于一些判定，实际运动模式由Locomotor决定，会导致单位不会自动采矿，以下语句在[TechnoType] -> Locomotor=Jumpjet且单位处于空中时使用，（也就是远距离飞行近距里步行的飞行兵仅在飞行时使用JumpjetSpeed在地上用Walk时正常使用Speed），注：原版INI中WW大小写非常不规范，除上面两句外其余的Jumpjet系列语句第二个j均为小写，也就是原版很多单位下的JumpJetAccel和JumpJetTurnRate是无效的，实际取了全局默认值，但是你如果改回正确的标签让它生效了，你会发现WW那些无效标签填的值简直是瞎写，并且会导致并不正常的效果,0,,,
JumpjetSpeed,String,-1,飞行速度,填数值。这个代码指定飞行单位的平飞速度，即在没有地形影响时飞行单位的运行速度,0,,,
JumpjetClimb,String,-1,攀登速度,填数值。这个代码指定飞行单位在越过山崖等高地及建筑时的攀升和下降速度，同时也是基础坠落速度,0,,,
JumpjetCrash,String,-1,坠地速度,填数值。坠毁时会使用JumpjetClimb+JumpjetCrash来获得一个正方向向下的速度，如果该值没有JumpjetClimb大的话单位在建筑上坠毁时会由于落地减速而永远无法死亡，原版下JumpjetLocomotor的单位坠毁时总会转着圈掉下来，Phobos已允许定义（毕竟像《世界轴承》中RITC阵营的NMSL号空天母舰那样的大型飞行载具转着圈坠地给人的感觉实在有些太蠢了）,0,,,
JumpjetAccel,String,-1,飞行加速度,填数值。这个代码指定飞行单位在移动中加速的比率，一般填整数，减速度为JumpjetAccel*1.5，如果写的很高会导致单位还没有抵达目的地就被减速而无法完成移动指令，例如尝试降落但永远无法降到地面而是卡在比平飞高度低一些的位置，并且会导致单位会重叠在同一个格子中，而且攻击非面向方向的目标可能会指令无效。但是以外的解决了原版的JumpjetLocomotor载具Turret=yes则炮塔始终朝向正东的问题，当然现在不需要用这种歪法了,0,,,
JumpjetTurnRate,String,-1,飞行转弯速度,填数值。这个代码指定飞行单位掉转方向的速率，当JumpjetSpeed/JumpjetTurnRate足够大时即可让Jumpjet像Fly那样盘旋，例如https://www.bilibili.com/opus/764036774809829440，原版写的过小可能反而瞬间转向，Ares下会崩溃,0,,,
JumpjetHeight,String,-1,飞行高度,填数值。这个代码指定飞行单位的飞行高度，通常设置为800，即便写了低于208的值游戏也仍会确保该平飞高度高于空地判定界限，不过只要你不用[TechnoType] -> JumpjetNoWobbles=yes禁用上下浮动那么它仍可越界低于该界限而被视为地面对象进行攻击,0,,,
JumpjetWobbles,String,-1,浮动比率,填数值。这个代码指定飞行单位的浮动频率，不能为0，不需要浮动请用上句,0,,,
JumpjetDeviation,String,-1,弹道偏离,填数值。这个代码指定飞行单位浮动的幅度,0,,,
JumpjetNoWobbles,bool,-1,禁止浮动,填yes或no。这个代码指定是否禁止飞行单位浮动。填yes时为禁止该单位浮动,0,,,
JumpJetTurn,bool,-1,飞行单位是否使用8面图像,拥有[TechnoType] -> Locomotor=Jumpjet的飞行步兵能否使用正确的朝向绘制开火位置，并在移动和转向时禁止开火,0,,,
BalloonHover,bool,-1,不能降落,填yes或no。这个代码指定使用Jumpjet运动模式的单位不能落地。会打断CloakStop工作，此句生效时[TechnoType] -> JumpjetHeight=必须高于战车工厂的[BuildingType] -> ExitCoord=的高度否则会卡住，同时该语句会限制单位可移动的单元格，例如点击建筑旁边的地面会自动避开建筑所在单元格，点击桥面时会将所有移动目标点均设在桥上而不考虑旁边的水面，PhobosBuild47允许全局设置这一规则，在RA2下只要有这句那么单位手动攻击时就总想着往对面头上飞，该行不仅限[TechnoType] -> Locomotor=Jumpjet但必须载具或战机类对象，在YR开始额外检测当前所使用武器其抛射体上是否拥有[Projectile] -> Vertical=yes才使用这一行为，有这句的JumpJet单位即便没有[TechnoType] -> Explodes=yes也可以在坠落到地面时引爆[TechnoType] -> DeathWeapon=的武器，具体工作方式见[TechnoType] -> DeathWeapon=一句,0,,,
ROT,String,-1,转弯速度,填数值。这个代码指定该单位转弯的比率，数值越大转弯越快。默认值为0，对于AircraftType而言0值为不能旋转，会按初始方向直线飞出，对于载具类别0值为瞬间旋转，步兵始终瞬间掉头，同时对于[TechnoType] -> Turret=yes的单位其炮塔旋转速度也使用此值，Ares允许分离设定，注意：单位炮塔与本体同时旋转时旋转速度不会叠加，也就是说在炮塔与车体转速想相同（原版）的情况下同时向同方向旋转时炮塔与车体的夹角是固定的，关于算法：ROT为每帧转过的角度，但使用256分圆，也就是64相当于一帧转90度，128为一帧即可掉头，非机场战机且运动方式恰当的单位在为0时会瞬间转向，原版中[AircraftType] -> Carryall=yes的战机吊起过的载具被放下后会继续使用战机的ROT，Ares已修复,0,,,
Teleporter,bool,-1,能否瞬移,超时空行动用语句，步兵加上这句被超时空传送不会死亡，同时也用于非Dock回建筑对接时使用Drive替换原本的Locomotor，但对于使用Hover运动模式的单位在静止时仍会上下浮动，例如原版超时空矿车借由这句使其“行驶”(Drive)前往矿区，而不是全程超时空移动,0,,,
DeaccelerationFactor,String,-1,减速系数,填数值。这个代码指定单位接近攻击目标时减慢的速度的百分比，降低百分比是以该单位的Speed=的数值来作标准的,0,,,
PitchAngle,String,-1,飞行角度,填数值。指定此单位在飞行时向前倾斜的量。默认为20.0度，仅为图像效果，但实际飞行动作的仰角还是取决于Speed和FlightLevel,0,,,
PitchSpeed,String,-1,加速度,填数值。指定此单位向前(PitchAngle)与向侧边(RollAngle)倾斜所需的速度百分比下限。默认为0.25，用于Locomotor为Fly或Jumpjet的单位，令其仅在(当前Speed/[TechnoType] -> Speed)大于PitchSpeed的比率时才会倾斜,0,,,
FlyBy,bool,-1,攻击时不减速,该战机是否会飞越目标，可以避免开火前扭一下身子，此外还有一个附加效果是让战机可以保持当前朝向降落而不是要转向全局或建筑的方向,0,,,
CloakingSpeed,String,-1,隐形速度,填1-10的数值。这个代码指定该单位的隐形速度（即出厂时的隐形速度和被发现后的再次隐形速度），要配合Cloakable=yes使用，实际上是每一个隐形阶段所需的时长，越小越快，总时长由本句与全局CloakingStages共同决定，Ares已允许单位微观定义CloakingStages,0,,,
AccelerationFactor,String,-1,加速度比率,填数值。这个代码要配合[TechnoType] -> Accelerates=yes使用，指定单位运动中加速的百分比，用小数表示，如设置为“.1”,0,,,
TooBigToFitUnderBridge,bool,-1,不能在桥底停留,该载具是否无法在桥底停留,0,,,
Accelerates,bool,-1,缓慢加速,"可以设置为""yes""或者""no""来决定这个单位移动式是否慢慢加速至[TechnoType] -> Speed=定义的速度，与高级碾压（[TechnoType] -> MovementZone=CrusherAll）共用有时候会莫名奇慢无比",0,,,
Crusher,bool,-1,能否碾压,填yes或no。这个代码指定载具单位是否能够碾压步兵和可碾压围墙，并且没有[TechnoType] -> Trainable=no的情况下通过碾压也可以正常升级，这也会影响载具类单位的默认SpeedType，详见[TechnoType] -> Locomotor=语句注解,0,,,
OmniCrusher,bool,-1,要塞级碾压,填yes，可以碾压载具和围墙（战斗要塞），仅Crusher=yes时工作，用于[代表]一种“更高级别”的碾压，但也不过是设定如此，此外这个语句会让载具更倾向于将目标碾毙而总是想要移动过去，哪怕速度慢的要死，Ares已允许单位上设定是否禁止这一效果，详见说明书,0,,,
AutoCrush,bool,-1,主动碾压,TS开始该句出现在了矿车上，用于载具微定义自动碾压,0,,,
Trainable,bool,-1,可以升级,为no时不可升级，非建筑单位默认yes，建筑默认no，原版下来自子机和空袭机的击杀经验全给子机，现代拓展引擎可设置分配方式或强制同步等级，详见说明书，驻军建筑内的驻军步兵即便自身Trainable=no也强制获得经验，Ares已修复，触发小队可以无视该语句设置等级，例如RA2A08空降的精英工程师，Phobos已修复,0,,,
Promote.VeteranType,TechnoTypes,-1,1级后成为另一单位,1级后成为另一单位,00ff00,,,
Promote.EliteType,TechnoTypes,-1,3级后成为另一单位,3级后成为另一单位,00ff00,,,
Promote.VeteranExperience,String,-1,1级单位升级而来扣除等级,1级单位升级而来扣除等级,0,,,
Promote.EliteExperience,String,-1,3级单位升级而来扣除等级,3级单位升级而来扣除等级,0,,,
Promote.VeteranSound,String,-1,该单位升到1级的音效,该单位升到1级的音效,0,,,
Promote.EliteSound,String,-1,该单位升到3级的音效,该单位升到3级的音效,0,,,
Promote.EliteFlash,String,-1,该单位升到3级的闪光时间,该单位升到3级的闪光时间,0,,,
Promote.VeteranFlash,String,-1,该单位升到1级的闪光时间,该单位升到1级的闪光时间,0,,,
EVA.VeteranPromoted,String,-1,该单位升到1级的副官播报,该单位升到1级的副官播报,0,,,
EVA.ElitePromoted,String,-1,该单位升到3级的副官播报,该单位升到3级的副官播报,0,,,
Promote.IncludePassengers,String,-1,升级时载员是否升级,升级时载员是否升级,0,,,
Experience.SpawnOwnerModifier,String,-1,子机发射者获得经验的比例,子机发射者获得经验的比例,0,,,
Experience.SpawnModifier,String,-1,子机获得经验的比例,子机获得经验的比例,0,,,
Experience.FromPassengers,bool,-1,是否把载员得到的经验给载具,是否把载员得到的经验给载具,0,,,
Experience.PromotePassengers,bool,-1,是否分享经验给载员,是否分享经验给载员,0,,,
Experience.PassengerModifier,String,-1,载员获得经验的比例,载员获得经验的比例,0,,,
Experience.MindControlSelfModifier,String,-1,通过被控者杀人获得经验比率,通过被控者杀人获得经验比率,0,,,
Experience.MindControlVictimModifier,String,-1,被心控时杀人获得经验比率,被心控时杀人获得经验比率,0,,,
Insignia.Rookie,String,-1,0级时的军衔标志,0级时的军衔标志,0,,,
Insignia.Veteran,String,-1,1级时的军衔标志,1级时的军衔标志,0,,,
Insignia.Elite,String,-1,3级时的军衔标志,3级时的军衔标志,0,,,
Insignia.ShowEnemy,bool,-1,敌人能否看见他的军衔,敌人能否看见他的军衔,0,,,
Experience.FromAirstrike,bool,-1,是否从空袭获取经验,是否从空袭获取经验,0,,,
Experience.AirstrikeModifier,String,-1,通过空袭获得经验的比例,通过空袭获得经验的比例,0,,,
Deployer,bool,-1,可以展开,该步兵能否部署。部署的样子由Art.ini中该步兵的Sequence控制,0,,,
DeploysInto,String,-1,展开成的建筑,填建筑名称。这个代码指定载具部署后变成的建筑，被心控的载具部署后会断掉心控链接彻底改变所属，YR1.001为尤里X白嫖建造场问题禁用了被心控单位部署为[BuildingType] -> ConstructionYard=yes建筑的该逻辑，Phobos已允许正常交接心控链接并允许定义是否解除禁用效果，实际上是TechnoType通用标签，值的类型也是TechnoType，由于拥有跨类别T选同类对象的效果，曾也用于原版引擎下的类Ares中GroupAs功能的效果，原版下可能造成一些问题，Ares已进行修复，并允许禁用这句的跨类T选效果，同时提供了新的GroupAs作为可选的替代方案，由于DeploysInto和UndeploysInto的单向跨类T选拥有层次效果，可结合GroupAs做出注入“第一次T选MTNK选中所有MTNK，第二次T选选中所有MTNK、HTNK、LTNK”的效果，由于原标签自身作用，载具应当确保不会执行原行为的情况下才适合这样使用，否则仍会正常执行标准操作即部署成建筑，此外这样的转变很多效果无法继承，例如铁幕，Phobos已允许继承其中一部分,0,,,
UndeploysInto,String,-1,重新部署时的单位,填载具名称。这个代码指定建筑反部署后变成的载具，被心控的建筑反部署后会断掉心控链接彻底改变所属，YR1.001为此禁用了被心控建筑的该逻辑，Phobos已允许正常交接并解除了禁用效果，实际上是TechnoType通用标签，值的类型也是TechnoType，由于拥有跨类别T选同类对象的效果，曾也用于原版引擎下的类Ares中GroupAs功能的效果，原版下可能造成一些问题，Ares已进行修复，并允许禁用这句的跨类T选效果，同时提供了新的GroupAs作为可选的替代方案，由于DeploysInto和UndeploysInto的单向跨类T选拥有层次效果，可结合GroupAs做出注入“第一次T选MTNK选中所有MTNK，第二次T选选中所有MTNK、HTNK、LTNK”的效果，由于原标签自身作用，建筑应当确保不会执行原行为的情况下才适合这样使用，否则仍会正常执行标准操作即反部署成载具，此外这样的转变很多效果无法继承，例如铁幕，Phobos已允许继承其中一部分，特别注意：，这个语句会导致建筑出售时只逆向播放23帧，Phobos已允许定义，Foundation=1x1建筑如果拥有UndeploysInto设定在很多判定中会被视为“载具”，例如可以框选，被维修车维修等，建筑能否框选Ares已给予专门语句允许设定，是否视为载具Phobos已给予专门语句允许设定，此外原本Artillary、ICBMLauncher、TickTank、SensorArray四句会让AI执行攻击脚本时将其视为载具，但Phobos在实现本功能时去除了它们的这一效果，Unsellable=no并且ConstructionYard=no的的建筑如果拥有UndeploysInto无法正常出售，由于RA2下不再拥有是否按住Alt区分工厂建筑移动（反部署）与设置集结点的效果，现在总是点击后立即进入反部署并且依然绘制集结线，Phobos下禁用了反部署绘制集结线且可以使用新增的 NoManualMove 语句禁止手动移动来确保下达指令时是设置集结点而不是移动（反部署）,0,,,
DeployFacing,String,-1,部署的朝向,表示载具通过DeploysInto部署成这个建筑前朝向哪个方向，0-7对应从北到西北的八个标准方向,0,,,
DeployingAnim,String,-1,“简单部署”动画,部署时播放的动画，原版用于武装直升机这种[VehicleType] -> IsSimpleDeployer=yes的单位在部署与反部署时播放一个过程动画，动画播放时IsLocomotor类弹头仍可尝试锁定但会失败然后放弃目标，在原版中拥有[VehicleType] -> IsSimpleDeployer=yes的地面载具无论是否有部署动画都可以任意部署，飞行载具在空中降落时则总是会转向[General] -> DeployDir=的方向，该动画不支持使用[Animation] -> Normalized=yes和[Animation] -> Reverse=yes功能，并且影子不会计算当前高度以绘制到正下方的地面上，PhobosBuild48已修复，从Ares2.0开始地面载具拥有部署动画的话第一次部署指令会先转向[General] -> DeployDir=的方向然后才能部署，飞行载具无部署动画则降落时保持原有的方向，从PhobosBuild48开始无论是否拥有部署动画都会转向，你可以使用[TechnoType] -> DeployDir=-1来禁用,0,,,
IsSimpleDeployer,bool,-1,是否能“简单部署”,该载具能否部署以使用另一个武器和图像，但实际上仍然是同一个单位，例如原版武装直升机，武器使用Secondary与EliteSecondary或Weapon2与EliteWeapon2指定的副武器，盖特逻辑无法升档，光棱充能炮塔逻辑会失去武器，哪怕WeaponCount=2解开数量限制也无法手动控制其攻击，只能通过主动寻敌来开火，并且依然使用Weapon1所指定的武器，图像使用UnloadingClass=指定从哪个单位获取，例如UnloadingClass=MTNK，又由于原版MTNK使用Image=GTNK实际使用的是GTNK作为图像，因此Deployer状态下会变为GTNK，由于该标签仅对Vehicle有效，所以需要与这个标签合用的Ares的Convert.Deploy等功能也随之在实际应用范围上仅限Vehicle，事实上处于SimpleDeployer状态的VehicleType比常态BuildingType在超远程Arcing抛射体精度上问题上还要更高一些，这不会检查单位是否真正可以执行部署，因此哪怕在不能部署的情况下也可能显示为常规的允许部署光标，Phobos已允许设置，对于[TechnoType] -> Locomotor=Jumpjet/Hover且拥有[TechnoType] -> DeployToLand=yes的单位不能在水域和沙滩上部署，Phobos已允许设置,0,,,
DeployToLand,bool,-1,部署落地,填写yes。让悬停在空中的直升机播放螺旋桨动画，和[VehicleType] -> IsSimpleDeployer=yes连用可让Jumpjet单位悬停不落地（与[TechnoType] -> BalloonHover=yes类似，包括会打断[TechnoType] -> CloakStop=的效果），不同的是[TechnoType] -> BalloonHover=yes可以悬停在建筑上，当然这也可以正常与[TechnoType] -> BalloonHover=yes一句合用，一个附加效果是反部署时会尝试起飞，表现在地面载具上则是会移动一下，当该句为no且[VehicleType] -> IsSimpleDeployer=yes时即便拥有[TechnoType] -> BalloonHover=yes也会尝试降落而无法保持悬停，PhobosBuild48已修复,0,,,
Occupier,bool,-1,能否进驻建筑,该步兵能否进驻可驻军建筑，在RA2中步兵进驻建筑后根据所属方阵营选择使用建筑自身的主武或副武，在YR中步兵进驻建筑后使用步兵自身[InfantryType] -> (Elite)OccupyWeapon=定义的驻军武器,0,,,
Primary,WeaponTypes,1,主武器,填武器名。这个代码指定该单位的主武，也就是所谓的主要武器、第一武器，对于AI而言如果基地正在受攻击（无论杀伤的来源是哪个所属）都会将拥有武器的建筑优先建造,ffff00,,,
Secondary,WeaponTypes,1,副武器,填武器名。这个代码指定该单位的副武，也就是所谓的次要武器、第二武器。当主武不能攻击某目标时，游戏会自动转为副武攻击，当副武不能攻击时，游戏才会判断该单位不能攻击，建筑主副武器始终使用其主武器的Range作为射程，如果不存在主武器那么副武器相当于没射程也用不了,ffff00,,,
ElitePrimary,WeaponTypes,1,主武器-升级,填武器名。这个代码指定单位精英时使用的主武,ffff00,,,
EliteSecondary,WeaponTypes,1,副武器-升级,填武器名。这个代码指定单位精英时使用的副武,ffff00,,,
OpportunityFire,bool,-1,移动开火,该单位能否移动开火，指定此单位是否可以在执行其他操作（例如移动、采矿）时开火，原版天启没有这句所以很呆，优先级低于MobileFire一句的限制和步兵的移动状态检测，例如Jumpjet步兵在建筑上方由于JumpjetLocomotor决定的一些硬编码移动判定而无法开火（见Locomotor条目），例如Walk步兵在移动时必须播放移动序列，而步兵序列与步兵许多动作关联，因而也常常无法移动时开火，优先级也低于Ctrl+Shift的移动中索敌效果，例如YR天启虽然没有写OpportunityFire=yes但可以通过Ctrl+Shift越过这个逻辑的规则在移动中检索到其他目标并发起攻击，不过Ctrl+Shift的优先级也低于上面Jumpjet和Walk步兵的硬限制，二者受制于移动状态直接无法发起攻击动作，更不会实际执行攻击行为,0,,,
DeployFire,bool,-1,展开后可开火,该单位部署后是否能够开火，注意：它会覆盖整个武器选用优先级，例如YR中的GGI拥有一个可以对空的副武器，但非部署状态下哪怕你让他去攻击一个空中目标他也会用主武尝试发起攻击行为，然后由于主武无法对空而没有任何行为。该效果自YR加入，RA2没有，举个例子：让YR中的尤里复制人可以使用副武器攻击狗，首先[(Y)(A)DOG] -> ImmuneToPsionics=yes得换成[Controller] -> Versus=0%来使用正常的武器选用逻辑，然后禁用部署开火逻辑例如改为[YURI] -> DeployFire=no绕过步兵部署开火所强制的一套武器选用规则限制，最后再去掉武器上必须部署的语句例如改为[PsiWave] -> AreaFire=no来允许步兵正常使用这个武器,0,,,
DeathWeapon,WeaponTypes,1,爆炸时武器,死亡武器，当单位死亡且单位拥有[TechnoType] -> Explodes=yes或单位当前主武器（包括IFV的任何模式所对应的唯一武器）上拥有[Weapon] -> Suicide=yes时会被引爆，默认使用当前主武器（[TechnoType] -> Primary=/IFV当前武器），主武器不存在使用[CombatDamage] -> DeathWeapon=的武器，对于导弹类对象，其命中仅会使用自己在全局或Ares自定义导弹参数中所设定的弹头和武器，而被摧毁时才除此之外同时使用这里设定的死亡武器，事实上死亡武器也可以在[TechnoType] -> Locomotor=Jumpjet/Fly的单位从天上坠毁到地面时【额外】触发一次，其中使用Jumpjet的情况还要有[TechnoType] -> BalloonHover=yes，此时相当于把落地那次播放[TechnoType] -> Explosion=动画的行为换成引爆一次死亡武器，两种情况都要求载具上明确拥有[TechnoType] -> Crashable=yes，也就是说通过[Warhead] -> IsLocomotor=yes的弹头牵引[TechnoType] -> Crashable=no的载具逃课是不可行的，当然由于[TechnoType] -> Locomotor=Jumpjet的战机落地后会丝血保留始终不死所以并不会引爆，对于[TechnoType] -> Explodes=no但可以通过坠毁触发该武器的单位总是会在坠落到地面被摧毁时引爆一次死亡武器，对于[TechnoType] -> Explodes=yes且可以通过坠毁触发该武器的单位会在空中刚死就爆一次，概率性马上着陆时爆一次，如果落到大型建筑上还会多死几次而引入多次完整死亡爆炸，再在实际落地移除实体时额外引爆一次，在PhobosBuild12修复后[TechnoType] -> Explodes=yes只会空中死亡时爆一次，可坠毁额外触发该武器的单位落地时再爆一次,ffff00,,,
OccupyWeapon,WeaponTypes,1,进驻用武器,YR新增，步兵驻军武器,ffff00,,,
EliteOccupyWeapon,WeaponTypes,1,3级进驻用武器,填武器名。这个代码指定步兵精英时使用的驻军武器,ffff00,,,
OpenTransportWeapon,String,-1,载具内武器,指定该单位作为战斗要塞乘客时使用哪个武器，0代表主武器，1代表副武器，默认-1，和平时一样遵照武器选用规则不被强制使用特定武器，该语句强制力较高，例如使用OpenTransportWeapon=1强制BORIS使用副武器攻击同时拥有ResourceGatherer=yes和ResourceDestination=yes的对象，那么哪怕BORIS实际上无法对这类目标开火，它也会依然使用副武器，哪怕实际上不会产生任何效果，也不会和非载员一样切换回主武器来进行攻击,0,,,
IsGattling,bool,-1,是否有盖特效应,填yes或者no，该单位是否使用盖特武器系统，步兵无效，盖特逻辑即使Versus=0或LandTargeting=1导致当前武器无法发射也会继续升档，同样，它对地也不会根据LandTargeting=2换用偶数武器，你依然会看到最高阶奇数武器对地猛轰，注意：盖特逻辑单纯依照对地奇数武器对空偶数武器来处理，无法在奇数武器攻击不了时使用偶数武器，Phobos已硬编码改为允许，升档使用计数器实现，即处于开火状态每帧+RateUp，没有目标每帧-RateDown，通过这样的机制控制计数器的增减，当计数器超过Stage[X]指定的阈值后切换为[X+1]阶段，也就是说，WeaponStages=3，Stage1=100，Stage2=200，Stage3=300，代表计数器累加到100/200/300时进入第2阶段/第3阶段/保持3阶（因为没有4阶段可供3阶段升阶）阶段，不是第一阶经过100帧后到第二阶，第二阶经过200帧后到第三阶，这也是旧时代实现一个单位多种武器的一种方法，成品参考https://www.bilibili.com/opus/955527925895004169盖特的第一阶武器必然会先待命发射一次，哪怕StageX=0或RateDown<0初始累加计数器，那么也会先射一发一阶武器再跳到计数器所决定阶段的武器,0,,,
TurretCount,String,-1,炮塔种类数,炮塔种类数（IFV、盖特、光棱坦克）最大18，Ares已扩展至127，如果单位Tur文件总量[小于]该值会导致无论Body还是Tur都不显示，TurretCount<1会直接导致Weapon[X]系统不被使用而是使用(Elite)Primary=/(Elite)Secondary=系统,0,,,
WeaponCount,String,-1,武器种类数,武器种类数，开启Weapon[X]系统必要语句，由[TechnoType] -> IsChargeTurret=yes开启的光棱充能炮塔实际上只使用(Elite)Weapon1=，无论[TechnoType] -> WeaponCount=是多少,0,,,
AirRangeBonus,String,-1,对空射程加成,单位瞄准空中目标时的额外射程，不影响攻击时仍会尝试将目标套进[Weapon] -> Range=的范围，但追击目标时用上此句可以防止追一步停一步，搭配[TechnoType] -> OpportunityFire=yes食用效果奇佳,0,,,
DeathWeaponDamageModifier,String,-1,死亡武器伤害比例,填数值。这个代码指定该单位[TechnoType] -> DeathWeapon=的武器增加或减少威力的倍数,0,,,
AttackCursorOnFriendlies,bool,-1,可对己方攻击,该单位能否在友军上也和敌人一样默认显示攻击光标，例如原版疯狂伊文，只不过因为[InfantryType] -> Ivan=yes导致攻击光标又被换成了伊文炸弹光标，从PhobosBuild49开始可以在武器上独立定义,0,,,
CanBeOccupied,bool,-1,可被占领,填yes或no。这个代码指定建筑单位是否可以被进驻，红色警戒2不同于尤里复仇，占领后的武器要在该建筑上设定，盟军占领后使用Primary=的武器，苏军占领后使用Secondary=的武器，这个建筑拔起结束后就会改变所属为中立，并且如果你真的有给这个建筑写[BuildingTypeArt] -> Buildup=的话会被中立直接卖掉，RA2下一种创建经验包的方法就是与[BuildingTypeArt] -> Buildup=none及[BuildingType] -> MaxNumberOccupants=0禁用进驻连用，YR为苏军NABNKR额外判定了是否拥有TechLevel=-1再作所属转换，然而只要有这句哪怕TechLevel>=0不改变所属AI也会倾向于视为一个平民建筑，在Ares下已经允许一个建筑设定自己可以被哪些步兵驻军，详见Ares说明书，原版下已经拥有所属的平民建筑建筑（已驻军且TechLevel=-1）无法进入其他人的步兵，但同样有所属造出来而无驻军的苏军碉堡（TechLevel>=0）也是如此，Ares的巷战相关拓展允许无人的碉堡允许敌方步兵驻军并转移所属方，详见说明书,0,,BuildingTypes,
MaxNumberOccupants,String,-1,进驻容量,平民建筑能进驻多少人,0,,BuildingTypes,
CanOccupyFire,bool,-1,可进驻后开火,YR新增，该建筑被驻军后驻军单位能否向外开火，即便no掉也无法复原为RA2的驻军武器规则，驻军建筑只是变成无论是否有驻军单位都只有攻击指针但实际无法开火,0,,,
Ammo,String,-1,弹药数量,填数值。这个代码指定该单位的弹药数量。战机不能自动装填弹药，需要在机场降落后进行装填。默认为负一，无限，注意一个常规单位武器每一发都会消耗弹药，例如默认状态下[Weapon] -> Burst=10的武器会消耗10弹药，在Ares下通过[Weapon] -> Ammo=2定义每一发的消耗2弹药则依次开火射出10发扣除20弹药，当用于建筑且拥有[BuildingType] -> Hospital=yes或[BuildingType] -> Armory=yes中的至少一句时将无法自动装填，转而用于限制其效果的生效次数，对于Aircraft类则是按开火行为计算，也就是因为乘客而将开火换为踹乘客、五连发抛射体一轮攻击射了5次武器等等均按1点Ammo来计算，对应的Ares的自定义武器消耗弹药量也对Aircraft无效，并且Aircraft存在多种一样（一坨又一坨）的弹药计算规则，例如如果一个战机的剩余弹药量高于总弹药量的一半并且有目标那么它无法正常装填弹药（AI：这个我熟），在Aircraft踹出乘客后的下一次开火实际上无法完成但仍会消耗Ammo，因此每次踹乘客实际上会占用两发。例如一个4弹药3乘客的战机第一轮只能踹出前2个乘客，回机场补充一格弹药后才能踹第3个，如果武器拥有大于一的[Weapon] -> Burst=那么每一连发都会消耗一次弹药，并且存在一个Bug是对于正在尝试踹乘客的Aircraft在达到0时可能不会立即停止开火，这就导致可能跨越零值变负，然后变成无限弹药，原版下Infantry和Building的弹药逻辑基本是废的，Ares已修缮与完善并进行了拓展，详见说明书,0,,,
AirstrikeTeam,String,-1,空袭飞机的数量,普通鲍里斯召唤空袭的数量，特殊效果为这个语句只要非0那么会禁止[TechnoType] -> Secondary=开火时[InfantryTypeArt] -> SecondaryFire=后接入Guard帧而一直保持开火状态，哪怕并没有补全空袭逻辑的单位语句和使用空袭指示的武器，此外如果为有限弹药且[AircraftType] -> AirportBound=yes的战机将此值设为 1，那么如果处于攻击任务中按 S 停止或失去目标会大概率直接飞出地图并删除，若要成功召唤空袭需要与武器弹头上的[Warhead] -> Airstrike=yes配合，不过这个语句自身的值是否>=1也直接决定了能否启动空袭逻辑，若不满足则无论[TechnoType] -> EliteAirstrikeTeam=如何都无法启动空袭，若满足则即便[TechnoType] -> EliteAirstrikeTeam=不满足也会绘制激光线和染色效果只不过没有战机,0,,,
EliteAirstrikeTeam,String,-1,3级时空袭飞机数量,精英鲍里斯召唤空袭的数量,0,,,
AirstrikeTeamType,AircraftTypes,-1,空袭飞机的种类,普通鲍里斯召唤空袭的飞机,00ff00,,,
EliteAirstrikeTeamType,AircraftTypes,-1,3级空袭飞机的种类,精英鲍里斯召唤空袭的飞机,00ff00,,,
AirstrikeRechargeTime,String,-1,两次空袭最小间隔,普通鲍里斯召唤空袭的间隔,0,,,
EliteAirstrikeRechargeTime,String,-1,3级两次空袭最小间隔,精英鲍里斯召唤空袭的间隔,0,,,
NavalTargeting,String,-1,水上攻击逻辑,=默认0，填下表中的对应项。这个代码指定单位对海攻击规则，攻击对象位于LandType=Water或Beach的格子上时才启用，0=水下单位隐身（视为没有上浮）时无法攻击，1=对水下单位始终使用副武攻击（原版驱逐舰），2=对水下单位使用主武攻击，其他单位无法攻击（原版反潜机），3=对有生单位或非生物体使用副武攻击，其他单位使用主武（乌贼对雷鸣），4=对悬浮单位或有生单位使用主武攻击，其他单位使用副武（海豹手撸乌贼却不用C4），* 由于逻辑仅在目标位于水和沙滩上时运作，一辆SpeedType非Hover的载,0,,,
LandTargeting,String,-1,陆地攻击逻辑,默认0，填下表中的对应项。这个代码指定单位对地攻击规则。较NavalTargeting更优先，0 可以攻击陆地，1 不能攻击陆地，2 用副武器攻击陆地，并且强制对陆地不主动攻击，虽然LandTargeting=2和盖特逻辑都是YR新增的，但是WW完全没有考虑二者的配合，所以盖特依然会正常升档,0,,,
FireAngle,String,-1,开火倾斜度,单位炮管的倾斜度。256分圆，64为90°垂直于地面，默认10所以如果使用了炮管并希望无角度请记得手动调为0值，在特定方向上存在视觉上突然变成FireAngle=0的问题，然而这个功能到RA2以后本就是纯粹的视觉效果，所以直接当这逻辑半残好了,0,,,
Weapon1,WeaponTypes,1,多武器逻辑-武器1,启用多少是由[TechnoType] -> WeaponCount=决定的，也就是盖特的[TechnoType] -> WeaponStages=这种只是盖特系统内调取多少，即便是没有被用上的武器也可以通过Ares的[TechnoType] -> NoAmmoWeapon=等功能用起来,ffff00,,,
Weapon2,WeaponTypes,1,多武器逻辑-武器2,启用多少是由[TechnoType] -> WeaponCount=决定的，也就是盖特的[TechnoType] -> WeaponStages=这种只是盖特系统内调取多少，即便是没有被用上的武器也可以通过Ares的[TechnoType] -> NoAmmoWeapon=等功能用起来,ffff00,,,
Weapon3,WeaponTypes,1,多武器逻辑-武器3,启用多少是由[TechnoType] -> WeaponCount=决定的，也就是盖特的[TechnoType] -> WeaponStages=这种只是盖特系统内调取多少，即便是没有被用上的武器也可以通过Ares的[TechnoType] -> NoAmmoWeapon=等功能用起来,ffff00,,,
Weapon4,WeaponTypes,1,多武器逻辑-武器4,启用多少是由[TechnoType] -> WeaponCount=决定的，也就是盖特的[TechnoType] -> WeaponStages=这种只是盖特系统内调取多少，即便是没有被用上的武器也可以通过Ares的[TechnoType] -> NoAmmoWeapon=等功能用起来,ffff00,,,
Weapon5,WeaponTypes,1,多武器逻辑-武器5,启用多少是由[TechnoType] -> WeaponCount=决定的，也就是盖特的[TechnoType] -> WeaponStages=这种只是盖特系统内调取多少，即便是没有被用上的武器也可以通过Ares的[TechnoType] -> NoAmmoWeapon=等功能用起来,ffff00,,,
Weapon6,WeaponTypes,1,多武器逻辑-武器6,启用多少是由[TechnoType] -> WeaponCount=决定的，也就是盖特的[TechnoType] -> WeaponStages=这种只是盖特系统内调取多少，即便是没有被用上的武器也可以通过Ares的[TechnoType] -> NoAmmoWeapon=等功能用起来,ffff00,,,
Weapon7,WeaponTypes,1,多武器逻辑-武器7,启用多少是由[TechnoType] -> WeaponCount=决定的，也就是盖特的[TechnoType] -> WeaponStages=这种只是盖特系统内调取多少，即便是没有被用上的武器也可以通过Ares的[TechnoType] -> NoAmmoWeapon=等功能用起来,ffff00,,,
Weapon8,WeaponTypes,1,多武器逻辑-武器8,启用多少是由[TechnoType] -> WeaponCount=决定的，也就是盖特的[TechnoType] -> WeaponStages=这种只是盖特系统内调取多少，即便是没有被用上的武器也可以通过Ares的[TechnoType] -> NoAmmoWeapon=等功能用起来,ffff00,,,
Weapon9,WeaponTypes,1,多武器逻辑-武器9,启用多少是由[TechnoType] -> WeaponCount=决定的，也就是盖特的[TechnoType] -> WeaponStages=这种只是盖特系统内调取多少，即便是没有被用上的武器也可以通过Ares的[TechnoType] -> NoAmmoWeapon=等功能用起来,ffff00,,,
Weapon10,WeaponTypes,1,多武器逻辑-武器10,启用多少是由[TechnoType] -> WeaponCount=决定的，也就是盖特的[TechnoType] -> WeaponStages=这种只是盖特系统内调取多少，即便是没有被用上的武器也可以通过Ares的[TechnoType] -> NoAmmoWeapon=等功能用起来,ffff00,,,
Weapon11,WeaponTypes,1,多武器逻辑-武器11,启用多少是由[TechnoType] -> WeaponCount=决定的，也就是盖特的[TechnoType] -> WeaponStages=这种只是盖特系统内调取多少，即便是没有被用上的武器也可以通过Ares的[TechnoType] -> NoAmmoWeapon=等功能用起来,ffff00,,,
Weapon12,WeaponTypes,1,多武器逻辑-武器12,启用多少是由[TechnoType] -> WeaponCount=决定的，也就是盖特的[TechnoType] -> WeaponStages=这种只是盖特系统内调取多少，即便是没有被用上的武器也可以通过Ares的[TechnoType] -> NoAmmoWeapon=等功能用起来,ffff00,,,
Weapon13,WeaponTypes,1,多武器逻辑-武器13,启用多少是由[TechnoType] -> WeaponCount=决定的，也就是盖特的[TechnoType] -> WeaponStages=这种只是盖特系统内调取多少，即便是没有被用上的武器也可以通过Ares的[TechnoType] -> NoAmmoWeapon=等功能用起来,ffff00,,,
Weapon14,WeaponTypes,1,多武器逻辑-武器14,启用多少是由[TechnoType] -> WeaponCount=决定的，也就是盖特的[TechnoType] -> WeaponStages=这种只是盖特系统内调取多少，即便是没有被用上的武器也可以通过Ares的[TechnoType] -> NoAmmoWeapon=等功能用起来,ffff00,,,
Weapon15,WeaponTypes,1,多武器逻辑-武器15,启用多少是由[TechnoType] -> WeaponCount=决定的，也就是盖特的[TechnoType] -> WeaponStages=这种只是盖特系统内调取多少，即便是没有被用上的武器也可以通过Ares的[TechnoType] -> NoAmmoWeapon=等功能用起来,ffff00,,,
Weapon16,WeaponTypes,1,多武器逻辑-武器16,启用多少是由[TechnoType] -> WeaponCount=决定的，也就是盖特的[TechnoType] -> WeaponStages=这种只是盖特系统内调取多少，即便是没有被用上的武器也可以通过Ares的[TechnoType] -> NoAmmoWeapon=等功能用起来,ffff00,,,
Weapon17,WeaponTypes,1,多武器逻辑-武器17,启用多少是由[TechnoType] -> WeaponCount=决定的，也就是盖特的[TechnoType] -> WeaponStages=这种只是盖特系统内调取多少，即便是没有被用上的武器也可以通过Ares的[TechnoType] -> NoAmmoWeapon=等功能用起来,ffff00,,,
Weapon18,WeaponTypes,1,多武器逻辑-武器18,启用多少是由[TechnoType] -> WeaponCount=决定的，也就是盖特的[TechnoType] -> WeaponStages=这种只是盖特系统内调取多少，即便是没有被用上的武器也可以通过Ares的[TechnoType] -> NoAmmoWeapon=等功能用起来,ffff00,,,
Weapon19,WeaponTypes,1,多武器逻辑-武器19,启用多少是由[TechnoType] -> WeaponCount=决定的，也就是盖特的[TechnoType] -> WeaponStages=这种只是盖特系统内调取多少，即便是没有被用上的武器也可以通过Ares的[TechnoType] -> NoAmmoWeapon=等功能用起来,ffff00,,,
Weapon20,WeaponTypes,1,多武器逻辑-武器20,启用多少是由[TechnoType] -> WeaponCount=决定的，也就是盖特的[TechnoType] -> WeaponStages=这种只是盖特系统内调取多少，即便是没有被用上的武器也可以通过Ares的[TechnoType] -> NoAmmoWeapon=等功能用起来,ffff00,,,
Weapon21,WeaponTypes,1,多武器逻辑-武器21,启用多少是由[TechnoType] -> WeaponCount=决定的，也就是盖特的[TechnoType] -> WeaponStages=这种只是盖特系统内调取多少，即便是没有被用上的武器也可以通过Ares的[TechnoType] -> NoAmmoWeapon=等功能用起来,ffff00,,,
Weapon22,WeaponTypes,1,多武器逻辑-武器22,启用多少是由[TechnoType] -> WeaponCount=决定的，也就是盖特的[TechnoType] -> WeaponStages=这种只是盖特系统内调取多少，即便是没有被用上的武器也可以通过Ares的[TechnoType] -> NoAmmoWeapon=等功能用起来,ffff00,,,
Weapon23,WeaponTypes,1,多武器逻辑-武器23,启用多少是由[TechnoType] -> WeaponCount=决定的，也就是盖特的[TechnoType] -> WeaponStages=这种只是盖特系统内调取多少，即便是没有被用上的武器也可以通过Ares的[TechnoType] -> NoAmmoWeapon=等功能用起来,ffff00,,,
Weapon24,WeaponTypes,1,多武器逻辑-武器24,启用多少是由[TechnoType] -> WeaponCount=决定的，也就是盖特的[TechnoType] -> WeaponStages=这种只是盖特系统内调取多少，即便是没有被用上的武器也可以通过Ares的[TechnoType] -> NoAmmoWeapon=等功能用起来,ffff00,,,
Weapon25,WeaponTypes,1,多武器逻辑-武器25,启用多少是由[TechnoType] -> WeaponCount=决定的，也就是盖特的[TechnoType] -> WeaponStages=这种只是盖特系统内调取多少，即便是没有被用上的武器也可以通过Ares的[TechnoType] -> NoAmmoWeapon=等功能用起来,ffff00,,,
Weapon26,WeaponTypes,1,多武器逻辑-武器26,启用多少是由[TechnoType] -> WeaponCount=决定的，也就是盖特的[TechnoType] -> WeaponStages=这种只是盖特系统内调取多少，即便是没有被用上的武器也可以通过Ares的[TechnoType] -> NoAmmoWeapon=等功能用起来,ffff00,,,
Weapon27,WeaponTypes,1,多武器逻辑-武器27,启用多少是由[TechnoType] -> WeaponCount=决定的，也就是盖特的[TechnoType] -> WeaponStages=这种只是盖特系统内调取多少，即便是没有被用上的武器也可以通过Ares的[TechnoType] -> NoAmmoWeapon=等功能用起来,ffff00,,,
Weapon28,WeaponTypes,1,多武器逻辑-武器28,启用多少是由[TechnoType] -> WeaponCount=决定的，也就是盖特的[TechnoType] -> WeaponStages=这种只是盖特系统内调取多少，即便是没有被用上的武器也可以通过Ares的[TechnoType] -> NoAmmoWeapon=等功能用起来,ffff00,,,
Weapon29,WeaponTypes,1,多武器逻辑-武器29,启用多少是由[TechnoType] -> WeaponCount=决定的，也就是盖特的[TechnoType] -> WeaponStages=这种只是盖特系统内调取多少，即便是没有被用上的武器也可以通过Ares的[TechnoType] -> NoAmmoWeapon=等功能用起来,ffff00,,,
Weapon30,WeaponTypes,1,多武器逻辑-武器30,启用多少是由[TechnoType] -> WeaponCount=决定的，也就是盖特的[TechnoType] -> WeaponStages=这种只是盖特系统内调取多少，即便是没有被用上的武器也可以通过Ares的[TechnoType] -> NoAmmoWeapon=等功能用起来,ffff00,,,
Weapon31,WeaponTypes,1,多武器逻辑-武器31,启用多少是由[TechnoType] -> WeaponCount=决定的，也就是盖特的[TechnoType] -> WeaponStages=这种只是盖特系统内调取多少，即便是没有被用上的武器也可以通过Ares的[TechnoType] -> NoAmmoWeapon=等功能用起来,ffff00,,,
Weapon32,WeaponTypes,1,多武器逻辑-武器32,启用多少是由[TechnoType] -> WeaponCount=决定的，也就是盖特的[TechnoType] -> WeaponStages=这种只是盖特系统内调取多少，即便是没有被用上的武器也可以通过Ares的[TechnoType] -> NoAmmoWeapon=等功能用起来,ffff00,,,
Weapon33,WeaponTypes,1,多武器逻辑-武器33,启用多少是由[TechnoType] -> WeaponCount=决定的，也就是盖特的[TechnoType] -> WeaponStages=这种只是盖特系统内调取多少，即便是没有被用上的武器也可以通过Ares的[TechnoType] -> NoAmmoWeapon=等功能用起来,ffff00,,,
Weapon34,WeaponTypes,1,多武器逻辑-武器34,启用多少是由[TechnoType] -> WeaponCount=决定的，也就是盖特的[TechnoType] -> WeaponStages=这种只是盖特系统内调取多少，即便是没有被用上的武器也可以通过Ares的[TechnoType] -> NoAmmoWeapon=等功能用起来,ffff00,,,
Weapon35,WeaponTypes,1,多武器逻辑-武器35,启用多少是由[TechnoType] -> WeaponCount=决定的，也就是盖特的[TechnoType] -> WeaponStages=这种只是盖特系统内调取多少，即便是没有被用上的武器也可以通过Ares的[TechnoType] -> NoAmmoWeapon=等功能用起来,ffff00,,,
Weapon36,WeaponTypes,1,多武器逻辑-武器36,启用多少是由[TechnoType] -> WeaponCount=决定的，也就是盖特的[TechnoType] -> WeaponStages=这种只是盖特系统内调取多少，即便是没有被用上的武器也可以通过Ares的[TechnoType] -> NoAmmoWeapon=等功能用起来,ffff00,,,
Weapon37,WeaponTypes,1,多武器逻辑-武器37,启用多少是由[TechnoType] -> WeaponCount=决定的，也就是盖特的[TechnoType] -> WeaponStages=这种只是盖特系统内调取多少，即便是没有被用上的武器也可以通过Ares的[TechnoType] -> NoAmmoWeapon=等功能用起来,ffff00,,,
Weapon38,WeaponTypes,1,多武器逻辑-武器38,启用多少是由[TechnoType] -> WeaponCount=决定的，也就是盖特的[TechnoType] -> WeaponStages=这种只是盖特系统内调取多少，即便是没有被用上的武器也可以通过Ares的[TechnoType] -> NoAmmoWeapon=等功能用起来,ffff00,,,
Weapon39,WeaponTypes,1,多武器逻辑-武器39,启用多少是由[TechnoType] -> WeaponCount=决定的，也就是盖特的[TechnoType] -> WeaponStages=这种只是盖特系统内调取多少，即便是没有被用上的武器也可以通过Ares的[TechnoType] -> NoAmmoWeapon=等功能用起来,ffff00,,,
Weapon40,WeaponTypes,1,多武器逻辑-武器40,启用多少是由[TechnoType] -> WeaponCount=决定的，也就是盖特的[TechnoType] -> WeaponStages=这种只是盖特系统内调取多少，即便是没有被用上的武器也可以通过Ares的[TechnoType] -> NoAmmoWeapon=等功能用起来,ffff00,,,
Weapon41,WeaponTypes,1,多武器逻辑-武器41,启用多少是由[TechnoType] -> WeaponCount=决定的，也就是盖特的[TechnoType] -> WeaponStages=这种只是盖特系统内调取多少，即便是没有被用上的武器也可以通过Ares的[TechnoType] -> NoAmmoWeapon=等功能用起来,ffff00,,,
Weapon42,WeaponTypes,1,多武器逻辑-武器42,启用多少是由[TechnoType] -> WeaponCount=决定的，也就是盖特的[TechnoType] -> WeaponStages=这种只是盖特系统内调取多少，即便是没有被用上的武器也可以通过Ares的[TechnoType] -> NoAmmoWeapon=等功能用起来,ffff00,,,
Weapon43,WeaponTypes,1,多武器逻辑-武器43,启用多少是由[TechnoType] -> WeaponCount=决定的，也就是盖特的[TechnoType] -> WeaponStages=这种只是盖特系统内调取多少，即便是没有被用上的武器也可以通过Ares的[TechnoType] -> NoAmmoWeapon=等功能用起来,ffff00,,,
Weapon44,WeaponTypes,1,多武器逻辑-武器44,启用多少是由[TechnoType] -> WeaponCount=决定的，也就是盖特的[TechnoType] -> WeaponStages=这种只是盖特系统内调取多少，即便是没有被用上的武器也可以通过Ares的[TechnoType] -> NoAmmoWeapon=等功能用起来,ffff00,,,
Weapon45,WeaponTypes,1,多武器逻辑-武器45,启用多少是由[TechnoType] -> WeaponCount=决定的，也就是盖特的[TechnoType] -> WeaponStages=这种只是盖特系统内调取多少，即便是没有被用上的武器也可以通过Ares的[TechnoType] -> NoAmmoWeapon=等功能用起来,ffff00,,,
Weapon46,WeaponTypes,1,多武器逻辑-武器46,启用多少是由[TechnoType] -> WeaponCount=决定的，也就是盖特的[TechnoType] -> WeaponStages=这种只是盖特系统内调取多少，即便是没有被用上的武器也可以通过Ares的[TechnoType] -> NoAmmoWeapon=等功能用起来,ffff00,,,
Weapon47,WeaponTypes,1,多武器逻辑-武器47,启用多少是由[TechnoType] -> WeaponCount=决定的，也就是盖特的[TechnoType] -> WeaponStages=这种只是盖特系统内调取多少，即便是没有被用上的武器也可以通过Ares的[TechnoType] -> NoAmmoWeapon=等功能用起来,ffff00,,,
Weapon48,WeaponTypes,1,多武器逻辑-武器48,启用多少是由[TechnoType] -> WeaponCount=决定的，也就是盖特的[TechnoType] -> WeaponStages=这种只是盖特系统内调取多少，即便是没有被用上的武器也可以通过Ares的[TechnoType] -> NoAmmoWeapon=等功能用起来,ffff00,,,
Weapon49,WeaponTypes,1,多武器逻辑-武器49,启用多少是由[TechnoType] -> WeaponCount=决定的，也就是盖特的[TechnoType] -> WeaponStages=这种只是盖特系统内调取多少，即便是没有被用上的武器也可以通过Ares的[TechnoType] -> NoAmmoWeapon=等功能用起来,ffff00,,,
Weapon50,WeaponTypes,1,多武器逻辑-武器50,启用多少是由[TechnoType] -> WeaponCount=决定的，也就是盖特的[TechnoType] -> WeaponStages=这种只是盖特系统内调取多少，即便是没有被用上的武器也可以通过Ares的[TechnoType] -> NoAmmoWeapon=等功能用起来,ffff00,,,
EliteWeapon1,WeaponTypes,1,多武器逻辑-3级武器1,启用多少是由[TechnoType] -> WeaponCount=决定的，也就是盖特的[TechnoType] -> WeaponStages=这种只是盖特系统内调取多少，即便是没有被用上的武器也可以通过Ares的[TechnoType] -> NoAmmoWeapon=等功能用起来,ffff00,,,
EliteWeapon2,WeaponTypes,1,多武器逻辑-3级武器2,启用多少是由[TechnoType] -> WeaponCount=决定的，也就是盖特的[TechnoType] -> WeaponStages=这种只是盖特系统内调取多少，即便是没有被用上的武器也可以通过Ares的[TechnoType] -> NoAmmoWeapon=等功能用起来,ffff00,,,
EliteWeapon3,WeaponTypes,1,多武器逻辑-3级武器3,启用多少是由[TechnoType] -> WeaponCount=决定的，也就是盖特的[TechnoType] -> WeaponStages=这种只是盖特系统内调取多少，即便是没有被用上的武器也可以通过Ares的[TechnoType] -> NoAmmoWeapon=等功能用起来,ffff00,,,
EliteWeapon4,WeaponTypes,1,多武器逻辑-3级武器4,启用多少是由[TechnoType] -> WeaponCount=决定的，也就是盖特的[TechnoType] -> WeaponStages=这种只是盖特系统内调取多少，即便是没有被用上的武器也可以通过Ares的[TechnoType] -> NoAmmoWeapon=等功能用起来,ffff00,,,
EliteWeapon5,WeaponTypes,1,多武器逻辑-3级武器5,启用多少是由[TechnoType] -> WeaponCount=决定的，也就是盖特的[TechnoType] -> WeaponStages=这种只是盖特系统内调取多少，即便是没有被用上的武器也可以通过Ares的[TechnoType] -> NoAmmoWeapon=等功能用起来,ffff00,,,
EliteWeapon6,WeaponTypes,1,多武器逻辑-3级武器6,启用多少是由[TechnoType] -> WeaponCount=决定的，也就是盖特的[TechnoType] -> WeaponStages=这种只是盖特系统内调取多少，即便是没有被用上的武器也可以通过Ares的[TechnoType] -> NoAmmoWeapon=等功能用起来,ffff00,,,
EliteWeapon7,WeaponTypes,1,多武器逻辑-3级武器7,启用多少是由[TechnoType] -> WeaponCount=决定的，也就是盖特的[TechnoType] -> WeaponStages=这种只是盖特系统内调取多少，即便是没有被用上的武器也可以通过Ares的[TechnoType] -> NoAmmoWeapon=等功能用起来,ffff00,,,
EliteWeapon8,WeaponTypes,1,多武器逻辑-3级武器8,启用多少是由[TechnoType] -> WeaponCount=决定的，也就是盖特的[TechnoType] -> WeaponStages=这种只是盖特系统内调取多少，即便是没有被用上的武器也可以通过Ares的[TechnoType] -> NoAmmoWeapon=等功能用起来,ffff00,,,
EliteWeapon9,WeaponTypes,1,多武器逻辑-3级武器9,启用多少是由[TechnoType] -> WeaponCount=决定的，也就是盖特的[TechnoType] -> WeaponStages=这种只是盖特系统内调取多少，即便是没有被用上的武器也可以通过Ares的[TechnoType] -> NoAmmoWeapon=等功能用起来,ffff00,,,
EliteWeapon10,WeaponTypes,1,多武器逻辑-3级武器10,启用多少是由[TechnoType] -> WeaponCount=决定的，也就是盖特的[TechnoType] -> WeaponStages=这种只是盖特系统内调取多少，即便是没有被用上的武器也可以通过Ares的[TechnoType] -> NoAmmoWeapon=等功能用起来,ffff00,,,
EliteWeapon11,WeaponTypes,1,多武器逻辑-3级武器11,启用多少是由[TechnoType] -> WeaponCount=决定的，也就是盖特的[TechnoType] -> WeaponStages=这种只是盖特系统内调取多少，即便是没有被用上的武器也可以通过Ares的[TechnoType] -> NoAmmoWeapon=等功能用起来,ffff00,,,
EliteWeapon12,WeaponTypes,1,多武器逻辑-3级武器12,启用多少是由[TechnoType] -> WeaponCount=决定的，也就是盖特的[TechnoType] -> WeaponStages=这种只是盖特系统内调取多少，即便是没有被用上的武器也可以通过Ares的[TechnoType] -> NoAmmoWeapon=等功能用起来,ffff00,,,
EliteWeapon13,WeaponTypes,1,多武器逻辑-3级武器13,启用多少是由[TechnoType] -> WeaponCount=决定的，也就是盖特的[TechnoType] -> WeaponStages=这种只是盖特系统内调取多少，即便是没有被用上的武器也可以通过Ares的[TechnoType] -> NoAmmoWeapon=等功能用起来,ffff00,,,
EliteWeapon14,WeaponTypes,1,多武器逻辑-3级武器14,启用多少是由[TechnoType] -> WeaponCount=决定的，也就是盖特的[TechnoType] -> WeaponStages=这种只是盖特系统内调取多少，即便是没有被用上的武器也可以通过Ares的[TechnoType] -> NoAmmoWeapon=等功能用起来,ffff00,,,
EliteWeapon15,WeaponTypes,1,多武器逻辑-3级武器15,启用多少是由[TechnoType] -> WeaponCount=决定的，也就是盖特的[TechnoType] -> WeaponStages=这种只是盖特系统内调取多少，即便是没有被用上的武器也可以通过Ares的[TechnoType] -> NoAmmoWeapon=等功能用起来,ffff00,,,
EliteWeapon16,WeaponTypes,1,多武器逻辑-3级武器16,启用多少是由[TechnoType] -> WeaponCount=决定的，也就是盖特的[TechnoType] -> WeaponStages=这种只是盖特系统内调取多少，即便是没有被用上的武器也可以通过Ares的[TechnoType] -> NoAmmoWeapon=等功能用起来,ffff00,,,
EliteWeapon17,WeaponTypes,1,多武器逻辑-3级武器17,启用多少是由[TechnoType] -> WeaponCount=决定的，也就是盖特的[TechnoType] -> WeaponStages=这种只是盖特系统内调取多少，即便是没有被用上的武器也可以通过Ares的[TechnoType] -> NoAmmoWeapon=等功能用起来,ffff00,,,
EliteWeapon18,WeaponTypes,1,多武器逻辑-3级武器18,启用多少是由[TechnoType] -> WeaponCount=决定的，也就是盖特的[TechnoType] -> WeaponStages=这种只是盖特系统内调取多少，即便是没有被用上的武器也可以通过Ares的[TechnoType] -> NoAmmoWeapon=等功能用起来,ffff00,,,
EliteWeapon19,WeaponTypes,1,多武器逻辑-3级武器19,启用多少是由[TechnoType] -> WeaponCount=决定的，也就是盖特的[TechnoType] -> WeaponStages=这种只是盖特系统内调取多少，即便是没有被用上的武器也可以通过Ares的[TechnoType] -> NoAmmoWeapon=等功能用起来,ffff00,,,
EliteWeapon20,WeaponTypes,1,多武器逻辑-3级武器20,启用多少是由[TechnoType] -> WeaponCount=决定的，也就是盖特的[TechnoType] -> WeaponStages=这种只是盖特系统内调取多少，即便是没有被用上的武器也可以通过Ares的[TechnoType] -> NoAmmoWeapon=等功能用起来,ffff00,,,
EliteWeapon21,WeaponTypes,1,多武器逻辑-3级武器21,启用多少是由[TechnoType] -> WeaponCount=决定的，也就是盖特的[TechnoType] -> WeaponStages=这种只是盖特系统内调取多少，即便是没有被用上的武器也可以通过Ares的[TechnoType] -> NoAmmoWeapon=等功能用起来,ffff00,,,
EliteWeapon22,WeaponTypes,1,多武器逻辑-3级武器22,启用多少是由[TechnoType] -> WeaponCount=决定的，也就是盖特的[TechnoType] -> WeaponStages=这种只是盖特系统内调取多少，即便是没有被用上的武器也可以通过Ares的[TechnoType] -> NoAmmoWeapon=等功能用起来,ffff00,,,
EliteWeapon23,WeaponTypes,1,多武器逻辑-3级武器23,启用多少是由[TechnoType] -> WeaponCount=决定的，也就是盖特的[TechnoType] -> WeaponStages=这种只是盖特系统内调取多少，即便是没有被用上的武器也可以通过Ares的[TechnoType] -> NoAmmoWeapon=等功能用起来,ffff00,,,
EliteWeapon24,WeaponTypes,1,多武器逻辑-3级武器24,启用多少是由[TechnoType] -> WeaponCount=决定的，也就是盖特的[TechnoType] -> WeaponStages=这种只是盖特系统内调取多少，即便是没有被用上的武器也可以通过Ares的[TechnoType] -> NoAmmoWeapon=等功能用起来,ffff00,,,
EliteWeapon25,WeaponTypes,1,多武器逻辑-3级武器25,启用多少是由[TechnoType] -> WeaponCount=决定的，也就是盖特的[TechnoType] -> WeaponStages=这种只是盖特系统内调取多少，即便是没有被用上的武器也可以通过Ares的[TechnoType] -> NoAmmoWeapon=等功能用起来,ffff00,,,
EliteWeapon26,WeaponTypes,1,多武器逻辑-3级武器26,启用多少是由[TechnoType] -> WeaponCount=决定的，也就是盖特的[TechnoType] -> WeaponStages=这种只是盖特系统内调取多少，即便是没有被用上的武器也可以通过Ares的[TechnoType] -> NoAmmoWeapon=等功能用起来,ffff00,,,
EliteWeapon27,WeaponTypes,1,多武器逻辑-3级武器27,启用多少是由[TechnoType] -> WeaponCount=决定的，也就是盖特的[TechnoType] -> WeaponStages=这种只是盖特系统内调取多少，即便是没有被用上的武器也可以通过Ares的[TechnoType] -> NoAmmoWeapon=等功能用起来,ffff00,,,
EliteWeapon28,WeaponTypes,1,多武器逻辑-3级武器28,启用多少是由[TechnoType] -> WeaponCount=决定的，也就是盖特的[TechnoType] -> WeaponStages=这种只是盖特系统内调取多少，即便是没有被用上的武器也可以通过Ares的[TechnoType] -> NoAmmoWeapon=等功能用起来,ffff00,,,
EliteWeapon29,WeaponTypes,1,多武器逻辑-3级武器29,启用多少是由[TechnoType] -> WeaponCount=决定的，也就是盖特的[TechnoType] -> WeaponStages=这种只是盖特系统内调取多少，即便是没有被用上的武器也可以通过Ares的[TechnoType] -> NoAmmoWeapon=等功能用起来,ffff00,,,
EliteWeapon30,WeaponTypes,1,多武器逻辑-3级武器30,启用多少是由[TechnoType] -> WeaponCount=决定的，也就是盖特的[TechnoType] -> WeaponStages=这种只是盖特系统内调取多少，即便是没有被用上的武器也可以通过Ares的[TechnoType] -> NoAmmoWeapon=等功能用起来,ffff00,,,
EliteWeapon31,WeaponTypes,1,多武器逻辑-3级武器31,启用多少是由[TechnoType] -> WeaponCount=决定的，也就是盖特的[TechnoType] -> WeaponStages=这种只是盖特系统内调取多少，即便是没有被用上的武器也可以通过Ares的[TechnoType] -> NoAmmoWeapon=等功能用起来,ffff00,,,
EliteWeapon32,WeaponTypes,1,多武器逻辑-3级武器32,启用多少是由[TechnoType] -> WeaponCount=决定的，也就是盖特的[TechnoType] -> WeaponStages=这种只是盖特系统内调取多少，即便是没有被用上的武器也可以通过Ares的[TechnoType] -> NoAmmoWeapon=等功能用起来,ffff00,,,
EliteWeapon33,WeaponTypes,1,多武器逻辑-3级武器33,启用多少是由[TechnoType] -> WeaponCount=决定的，也就是盖特的[TechnoType] -> WeaponStages=这种只是盖特系统内调取多少，即便是没有被用上的武器也可以通过Ares的[TechnoType] -> NoAmmoWeapon=等功能用起来,ffff00,,,
EliteWeapon34,WeaponTypes,1,多武器逻辑-3级武器34,启用多少是由[TechnoType] -> WeaponCount=决定的，也就是盖特的[TechnoType] -> WeaponStages=这种只是盖特系统内调取多少，即便是没有被用上的武器也可以通过Ares的[TechnoType] -> NoAmmoWeapon=等功能用起来,ffff00,,,
EliteWeapon35,WeaponTypes,1,多武器逻辑-3级武器35,启用多少是由[TechnoType] -> WeaponCount=决定的，也就是盖特的[TechnoType] -> WeaponStages=这种只是盖特系统内调取多少，即便是没有被用上的武器也可以通过Ares的[TechnoType] -> NoAmmoWeapon=等功能用起来,ffff00,,,
EliteWeapon36,WeaponTypes,1,多武器逻辑-3级武器36,启用多少是由[TechnoType] -> WeaponCount=决定的，也就是盖特的[TechnoType] -> WeaponStages=这种只是盖特系统内调取多少，即便是没有被用上的武器也可以通过Ares的[TechnoType] -> NoAmmoWeapon=等功能用起来,ffff00,,,
EliteWeapon37,WeaponTypes,1,多武器逻辑-3级武器37,启用多少是由[TechnoType] -> WeaponCount=决定的，也就是盖特的[TechnoType] -> WeaponStages=这种只是盖特系统内调取多少，即便是没有被用上的武器也可以通过Ares的[TechnoType] -> NoAmmoWeapon=等功能用起来,ffff00,,,
EliteWeapon38,WeaponTypes,1,多武器逻辑-3级武器38,启用多少是由[TechnoType] -> WeaponCount=决定的，也就是盖特的[TechnoType] -> WeaponStages=这种只是盖特系统内调取多少，即便是没有被用上的武器也可以通过Ares的[TechnoType] -> NoAmmoWeapon=等功能用起来,ffff00,,,
EliteWeapon39,WeaponTypes,1,多武器逻辑-3级武器39,启用多少是由[TechnoType] -> WeaponCount=决定的，也就是盖特的[TechnoType] -> WeaponStages=这种只是盖特系统内调取多少，即便是没有被用上的武器也可以通过Ares的[TechnoType] -> NoAmmoWeapon=等功能用起来,ffff00,,,
EliteWeapon40,WeaponTypes,1,多武器逻辑-3级武器40,启用多少是由[TechnoType] -> WeaponCount=决定的，也就是盖特的[TechnoType] -> WeaponStages=这种只是盖特系统内调取多少，即便是没有被用上的武器也可以通过Ares的[TechnoType] -> NoAmmoWeapon=等功能用起来,ffff00,,,
EliteWeapon41,WeaponTypes,1,多武器逻辑-3级武器41,启用多少是由[TechnoType] -> WeaponCount=决定的，也就是盖特的[TechnoType] -> WeaponStages=这种只是盖特系统内调取多少，即便是没有被用上的武器也可以通过Ares的[TechnoType] -> NoAmmoWeapon=等功能用起来,ffff00,,,
EliteWeapon42,WeaponTypes,1,多武器逻辑-3级武器42,启用多少是由[TechnoType] -> WeaponCount=决定的，也就是盖特的[TechnoType] -> WeaponStages=这种只是盖特系统内调取多少，即便是没有被用上的武器也可以通过Ares的[TechnoType] -> NoAmmoWeapon=等功能用起来,ffff00,,,
EliteWeapon43,WeaponTypes,1,多武器逻辑-3级武器43,启用多少是由[TechnoType] -> WeaponCount=决定的，也就是盖特的[TechnoType] -> WeaponStages=这种只是盖特系统内调取多少，即便是没有被用上的武器也可以通过Ares的[TechnoType] -> NoAmmoWeapon=等功能用起来,ffff00,,,
EliteWeapon44,WeaponTypes,1,多武器逻辑-3级武器44,启用多少是由[TechnoType] -> WeaponCount=决定的，也就是盖特的[TechnoType] -> WeaponStages=这种只是盖特系统内调取多少，即便是没有被用上的武器也可以通过Ares的[TechnoType] -> NoAmmoWeapon=等功能用起来,ffff00,,,
EliteWeapon45,WeaponTypes,1,多武器逻辑-3级武器45,启用多少是由[TechnoType] -> WeaponCount=决定的，也就是盖特的[TechnoType] -> WeaponStages=这种只是盖特系统内调取多少，即便是没有被用上的武器也可以通过Ares的[TechnoType] -> NoAmmoWeapon=等功能用起来,ffff00,,,
EliteWeapon46,WeaponTypes,1,多武器逻辑-3级武器46,启用多少是由[TechnoType] -> WeaponCount=决定的，也就是盖特的[TechnoType] -> WeaponStages=这种只是盖特系统内调取多少，即便是没有被用上的武器也可以通过Ares的[TechnoType] -> NoAmmoWeapon=等功能用起来,ffff00,,,
EliteWeapon47,WeaponTypes,1,多武器逻辑-3级武器47,启用多少是由[TechnoType] -> WeaponCount=决定的，也就是盖特的[TechnoType] -> WeaponStages=这种只是盖特系统内调取多少，即便是没有被用上的武器也可以通过Ares的[TechnoType] -> NoAmmoWeapon=等功能用起来,ffff00,,,
EliteWeapon48,WeaponTypes,1,多武器逻辑-3级武器48,启用多少是由[TechnoType] -> WeaponCount=决定的，也就是盖特的[TechnoType] -> WeaponStages=这种只是盖特系统内调取多少，即便是没有被用上的武器也可以通过Ares的[TechnoType] -> NoAmmoWeapon=等功能用起来,ffff00,,,
EliteWeapon49,WeaponTypes,1,多武器逻辑-3级武器49,启用多少是由[TechnoType] -> WeaponCount=决定的，也就是盖特的[TechnoType] -> WeaponStages=这种只是盖特系统内调取多少，即便是没有被用上的武器也可以通过Ares的[TechnoType] -> NoAmmoWeapon=等功能用起来,ffff00,,,
EliteWeapon50,WeaponTypes,1,多武器逻辑-3级武器50,启用多少是由[TechnoType] -> WeaponCount=决定的，也就是盖特的[TechnoType] -> WeaponStages=这种只是盖特系统内调取多少，即便是没有被用上的武器也可以通过Ares的[TechnoType] -> NoAmmoWeapon=等功能用起来,ffff00,,,
RadialFireSegments,String,-1,武器散射角度,用于扇形开火，抛体射出方向水平转动的次数，从0到180度（神盾导弹发射时呈扫射状），配合抛射体中的CourseLockDuration效果更佳，每次转动的角度无法自定义，只会使用180°/RadialFireSegments，可以用弹药逻辑中途切无弹药武器简单模拟，如果写1的话会只能向正右侧开火（炮斗术！）,0,,,
OpenTopped,bool,-1,乘员可以对外射击,填yes或no。内部乘客是否可以向外开火（战斗要塞），如果IFV有OpenTopped=yes，一个载员的武器为常规武器，但IFV武器为超时空武器，那么IFV释放后由于步兵出来仍会攻击目标但由于武器不再是超时空武器非Ares环境下将导致IE,0,,,
NormalTurretIndex,String,-1,IFV模式对应炮塔编号,多功能步兵车IFV专用，炮塔编号及武器编号，两句连用指定几号武器对应几号炮塔，其他XXXTurretIndex和XXXTurretWeapon同理，XXX名字代码为程序内定，原版不可新增，Ares已扩展全套逻辑，详见说明书,0,,,
NormalTurretWeapon,String,-1,IFV模式对应武器编号,多功能步兵车IFV专用，炮塔编号及武器编号，两句连用指定几号武器对应几号炮塔，其他XXXTurretIndex和XXXTurretWeapon同理，XXX名字代码为程序内定，原版不可新增，Ares已扩展全套逻辑，详见说明书,0,,,
RepairTurretIndex,String,-1,IFV模式对应炮塔编号,多功能步兵车IFV专用，炮塔编号及武器编号，两句连用指定几号武器对应几号炮塔，其他XXXTurretIndex和XXXTurretWeapon同理，XXX名字代码为程序内定，原版不可新增，Ares已扩展全套逻辑，详见说明书,0,,,
RepairTurretWeapon,String,-1,IFV模式对应武器编号,多功能步兵车IFV专用，炮塔编号及武器编号，两句连用指定几号武器对应几号炮塔，其他XXXTurretIndex和XXXTurretWeapon同理，XXX名字代码为程序内定，原版不可新增，Ares已扩展全套逻辑，详见说明书,0,,,
MachineGunTurretIndex,String,-1,IFV模式对应炮塔编号,多功能步兵车IFV专用，炮塔编号及武器编号，两句连用指定几号武器对应几号炮塔，其他XXXTurretIndex和XXXTurretWeapon同理，XXX名字代码为程序内定，原版不可新增，Ares已扩展全套逻辑，详见说明书,0,,,
MachineGunTurretWeapon,String,-1,IFV模式对应武器编号,多功能步兵车IFV专用，炮塔编号及武器编号，两句连用指定几号武器对应几号炮塔，其他XXXTurretIndex和XXXTurretWeapon同理，XXX名字代码为程序内定，原版不可新增，Ares已扩展全套逻辑，详见说明书,0,,,
FlakTurretIndex,String,-1,IFV模式对应炮塔编号,多功能步兵车IFV专用，炮塔编号及武器编号，两句连用指定几号武器对应几号炮塔，其他XXXTurretIndex和XXXTurretWeapon同理，XXX名字代码为程序内定，原版不可新增，Ares已扩展全套逻辑，详见说明书,0,,,
FlakTurretWeapon,String,-1,IFV模式对应武器编号,多功能步兵车IFV专用，炮塔编号及武器编号，两句连用指定几号武器对应几号炮塔，其他XXXTurretIndex和XXXTurretWeapon同理，XXX名字代码为程序内定，原版不可新增，Ares已扩展全套逻辑，详见说明书,0,,,
PistolTurretIndex,String,-1,IFV模式对应炮塔编号,多功能步兵车IFV专用，炮塔编号及武器编号，两句连用指定几号武器对应几号炮塔，其他XXXTurretIndex和XXXTurretWeapon同理，XXX名字代码为程序内定，原版不可新增，Ares已扩展全套逻辑，详见说明书,0,,,
PistolTurretWeapon,String,-1,IFV模式对应武器编号,多功能步兵车IFV专用，炮塔编号及武器编号，两句连用指定几号武器对应几号炮塔，其他XXXTurretIndex和XXXTurretWeapon同理，XXX名字代码为程序内定，原版不可新增，Ares已扩展全套逻辑，详见说明书,0,,,
SniperTurretIndex,String,-1,IFV模式对应炮塔编号,多功能步兵车IFV专用，炮塔编号及武器编号，两句连用指定几号武器对应几号炮塔，其他XXXTurretIndex和XXXTurretWeapon同理，XXX名字代码为程序内定，原版不可新增，Ares已扩展全套逻辑，详见说明书,0,,,
SniperTurretWeapon,String,-1,IFV模式对应武器编号,多功能步兵车IFV专用，炮塔编号及武器编号，两句连用指定几号武器对应几号炮塔，其他XXXTurretIndex和XXXTurretWeapon同理，XXX名字代码为程序内定，原版不可新增，Ares已扩展全套逻辑，详见说明书,0,,,
ShockTurretIndex,String,-1,IFV模式对应炮塔编号,多功能步兵车IFV专用，炮塔编号及武器编号，两句连用指定几号武器对应几号炮塔，其他XXXTurretIndex和XXXTurretWeapon同理，XXX名字代码为程序内定，原版不可新增，Ares已扩展全套逻辑，详见说明书,0,,,
ShockTurretWeapon,String,-1,IFV模式对应武器编号,多功能步兵车IFV专用，炮塔编号及武器编号，两句连用指定几号武器对应几号炮塔，其他XXXTurretIndex和XXXTurretWeapon同理，XXX名字代码为程序内定，原版不可新增，Ares已扩展全套逻辑，详见说明书,0,,,
ExplodeTurretIndex,String,-1,IFV模式对应炮塔编号,多功能步兵车IFV专用，炮塔编号及武器编号，两句连用指定几号武器对应几号炮塔，其他XXXTurretIndex和XXXTurretWeapon同理，XXX名字代码为程序内定，原版不可新增，Ares已扩展全套逻辑，详见说明书,0,,,
ExplodeTurretWeapon,String,-1,IFV模式对应武器编号,多功能步兵车IFV专用，炮塔编号及武器编号，两句连用指定几号武器对应几号炮塔，其他XXXTurretIndex和XXXTurretWeapon同理，XXX名字代码为程序内定，原版不可新增，Ares已扩展全套逻辑，详见说明书,0,,,
BrainBlastTurretIndex,String,-1,IFV模式对应炮塔编号,多功能步兵车IFV专用，炮塔编号及武器编号，两句连用指定几号武器对应几号炮塔，其他XXXTurretIndex和XXXTurretWeapon同理，XXX名字代码为程序内定，原版不可新增，Ares已扩展全套逻辑，详见说明书,0,,,
BrainBlastTurretWeapon,String,-1,IFV模式对应武器编号,多功能步兵车IFV专用，炮塔编号及武器编号，两句连用指定几号武器对应几号炮塔，其他XXXTurretIndex和XXXTurretWeapon同理，XXX名字代码为程序内定，原版不可新增，Ares已扩展全套逻辑，详见说明书,0,,,
RadCannonTurretIndex,String,-1,IFV模式对应炮塔编号,多功能步兵车IFV专用，炮塔编号及武器编号，两句连用指定几号武器对应几号炮塔，其他XXXTurretIndex和XXXTurretWeapon同理，XXX名字代码为程序内定，原版不可新增，Ares已扩展全套逻辑，详见说明书,0,,,
RadCannonTurretWeapon,String,-1,IFV模式对应武器编号,多功能步兵车IFV专用，炮塔编号及武器编号，两句连用指定几号武器对应几号炮塔，其他XXXTurretIndex和XXXTurretWeapon同理，XXX名字代码为程序内定，原版不可新增，Ares已扩展全套逻辑，详见说明书,0,,,
ChronoTurretIndex,String,-1,IFV模式对应炮塔编号,多功能步兵车IFV专用，炮塔编号及武器编号，两句连用指定几号武器对应几号炮塔，其他XXXTurretIndex和XXXTurretWeapon同理，XXX名字代码为程序内定，原版不可新增，Ares已扩展全套逻辑，详见说明书,0,,,
ChronoTurretWeapon,String,-1,IFV模式对应武器编号,多功能步兵车IFV专用，炮塔编号及武器编号，两句连用指定几号武器对应几号炮塔，其他XXXTurretIndex和XXXTurretWeapon同理，XXX名字代码为程序内定，原版不可新增，Ares已扩展全套逻辑，详见说明书,0,,,
TerroristExplodeTurretIndex,String,-1,IFV模式对应炮塔编号,多功能步兵车IFV专用，炮塔编号及武器编号，两句连用指定几号武器对应几号炮塔，其他XXXTurretIndex和XXXTurretWeapon同理，XXX名字代码为程序内定，原版不可新增，Ares已扩展全套逻辑，详见说明书,0,,,
TerroristExplodeTurretWeapon,String,-1,IFV模式对应武器编号,多功能步兵车IFV专用，炮塔编号及武器编号，两句连用指定几号武器对应几号炮塔，其他XXXTurretIndex和XXXTurretWeapon同理，XXX名字代码为程序内定，原版不可新增，Ares已扩展全套逻辑，详见说明书,0,,,
CowTurretIndex,String,-1,IFV模式对应炮塔编号,多功能步兵车IFV专用，炮塔编号及武器编号，两句连用指定几号武器对应几号炮塔，其他XXXTurretIndex和XXXTurretWeapon同理，XXX名字代码为程序内定，原版不可新增，Ares已扩展全套逻辑，详见说明书,0,,,
CowTurretWeapon,String,-1,IFV模式对应武器编号,多功能步兵车IFV专用，炮塔编号及武器编号，两句连用指定几号武器对应几号炮塔，其他XXXTurretIndex和XXXTurretWeapon同理，XXX名字代码为程序内定，原版不可新增，Ares已扩展全套逻辑，详见说明书,0,,,
InitiateTurretIndex,String,-1,IFV模式对应炮塔编号,多功能步兵车IFV专用，炮塔编号及武器编号，两句连用指定几号武器对应几号炮塔，其他XXXTurretIndex和XXXTurretWeapon同理，XXX名字代码为程序内定，原版不可新增，Ares已扩展全套逻辑，详见说明书,0,,,
InitiateTurretWeapon,String,-1,IFV模式对应武器编号,多功能步兵车IFV专用，炮塔编号及武器编号，两句连用指定几号武器对应几号炮塔，其他XXXTurretIndex和XXXTurretWeapon同理，XXX名字代码为程序内定，原版不可新增，Ares已扩展全套逻辑，详见说明书,0,,,
VirusTurretIndex,String,-1,IFV模式对应炮塔编号,多功能步兵车IFV专用，炮塔编号及武器编号，两句连用指定几号武器对应几号炮塔，其他XXXTurretIndex和XXXTurretWeapon同理，XXX名字代码为程序内定，原版不可新增，Ares已扩展全套逻辑，详见说明书,0,,,
VirusTurretWeapon,String,-1,IFV模式对应武器编号,多功能步兵车IFV专用，炮塔编号及武器编号，两句连用指定几号武器对应几号炮塔，其他XXXTurretIndex和XXXTurretWeapon同理，XXX名字代码为程序内定，原版不可新增，Ares已扩展全套逻辑，详见说明书,0,,,
YuriPrimeTurretIndex,String,-1,IFV模式对应炮塔编号,多功能步兵车IFV专用，炮塔编号及武器编号，两句连用指定几号武器对应几号炮塔，其他XXXTurretIndex和XXXTurretWeapon同理，XXX名字代码为程序内定，原版不可新增，Ares已扩展全套逻辑，详见说明书,0,,,
YuriPrimeTurretWeapon,String,-1,IFV模式对应武器编号,多功能步兵车IFV专用，炮塔编号及武器编号，两句连用指定几号武器对应几号炮塔，其他XXXTurretIndex和XXXTurretWeapon同理，XXX名字代码为程序内定，原版不可新增，Ares已扩展全套逻辑，详见说明书,0,,,
GuardianTurretIndex,String,-1,IFV模式对应炮塔编号,多功能步兵车IFV专用，炮塔编号及武器编号，两句连用指定几号武器对应几号炮塔，其他XXXTurretIndex和XXXTurretWeapon同理，XXX名字代码为程序内定，原版不可新增，Ares已扩展全套逻辑，详见说明书,0,,,
GuardianTurretWeapon,String,-1,IFV模式对应武器编号,多功能步兵车IFV专用，炮塔编号及武器编号，两句连用指定几号武器对应几号炮塔，其他XXXTurretIndex和XXXTurretWeapon同理，XXX名字代码为程序内定，原版不可新增，Ares已扩展全套逻辑，详见说明书,0,,,
WeaponUIName1,String,-1,武器游戏内名称,武器游戏内名称,0,,,
WeaponUIName2,String,-1,武器游戏内名称,武器游戏内名称,0,,,
WeaponUIName3,String,-1,武器游戏内名称,武器游戏内名称,0,,,
WeaponUIName4,String,-1,武器游戏内名称,武器游戏内名称,0,,,
WeaponUIName5,String,-1,武器游戏内名称,武器游戏内名称,0,,,
WeaponUIName6,String,-1,武器游戏内名称,武器游戏内名称,0,,,
WeaponUIName7,String,-1,武器游戏内名称,武器游戏内名称,0,,,
WeaponUIName8,String,-1,武器游戏内名称,武器游戏内名称,0,,,
WeaponUIName9,String,-1,武器游戏内名称,武器游戏内名称,0,,,
WeaponUIName10,String,-1,武器游戏内名称,武器游戏内名称,0,,,
WeaponUIName11,String,-1,武器游戏内名称,武器游戏内名称,0,,,
WeaponUIName12,String,-1,武器游戏内名称,武器游戏内名称,0,,,
WeaponUIName13,String,-1,武器游戏内名称,武器游戏内名称,0,,,
WeaponUIName14,String,-1,武器游戏内名称,武器游戏内名称,0,,,
WeaponUIName15,String,-1,武器游戏内名称,武器游戏内名称,0,,,
WeaponUIName16,String,-1,武器游戏内名称,武器游戏内名称,0,,,
WeaponUIName17,String,-1,武器游戏内名称,武器游戏内名称,0,,,
WeaponUIName18,String,-1,武器游戏内名称,武器游戏内名称,0,,,
WeaponUIName19,String,-1,武器游戏内名称,武器游戏内名称,0,,,
WeaponUIName20,String,-1,武器游戏内名称,武器游戏内名称,0,,,
WeaponUIName21,String,-1,武器游戏内名称,武器游戏内名称,0,,,
WeaponUIName22,String,-1,武器游戏内名称,武器游戏内名称,0,,,
WeaponUIName23,String,-1,武器游戏内名称,武器游戏内名称,0,,,
WeaponUIName24,String,-1,武器游戏内名称,武器游戏内名称,0,,,
WeaponUIName25,String,-1,武器游戏内名称,武器游戏内名称,0,,,
WeaponUIName26,String,-1,武器游戏内名称,武器游戏内名称,0,,,
WeaponUIName27,String,-1,武器游戏内名称,武器游戏内名称,0,,,
WeaponUIName28,String,-1,武器游戏内名称,武器游戏内名称,0,,,
WeaponUIName29,String,-1,武器游戏内名称,武器游戏内名称,0,,,
WeaponUIName30,String,-1,武器游戏内名称,武器游戏内名称,0,,,
WeaponUIName31,String,-1,武器游戏内名称,武器游戏内名称,0,,,
WeaponUIName32,String,-1,武器游戏内名称,武器游戏内名称,0,,,
WeaponUIName33,String,-1,武器游戏内名称,武器游戏内名称,0,,,
WeaponUIName34,String,-1,武器游戏内名称,武器游戏内名称,0,,,
WeaponUIName35,String,-1,武器游戏内名称,武器游戏内名称,0,,,
WeaponUIName36,String,-1,武器游戏内名称,武器游戏内名称,0,,,
WeaponUIName37,String,-1,武器游戏内名称,武器游戏内名称,0,,,
WeaponUIName38,String,-1,武器游戏内名称,武器游戏内名称,0,,,
WeaponUIName39,String,-1,武器游戏内名称,武器游戏内名称,0,,,
WeaponUIName40,String,-1,武器游戏内名称,武器游戏内名称,0,,,
WeaponUIName41,String,-1,武器游戏内名称,武器游戏内名称,0,,,
WeaponUIName42,String,-1,武器游戏内名称,武器游戏内名称,0,,,
WeaponUIName43,String,-1,武器游戏内名称,武器游戏内名称,0,,,
WeaponUIName44,String,-1,武器游戏内名称,武器游戏内名称,0,,,
WeaponUIName45,String,-1,武器游戏内名称,武器游戏内名称,0,,,
WeaponUIName46,String,-1,武器游戏内名称,武器游戏内名称,0,,,
WeaponUIName47,String,-1,武器游戏内名称,武器游戏内名称,0,,,
WeaponUIName48,String,-1,武器游戏内名称,武器游戏内名称,0,,,
WeaponUIName49,String,-1,武器游戏内名称,武器游戏内名称,0,,,
WeaponUIName50,String,-1,武器游戏内名称,武器游戏内名称,0,,,
WeaponTurretIndex1,String,-1,对应炮塔编号,对应炮塔编号,0,,,
WeaponTurretIndex2,String,-1,对应炮塔编号,对应炮塔编号,0,,,
WeaponTurretIndex3,String,-1,对应炮塔编号,对应炮塔编号,0,,,
WeaponTurretIndex4,String,-1,对应炮塔编号,对应炮塔编号,0,,,
WeaponTurretIndex5,String,-1,对应炮塔编号,对应炮塔编号,0,,,
WeaponTurretIndex6,String,-1,对应炮塔编号,对应炮塔编号,0,,,
WeaponTurretIndex7,String,-1,对应炮塔编号,对应炮塔编号,0,,,
WeaponTurretIndex8,String,-1,对应炮塔编号,对应炮塔编号,0,,,
WeaponTurretIndex9,String,-1,对应炮塔编号,对应炮塔编号,0,,,
WeaponTurretIndex10,String,-1,对应炮塔编号,对应炮塔编号,0,,,
WeaponTurretIndex11,String,-1,对应炮塔编号,对应炮塔编号,0,,,
WeaponTurretIndex12,String,-1,对应炮塔编号,对应炮塔编号,0,,,
WeaponTurretIndex13,String,-1,对应炮塔编号,对应炮塔编号,0,,,
WeaponTurretIndex14,String,-1,对应炮塔编号,对应炮塔编号,0,,,
WeaponTurretIndex15,String,-1,对应炮塔编号,对应炮塔编号,0,,,
WeaponTurretIndex16,String,-1,对应炮塔编号,对应炮塔编号,0,,,
WeaponTurretIndex17,String,-1,对应炮塔编号,对应炮塔编号,0,,,
WeaponTurretIndex18,String,-1,对应炮塔编号,对应炮塔编号,0,,,
WeaponTurretIndex19,String,-1,对应炮塔编号,对应炮塔编号,0,,,
WeaponTurretIndex20,String,-1,对应炮塔编号,对应炮塔编号,0,,,
WeaponTurretIndex21,String,-1,对应炮塔编号,对应炮塔编号,0,,,
WeaponTurretIndex22,String,-1,对应炮塔编号,对应炮塔编号,0,,,
WeaponTurretIndex23,String,-1,对应炮塔编号,对应炮塔编号,0,,,
WeaponTurretIndex24,String,-1,对应炮塔编号,对应炮塔编号,0,,,
WeaponTurretIndex25,String,-1,对应炮塔编号,对应炮塔编号,0,,,
WeaponTurretIndex26,String,-1,对应炮塔编号,对应炮塔编号,0,,,
WeaponTurretIndex27,String,-1,对应炮塔编号,对应炮塔编号,0,,,
WeaponTurretIndex28,String,-1,对应炮塔编号,对应炮塔编号,0,,,
WeaponTurretIndex29,String,-1,对应炮塔编号,对应炮塔编号,0,,,
WeaponTurretIndex30,String,-1,对应炮塔编号,对应炮塔编号,0,,,
WeaponTurretIndex31,String,-1,对应炮塔编号,对应炮塔编号,0,,,
WeaponTurretIndex32,String,-1,对应炮塔编号,对应炮塔编号,0,,,
WeaponTurretIndex33,String,-1,对应炮塔编号,对应炮塔编号,0,,,
WeaponTurretIndex34,String,-1,对应炮塔编号,对应炮塔编号,0,,,
WeaponTurretIndex35,String,-1,对应炮塔编号,对应炮塔编号,0,,,
WeaponTurretIndex36,String,-1,对应炮塔编号,对应炮塔编号,0,,,
WeaponTurretIndex37,String,-1,对应炮塔编号,对应炮塔编号,0,,,
WeaponTurretIndex38,String,-1,对应炮塔编号,对应炮塔编号,0,,,
WeaponTurretIndex39,String,-1,对应炮塔编号,对应炮塔编号,0,,,
WeaponTurretIndex40,String,-1,对应炮塔编号,对应炮塔编号,0,,,
WeaponTurretIndex41,String,-1,对应炮塔编号,对应炮塔编号,0,,,
WeaponTurretIndex42,String,-1,对应炮塔编号,对应炮塔编号,0,,,
WeaponTurretIndex43,String,-1,对应炮塔编号,对应炮塔编号,0,,,
WeaponTurretIndex44,String,-1,对应炮塔编号,对应炮塔编号,0,,,
WeaponTurretIndex45,String,-1,对应炮塔编号,对应炮塔编号,0,,,
WeaponTurretIndex46,String,-1,对应炮塔编号,对应炮塔编号,0,,,
WeaponTurretIndex47,String,-1,对应炮塔编号,对应炮塔编号,0,,,
WeaponTurretIndex48,String,-1,对应炮塔编号,对应炮塔编号,0,,,
WeaponTurretIndex49,String,-1,对应炮塔编号,对应炮塔编号,0,,,
WeaponTurretIndex50,String,-1,对应炮塔编号,对应炮塔编号,0,,,
CanApproachTarget,bool,-1,是否贴近目标开火,填yes或no。该单位是否停留在某地时追向接近的敌方单位进行攻击，幻影坦克原版为no，以防止它们在警戒模式下朝目标移动，否则会因为伪装消失而被攻击，在可对空单位上设置CanApproachTarget=no是一种防止它们追逐空中单位的方法，如果no掉那么它们只会在被空军攻击时才会追着打,0,,,
WeaponStages,String,-1,盖特特效的阶数,盖特武器有几阶，Stage1、Stage2等则分别代表盖特计数器多少以内为此阶，为了使用[TechnoType] -> WeaponX=系统还需要[TechnoType] -> TurretCount=1或更高，否则0070DF8A，如果不满足WeaponCount>=WeaponStages*2那么依然可以得到一个精致的0070DF8A，需要注意的是盖特系统计时并不看武器是否真开火，而是看单位状态，例如单位转身时或由于 WeaponXTurretLocked=yes 这种由于 X 号武器无法朝向目标而不会实际射击的情况也会正常计时，不再受制于方向后仍会按当前阶数进行开火，如果载具 IsSimpleDeployer=yes 则部署时始终使用 Weapon2 但是 Report 却会去单独升档读 Weapon246，无法通过 LandTargeting=2 使得单位对地使用偶数系列，PhobosBuild34已修复，不要超过6个，否则会发生一些不好的事,0,,,
Stage1,String,-1,1阶的时间,盖特武器[X]阶保持到计数器达到多少后转到下一阶，这里的[X]有效范围受制于WeaponStages的值，最后一阶由于不存在下一阶所以会保留当前阶段，想要跳到第一阶往往使用一个FireOnce的武器搭配RateDown=0来实现，但是会丢失原目标需要重新索敌，Ares引擎允许语句控制最后一阶跳转第一阶，详见Ares说明书,0,,,
Stage2,String,-1,2阶的时间,盖特武器[X]阶保持到计数器达到多少后转到下一阶，这里的[X]有效范围受制于WeaponStages的值，最后一阶由于不存在下一阶所以会保留当前阶段，想要跳到第一阶往往使用一个FireOnce的武器搭配RateDown=0来实现，但是会丢失原目标需要重新索敌，Ares引擎允许语句控制最后一阶跳转第一阶，详见Ares说明书,0,,,
Stage3,String,-1,3阶的时间,盖特武器[X]阶保持到计数器达到多少后转到下一阶，这里的[X]有效范围受制于WeaponStages的值，最后一阶由于不存在下一阶所以会保留当前阶段，想要跳到第一阶往往使用一个FireOnce的武器搭配RateDown=0来实现，但是会丢失原目标需要重新索敌，Ares引擎允许语句控制最后一阶跳转第一阶，详见Ares说明书,0,,,
EliteStage1,String,-1,3级1阶的时间,盖特武器[X]阶保持到计数器达到多少后转到下一阶，这里的[X]有效范围受制于WeaponStages的值，最后一阶由于不存在下一阶所以会保留当前阶段，想要跳到第一阶往往使用一个FireOnce的武器搭配RateDown=0来实现，但是会丢失原目标需要重新索敌，Ares引擎允许语句控制最后一阶跳转第一阶，详见Ares说明书,0,,,
EliteStage2,String,-1,3级2阶的时间,盖特武器[X]阶保持到计数器达到多少后转到下一阶，这里的[X]有效范围受制于WeaponStages的值，最后一阶由于不存在下一阶所以会保留当前阶段，想要跳到第一阶往往使用一个FireOnce的武器搭配RateDown=0来实现，但是会丢失原目标需要重新索敌，Ares引擎允许语句控制最后一阶跳转第一阶，详见Ares说明书,0,,,
EliteStage3,String,-1,3级3阶的时间,盖特武器[X]阶保持到计数器达到多少后转到下一阶，这里的[X]有效范围受制于WeaponStages的值，最后一阶由于不存在下一阶所以会保留当前阶段，想要跳到第一阶往往使用一个FireOnce的武器搭配RateDown=0来实现，但是会丢失原目标需要重新索敌，Ares引擎允许语句控制最后一阶跳转第一阶，详见Ares说明书,0,,,
RateUp,String,-1,每帧时间,攻击状态时盖特计数器每帧增加多少,0,,,
RateDown,String,-1,降阶时间,非攻击状态时盖特计数器每帧减少多少，如果填负数则在无目标时仍旧累加计数器，如果填0实际上并不能保持档位而是瞬间清零,0,,,
EmptyReload,String,-1,空载上弹速度,填时间。这个代码指定单位弹药完全用完后重装弹药的所耗时，覆盖Reload，原版下每次只能装1枚弹药，Ares允许定义,0,,,
Reload,String,-1,上弹速度,填数值。这个代码指定该单位装填弹药的所需帧数。如果为0那么会立即装回，当弹药空仓时转为使用EmptyReload的值，原版下每次只能装1枚弹药，Ares允许定义，载员无法在载具内装弹，Phobos已修复,0,,,
VHPScan,String,-1,针对运动方式,用于爱国者，视目标可能受的伤害决定目标选择，None为，不开启逻辑，即无效果，Normal为，优先VHP<Strength/2的目标，尤其VHP<0者，即攻击预测将要死亡的目标以尽量摧毁更多的目标，Strong为，忽略VHP<0者，也就是尽可能的让杀伤有效，均摊伤害，VHPScan是给每个单位一个“预计血量”（VHP），我们设实际血量为RHP，每当有一个武器射向目标时，无论引爆与否VHP先预计一下被炸后的血量，同时保证VHP>=RHP-30，然后每4帧增加1次直到VHP==RHP，如果目标单位得到修复则把VHP立即写为RHP,0,,,
Image,ImageTypes,1,游戏中外观,填Art.ini的图像定义名。这个代码指定该单位的图像，不设定时即和Art.ini中的名称相同。注意：Art.ini中的单位名称应该和单位对应的素材（SHP、VXL/HVA）名称相同，否则会无法显示单位的图像只会显示图标，重要问题：原版很多数据直接读取同名ART段落而非Image指定的ART段落，例如[A]Image=B则Foundation会先找ART中[A]的Foundation而不是[B]的,33ccff,,,
IsTilter,bool,-1,斜坡上倾斜,该载具在斜坡上是否会倾斜，然而这个标签是废的。实际只要Locomotor=Drive（包括没钻地时的Tunnel）都会倾斜，于是原版超时空矿车静止时总是不倾斜，Phobos已修复,0,,,
Turret,bool,-1,有无炮塔,单位有无炮塔，Turret=yes的Jumpjet运动模式且使用Shp素材的载具只有处于滞空状态时炮塔才显示阴影，且绘制在单位上而非正下方的地面，Turret=yes的幻影坦克伪装炮塔有问题且伪装图像色盘会强制改变为一坨奇怪的东西，对于一个Image=none或者图像不存在的单位虽然程序原本会将它绘制为一个空的shp但如果添加了Turret那么程序仍然会尝试去调用一个不存在的vxl进而导致崩溃，以上三条Ares已修复，Turret=yes的Jumpjet运动模式载具闲置时炮塔总是朝向正东方向，Phobos已修复，与驻军逻辑配合的并不好，拥有Turret的建筑会保留撤出时的UnloadMission导致下次再塞进去步兵会被立即Unload踢出来，除此以外拥有Turret的驻军建筑踹出驻军单位以后图像无法正常刷新，需要移动一下屏幕，就像TerrainType被碾压那样，注意：对于使用Voxel炮塔的建筑，无论使用默认命名规则调用还是使用[BuildingType] -> TurretAnim=指定，都会无视[TechnoType] -> Turret=的值绘制，该句在使用Voxel炮塔的建筑上的效果实际上是确保建筑仅在炮塔方向对正后才能开火,0,,,
DamageSmokeOffset,String,-1,冒烟位置,填X，Y，Z的数值。这个代码指定所有单位、建筑单位临近毁坏时冒烟的位置。默认为0，0，0，在血量达到固定值50%与[AudioVisual] -> ConditionRed=时创建，使用smoke类粒子系统,0,,,
Explosion,Animations,-1,爆炸动画,爆炸时播放的动画会从该序列中随机选取，建筑则是每个格子都会单独随机一个来播放，对于[TechnoType] -> BalloonHover=no的Jumpjet载具会死亡时播放一次落地时再播放一次，对于[TechnoType] -> BalloonHover=yes的Jumpjet载具则是将落地那次替换为引爆[TechnoType] -> DeathWeapon=的武器，在原版中由于地图上仍然存在的实体在死亡过程中还能因为其他所属方败北之类的方式死亡，这种情况还可能在中途额外多播放一次，当用于[TechnoType] -> Explodes=yes的载具且被摧毁时弹药未打空则强制使用列表中最后一条，这也包括不使用弹药逻辑（[TechnoType] -> Ammo=-1，无限弹药）的情况，一种特殊情况下因为特殊设定启用了DeathWeapon而导致了Explosion被隐藏，这种情况下只是不绘制而TrailerAnim还是SpawnsParticle均正常执行，虽然一般也不会有人遇到这种情况,0,,,
DebrisTypes,String,-1,死亡碎片类型,填动画名。这个代码指定该单位被摧毁时弹出的vxl碎片列表，碎片用逗号隔开，这个碎片一定要是在[VoxelAnims]里定义了的。那些坦克爆炸后弹出炮管和脑袋飞天的效果就靠的这个，还需要在全局，[General] -> ExplosiveVoxelDebris=<List of VoxelAnims>，[General] -> TireVoxelDebris=<VoxelAnimType>，[General] -> ScrapVoxelDebris=<VoxelAnimType>，后面写上来声明这是vxl残损爆出的碎片,0,,,
DebrisMaximums,String,-1,死亡碎片数量,填数值。这个代码指定该单位被摧毁时弹出的vxl碎片的最大数量，和上条对应，分别用逗号隔开，超出上条数量的元素会被忽略，在RA2/YR中该逻辑已被破坏，实际上并不能准确限制数量。Phobos在列表元素大于1的情况下可以正常予以限制,0,,,
MaxDebris,String,-1,摧毁碎片最大数量,对象被毁爆出碎片的最大量,0,,,
WalkRate,String,-1,移动帧数,填数值。单位行走动画播放速率，素材中每帧实际播放多少帧。可用于shp载具和vxl载具，默认1，只要移动就每经过一游戏帧切换一次序列帧，不可为0，若要禁止播放需要写一个极大值。对于直升机起降相关的见Ares说明书中[TechnoType] -> AirRate=一条,0,,,
IdleRate,String,-1,空闲帧数,填数值。单位空闲动画播放速率，素材中每帧实际播放多少帧。可用于shp载具vxl载具，默认0，静止时不播放。对于直升机起降相关的见Ares说明书中[TechnoType] -> AirRate=一条,0,,,
NoShadow,bool,-1,是否有阴影,填yes或no。这个代码指定该单位是否没有阴影。当为yes时，单位没有阴影,0,,,
NoSpawnAlt,bool,-1,显示未装弹图像,该Voxel载具在发射任意子机后是否转为使用空仓图像，例如原版V3导弹车、无畏级战舰和驱逐舰、海岸巡防艇在发射子机后会转为无导弹／反潜机的图像，空仓图像实际上是使用另一个Voxel文件来显示，例如：V3导弹车常态使用V3.VXL和V3.HVA，导弹射出后使用V3WO.VXL和V3WO.HVA，如果没有-WO的Voxel文件那么空仓时图像会消失，NoSpawnAlt与炮塔vxl使用同一存储空间，因此不能同时使用，Ares3.0版本已解决，无子机单位使用此代码会让玩家在看过来时得到一个精致的006B7D51，Ares3.0更改了逻辑运作方式不再崩溃但由于无子机又没-WO会导致图像消失，如果有-WO那么继续崩溃——然而本来就不该给无子机的单位用这个，原先这样的单位在空仓时会继续使用满仓时的影子，PhobosBuild39开始可以正确更新,0,,,
MinDebris,String,-1,摧毁碎片最小数量,对象被毁爆出碎片的最小量,0,,,
DebrisAnim,Animations,-1,碎片动画,碎片动画,0,,,
DamageParticleSystems,String,-1,受伤粒子效果,填粒子系统名称。这个代码指定所有单位黄血时产生的粒子系统，只能使用Smoke和Spark类的粒子系统，只有单位高于地平面才会有粒子系统，只在原本无同类粒子时生成粒子系统，Smoke:，必然创建，真治疗(即不包括正伤害负比率弹头)、维修和回血在回到绿血后移除粒子系统，Spark:，根据[General] -> ConditionYellowSparkingProbability=的值，以及[General] -> ConditionRedSparkingProbability=的值，决定创建几率，步兵需要拥有Cyborg=yes才能用Spark类粒子，Ares已允许使用新的语句分离控制，详见说明书，达到[ParticleSystemType] -> Lifetime=后删除，另有规则：当对象血量低于50%或[AudioVisual] -> ConditionRed=的比率时将创建Smoke粒子系统，与Spark不同，Smoke被硬编码为该阈值而不读取[AudioVisual] -> ConditionYellow=的设定,0,,,
HalfDamageSmokeLocation1,String,-1,冒烟位置,填X，Y，Z的数值。这个代码指定建筑冒黄烟的开始位置,0,,,
RefinerySmokeFrames,String,-1,卸货后冒烟,填正整数类型值，这个代码指定矿石精炼厂在接受采矿车的矿石后冒烟的时间，单位为帧,0,,,
RefinerySmokeParticleSystem,String,-1,冒烟粒子效果,填粒子系统名称，这个代码指定矿石精炼厂在接受采矿车的矿石后冒烟的类型，只能填一个,0,,,
UnloadingClass,String,-1,卸矿外形,Unloading状态引用的图像，是指矿车倒矿、武装直升机部署时所处于的状态，如果原单位Turret=yes那么UnloadingClass会尝试使用自己的炮塔或者一个不存在的空炮塔图像，如果原单位Turret=no那么UnloadingClass会正常使用自己的炮塔，哪怕单位实际上直接使用Body转向目标而Turret单纯同步Body的方向,0,,,
ZFudgeTunnel,String,-1,在隧道后面时的Z轴偏移,指定载具位于隧道口时的ZAdjust，正值向后负值向前，不影响伪装逻辑的图像,0,,,
ZFudgeBridge,String,-1,在桥后面时的Z轴偏移,指定载具位于高架桥梁桥体下的ZAdjust，正值向后负值向前，不影响伪装逻辑的图像,0,,,
ZFudgeCliff,String,-1,在悬崖后面的Z轴偏移,指定载具位于悬崖后面的ZAdjust，正值向后负值向前，不影响伪装逻辑的图像,0,,,
ZFudgeColumn,String,-1,在高柱后面的Z轴偏移,指定载具位于高架桥头后面的ZAdjust，正值向后负值向前，不影响伪装逻辑的图像,0,,,
AlternateArcticArt,bool,-1,雪地形态,填yes或no。这个代码指定步兵单位是否在雪地地图和陆地地图有两种不同的形态，如盟军的海豹部队。注意：如果填yes，该步兵单位就必须准备一个雪地型的步兵文件（SHP文件），并且命名规则为：该单位的温和地图形态+A.SHP，如海豹部队的温和地图形态文件名为SEAL.SHP，那么雪地地图形态文件名则为SEALA.SHP。Ares已扩展该逻辑到所有气候，但需要使用新的语句，详见Ares说明书,0,,,
Bib,bool,-1,是否有贴地平台,填yes或no。让建筑最东（右下）侧一列单元格可以通行[载具]（矿场、车场），由于国际社区认为PVP中载具堵重工门禁止出车是一种作弊，因此Ares硬编码仅允许[友军]载具可通行,0,,,
LeaveRubble,bool,-1,破坏后留下残渣,填写yes或no。表示建筑死亡后会不会留下残骸废墟地表（油井，医院等），实际使用RUBBLE_OVERLAY这个覆盖物在原Foundation占用的格子上占地，需要建筑素材自身的特定帧作为图像，可自行提取原版平民建筑了解,0,,,
DebrisAnims,String,-1,破碎动画,填动画名。这个代码指定该单位被摧毁时弹出的shp碎片列表，碎片用逗号隔开，默认[General] -> MetallicDebris=的列表，需要配合MaxDebris=和MinDebris=两条语句，温馨提示：WestWood在原版rules(md).ini中的Max/MinDebris有许多处使用了小写debris导致语句无效,0,,,
PixelSelectionBracketDelta,String,-1,血条位置下移距离,血条的高度，负值向上，仅用于非建筑类，建筑根据art中的Height计算，医院自愈与科技商店维修给予的标志并不遵循这个的设定，Phobos已修复,0,,,
NaturalSmokeLocation,String,-1,冒烟位置,冒烟位置,0,,,
RefinerySmokeOffsetOne,String,-1,矿厂冒烟位置1,填X，Y，Z的值。这个代码指定矿石精炼厂在接受采矿车的矿石后冒烟的位置，这是第一个位置,0,,,
RefinerySmokeOffsetTwo,String,-1,矿厂冒烟位置2,填X，Y，Z的值。这个代码指定矿石精炼厂在接受采矿车的矿石后冒烟的位置，这是第四个位置,0,,,
RefinerySmokeOffsetThree,String,-1,矿厂冒烟位置3,填X，Y，Z的值。这个代码指定矿石精炼厂在接受采矿车的矿石后冒烟的位置，这是第三个位置,0,,,
RefinerySmokeOffsetFour,String,-1,矿厂冒烟位置4,填X，Y，Z的值。这个代码指定矿石精炼厂在接受采矿车的矿石后冒烟的位置，这是第四个位置,0,,,
IsChargeTurret,bool,-1,是否为前摇炮塔,该单位是否使用充能炮塔逻辑，就像原版光棱坦克这种使用Voxel炮塔的单位，攻击一次后将TurretCount所指定量的炮塔逐个播放，来表现一种下次开火前逐步充能的效果，同时这个逻辑虽然启用WeaponX系统但实际上只会使用Weapon1和EliteWeapon1，曾经也常被用于证明单武器效果，不过从PhobosBuild48开始允许使用新的多武器逻辑来在这句启用的情况下使用其他武器，详见说明书，这个逻辑下最好武器ROF>=TurretCount因为逆序播放几号炮塔是根据ROF/BurstDelayX余量结合TurretCount计算的，以原版SREF举例，炮塔素材有sreftur+sreftur[1|2|3]共4个对应TurretCount=4参数设定，如果ROF=4，那么常态使用tur，开火后变为tur3，下帧变为tur2，再下帧变为tur1，然后满，如果ROF=3，那么常态使用tur，开火后因为ROF从一开始只剩3，于是直接跳过tur3使用tur2，Phobos已允许独立每个武器和Burst独立于ROF/BurstDelayX设定控制炮塔充能动画切换的这一参数，详见说明书,0,,,
TurretSpins,bool,-1,炮塔是否一直旋转,该载具的炮塔是否永久旋转，例如飞碟，很神奇的是这个逻辑最早是TS遗留下来并且一直有效的，该单位在炮塔允许时（指向正确的方向或拥有OmniFire=yes）才能攻击其他单位，否则会卡住，并且卡住后炮塔也会停止旋转（于是也无法继续旋转到达到允许开火的朝向）,0,,,
TiltCrashJumpjet,bool,-1,坠落时是否倾斜,决定Jumpjet运动模式单位的坠毁方式，填写yes坠毁时会倾斜（飞碟）否则平稳坠毁（基洛夫）,0,,,
AlphaImage,String,-1,光照图像,该物品使用哪个Alpha光，Alpha类似Ares的AE，不过AlphaImage是改变亮度，AlphaImage正常只有1帧，Ares下也可以使用多帧对应多个面，但必须是8的倍数，并且可以跟随对象移动，不过实现相当暴力，每2帧擦除并重新生成一次，性能炸弹，AlphaImage并不是动画，对应的无需也无法在[Animations]中有效注册，直接写不带后缀的文件名就可以了，注意透明色为127号而非Animation用的的0号，向前变暗向后变亮，AlphaImage的shp需要和鼠标动画一样使用ShpBuilder的Compression 1 Only模式（汉化版应该直接写为了“用于鼠标动画”）保存，保存常规单位的shp时要记得换回去否则Bug，AlphaImage的亮色部分会影响线条绘制，这里的线条包括建筑选择框、原版IFV导弹的LineTrail尾迹线、EBolt的每一条线等，PhobosBuild47已进行性能优化，对于不需要移动的对象不再周期性重绘,0,,,
ChargedAnimTime,String,-1,启动前动画时间,填数字。这个代码指定建筑在[BuildingType] -> SuperWeapon=所填写的超级武器启动前多长时间播放启动动画，单位为分钟，动画由Art.ini中的[BuildingTypeArt] -> SuperAnimThree=来控制。该值应该小于相应超级武器的[SuperWeaponType] -> RechargeTime=值不然直接进待发射阶段,0,,,
LightVisibility,String,-1,光照范围,建筑对地面染色（效果类似辐射）的范围，单位为Leptons，256为一格，这个效果在读档后将无法由于建筑被摧毁消除，Phobos已修复,0,,,
LightIntensity,String,-1,光照强度,建筑对地面染色的强度,0,,,
LightRedTint,String,-1,红光亮度,建筑对地面染色的红色量,0,,,
LightGreenTint,String,-1,绿光亮度,建筑对地面染色的绿色量,0,,,
LightBlueTint,String,-1,蓝光亮度,建筑对地面染色的蓝色量,0,,,
InvisibleInGame,bool,-1,游戏中不可见,填yes或no。这个代码指定建筑是否不能被游戏者发现和选中、攻击等，只能看见它的动画等特效。一般用于灯光建筑，可以攻击，但免疫物理伤害，不过例如海豚波的穿透伤害和粒子伤害等可以正常生效，不应该用于玩家可拥有的建筑，否则会导致重连错误（RE）,0,,,
TurretAnim,String,-1,建筑炮塔图像,炮塔图像，当TurretAnimIsVoxel=yes时可以使用Voxel类型的素材,0,,,
TurretAnimIsVoxel,String,-1,建筑炮塔是否为VXL,炮塔图像是否为Voxel类型的素材,0,,,
TurretAnimY,String,-1,建筑炮塔Y偏移量,炮塔中心点Y坐标，纵向，正值向下,0,,,
TurretAnimX,String,-1,建筑炮塔X偏移量,炮塔中心点X坐标，横向，正值向右,0,,,
TurretAnimZAdjust,String,-1,建筑炮塔Z偏移量,炮塔中心点Z坐标，控制遮挡层级,0,,,
TurretRecoil,bool,-1,是否有建筑炮塔后坐效果,开炮时炮塔与炮管是否后退，原版巨炮就是炮管制退的典例,0,,,
BarrelRecoverFrames,String,-1,建筑炮管后坐恢复时间,该建筑炮管恢复所需的帧数，默认 1,0,,,
BarrelCompressFrames,String,-1,建筑炮管后坐所用时间,该建筑炮塔恢复所需要的帧数，默认 1,0,,,
TurretTravel,String,-1,炮塔后坐距离,该建筑炮塔可偏移的像素值，默认 2,0,,,
BarrelTravel,String,-1,炮管后坐距离,该建筑炮管可偏移的像素值，默认 2,0,,,
BarrelHoldFrames,String,-1,建筑炮管保持制退时间,该建筑炮管保持在受后坐力位置显示的帧数，默认 1,0,,,
DestroyAnim,String,-1,摧毁动画,填动画名。这个代码指定建筑被摧毁时播放的动画列表，但是所属色映射错误，且可能导致RE，Ares已修复，如果动画数量为8个且可以追溯到击杀者那么会根据击杀者与建筑的相对位置进行选择，否则随机选择,0,,,
WaterImage,VehicleTypes,1,入水图像所属单位,入水图像所属单位,00ff00,,,
Smoke.Anim,String,-1,飞机受伤尾烟动画,飞机受伤尾烟动画,0,,,
Smoke.ChanceRed,String,-1,飞机重伤冒烟几率,飞机重伤冒烟几率,0,,,
Smoke.ChanceDead,String,-1,飞机坠毁冒烟几率,飞机坠毁冒烟几率,0,,,
AirRate,String,-1,悬停重复帧数,悬停重复帧数,0,,,
AlternateTheaterArt,String,-1,涂装是否随战场变化,涂装是否随战场变化,0,,,
CrashSpin,String,-1,是否旋转坠落,是否旋转坠落,0,,,
IsSelectableCombatant,bool,-1,玩家可控制,填yes或no。这个代码指定该单位是否能被玩家按N和M选中，也影响P选和框选，不过由于原程序发送事件的缓冲区限制因此一个指令同一帧内只能对最多128个对象下达,0,,,
Selectable,bool,-1,可以选择,填yes或no。这个代码指定该单位能否被玩家选中。典型的运用是V3导弹，与Spawned有一些令人疑惑的联动，对于不回机场（AirportBound=no & Dock=none）且Landable与Selectable任意为no的战机在目标丢失后会离开地图，例如原版伞兵飞机，对应的：这些不应用于原版黄蜂类型的子机战机，否则完成（非中断）任务的子机不会返回母舰而是飞出地图后从游戏中移除，进而导致母舰传递指令时崩溃,0,,,
ClickRepairable,bool,-1,可被维修,填yes或no。这个代码指定建筑是否可以使用游戏建造栏的“维修小扳手”工具来维修，注意：当该设置为no时，建筑不能被“维修小扳手”修复，但仍然能被工程师进入修复，如果不想这样，可以在建筑代码中加入Repairable=no。Ares已允许单独设置能否使用工程师进入维修，详见说明书,0,,,
NoManualFire,bool,-1,不能手动开火,不能手动开火,0,,,
NoManualUnload,bool,-1,不能手动退出载员,不能手动退出载员,0,,,"Whether this vehicle or aircraft is disallowed to eject its passengers. If enabled, the owning player will not get deploy or no-deploy cursors. Defaults to no."
NoManualEnter,bool,-1,不能手动进入载员,不能手动进入载员,0,,,
NoSelfGuardArea,bool,-1,不能对自己区域警戒,不能对自己区域警戒,0,,,
Cursor.Move,String,-1,可以移动时的指针,可以移动时的指针,0,,,
Cursor.NoMove,String,-1,不可以移动时的指针,不可以移动时的指针,0,,,
Armor,String,-1,装甲类型,填下表中的相应项。这个代码指定该单位的装甲。注意：装甲和防御能力没有任何关系，单位的受伤程度是由攻击方的弹头对相应装甲的百分比决定，装甲和单位类型不存在硬性对应关系，可以随意指定，只要符合你的设计,0,,,
ImmuneToPsionics,bool,-1,是否免疫心灵控制,填yes或no。这个代码指定单位是否免疫精神武器。注意:建筑默认yes其他单位默认no,0,,,
VeteranAbilities,String,-1,老兵能力,老兵升级加的能力，具体可用的值类型见EliteAbilities,0,,,
EliteAbilities,String,-1,精英能力,填下表中的相应项。这个代码指定单位升级精英时拥有的能力，所有升级过程获取的能力只能获得一次加成，也就是VeteranAbilities写过的再写一遍没用，对应的，老兵时通过VeteranAbilities获得的能力也不会当单位升级到精英时丢失，可用效果及对应值，单位移动速度加快（Speed*[General] -> VeteranSpeed=），STRONGER，单位的生命值增加（Strength*[General] -> VeteranArmor=），SCATTER，单位受到伤害时会自动散开以躲避下一轮炮火，当被一架战机发出攻击时也会提前散开，对于步兵在被其他单位尝试碾压时和在一个飞向它的[Weapon] -> Speed=小于[CombatDamage] -> Incoming=的ROT类抛射体发射时也会散开避免（但是方向随机，所以对碾压而言有时候躲了个寂寞）。当单位的所属方为人类玩家且[CombatDamage] -> PlayerScatter=yes时、当单位所属方的IQ高于[IQ] -> Scatter=时天然拥有该效果。此外当单位处于精英等级时硬编码开启该效果，FIREPOWER，单位攻击力加强（武器的Damage*[General] -> VeteranCombat=），ROF，单位射速增快（武器ROF*[General] -> VeteranROF=），SIGHT，单位的视力加大（Sight*[General] -> VeteranSight=），CLOAK，单位可以隐形（Cloakable=yes），GUARD_AREA，单位可以自动进入区域警戒（DefaultToGuardArea=yes），CRUSHER，单位可以碾压（Crusher=yes），SELF_HEAL，单位可以自动治愈（SelfHealing=yes），EXPLODES，单位可以爆炸（Explodes=yes），RADAR_INVISIBLE，单位可以不被雷达检测到（RadarInvisble=yes），SENSORS，单位可以检测隐形单位（Sensors=yes），FEARLESS，单位被杀伤时不会匍匐（Fearless=yes），C4，单位拥有C4炸弹，TS残留，在RA2/YR中仅更改单位攻击建筑时的光标而不实际赋予绑炸弹的能力（C4=yes），TIBERIUM_PROOF，单位可以免疫矿，TS残留无效（TiberiumProof=yes），VEIN_PROOF，免疫泰伯利亚藤蔓，TS残留无效（ImmuneToVeins=yes），TIBERIUM_HEAL，单位可以在泰矿上被治愈，TS残留无效（TiberiumHeal=yes），原版缺少升级后免疫辐射、免疫超时空传送、免疫毒气、免疫精神攻击、免疫心灵控制的效果，Ares已补充并拓展，还给了单位升级后变成另一个单位的功能可以更方便的支持其他可设定的效果,0,,,
ImmuneToRadiation,bool,-1,受到辐射伤害,填yes或no。这个代码指定单位是否会受到辐射类弹头的影响，然而蛋疼的是这个标签只影响杀伤和手动索敌，所以你在原版就能见到AI家和你家的DESO激情对射，或者你的DESO靠近AI家附近开始对AI家的矿车射个不停,0,,,
TypeImmune,bool,-1,免疫与自己武器相同武器,填yes或no，该单位是否不受己方相同单位的伤害，如尤里复制人，对于无所属方的粒子自然就无效了，不过对粒子武器的穿透伤害还是有效的，毕竟那是来自武器的,0,,,
Bombable,bool,-1,可被爆破,填yes或no。这个代码指定该单位是否能被一个[InfantryType] -> Ivan=yes的步兵攻击,0,,,
Parasiteable,bool,-1,是否会被寄生,填yes或no。这个代码指定该单位是否能被寄生，这里的寄生是指被像恐怖机器人一类的单位所寄生，默认yes,0,,,
BerserkFriendly,bool,-1,是否搞疯友军,是否不会被狂暴单位攻击，指被YR里精神突击车那种混乱弹头影响的单位，而非TS中Cyborg的发狂,0,,,
ImmuneToPsionicWeapons,bool,-1,对心灵超武免疫,填yes或no。这个代码指定单位是否免疫尤里气波类精神攻击武器，默认同上一句，YR下免疫神经车毒气的与否也跟随ImmuneToPsionics的设置，在Ares中可以独立控制,0,,,
DeployedCrushable,bool,-1,部署后可被碾压,该步兵在部署状态下能否被常规碾压碾死，默认yes，原版重装大兵上设置为no以免疫常规碾压，该语句仅在[ObjectType] -> Crushable=yes时工作，也就是你不能反过来让重装大兵只有部署时可以被碾压而站着时不能,0,,,
OmniCrushResistant,bool,-1,可以被要塞碾压,该单位是否无法被战斗要塞碾压，注意：这与Crusher碾压Crushable并不冲突，彼此独立运作，因此实际上并不存在所谓的“碾压等级”设定，例如：Crusher=yes & OmniCrusher=yes 的载具可以正常碾死 Crushable=yes & OmniCrushResistant=yes 的载具,0,,,
Crushable,bool,-1,可被战车碾压,填yes或no。这个代码指定物体是否能够被载具单位碾压，适用于包括但不限于步兵、载具、建筑、围墙、地形对象的一切ObjectType，但工作方式略有不同，对于建筑类，若非[BuildingTypeArt] -> Foundation=1x1则只是单纯穿过，就像Ares引入的[BuildingType] -> IsPassabe=yes那样，对于地形对象，碾压后屏幕不会立即刷新，只有移动视角后原地形对象的图像才会消失,0,,,
ImmuneToPoison,bool,-1,是否免疫毒雾,免疫病毒类（[Warhead]>Poison=yes）的武器,0,,,
ImmuneToAbduction,bool,-1,免疫吸入监狱,免疫吸入监狱,0,,,
ImmuneToEMP,bool,-1,免疫EMP效果,免疫EMP效果,0,,,
CanC4,bool,-1,能否被C4炸掉,填yes或no。这个代码指定该单位是否能被有C4=yes的步兵炸毁。默认值是yes，这句为no的建筑将无论如何至少受到1的伤害，LaserFence无视该效果可以放心用，这也导致Damage*Versus<0的弹头在打到该建筑时强制变为+1点，Phobos已允许在建筑上禁用这一规则，这就是维修圈会把油桶和弹药箱修爆炸的根源所在，在YR这个标签也影响能否被鲍里斯的空袭引导武器锁定（WW偷懒），Phobos已添加新语句以分离控制，原版下你也可以使用ResourceGatherer和ResourceDestination连用来禁止被空袭,0,,,
Ivan,bool,-1,是否为疯狂伊文,该步兵是否为疯狂伊文类型，涉及免疫效果无法攻击[ObjectType] -> Bombable=no的对象，此外还会强制步兵使用IvanBomb替代Attack作为攻击光标，而绑不绑纯看单位是不是步兵类以及弹头能不能绑，Ares已允许非步兵单位,0,,,
Fighter,bool,-1,是否是战斗机,仅用于战机类单位，控制是否在开火前跳过额外检查，例如TS中的战机需要与目标保持武器[Weapon] -> Range=设定的距离来悬停然后朝向目标进行开火，在RA2中添加[AircraftType] -> Fighter=yes即可跳过这一步骤使得只要满足射程等基础设定即可开火，对于[TechnoType] -> Locomotor=Rocket的战机（即导弹类）介于其特殊的运动方式几乎无法保持在上述条件点所以如果你希望让导弹类开火那么添加[AircraftType] -> Fighter=yes几乎是必要的，尤其在[TechnoType] -> MissileSpawn=no而导致五连发有时都无法稳定触发的情况下，不过这句实际上也是导致战机抛双弹（甚至三弹）、开火有个随机前摇、开火时扭一下身子的元凶,0,,,
Carryall,bool,-1,可运输车辆,此战机是否可以吊运载具，一定是运动模式为Fly（{4A582746-9839-11d1-B709-00A024DDAFD1}）的战机。不要是直升机（就是重工造出的实际上是会飞的载具的那种），同时强制落地踢出（放下）载员，并且把载员的图像绘制到自己身上（无论载具载员还是步兵载员），放下载员时把自己的ROT传给载员（被吊运的载具实际上是战机的载员），并且载员被释放后会显得下沉了一部分，且光标悬浮在自己所在单元格会变成允许移动，停止移动时炮塔还会转向一定角度再自动回正，Ares已修复部分问题，被吊运载具的OpenTopped可以正常工作。此外该战机降落时可以播放一个动画，详见Locomotor词条下的注解,0,,,
Slaved,bool,-1,是否为奴隶,这个步兵是否为奴隶矿工，奴隶矿场被摧毁时会得到解放，搭配HarvestRate控制收集矿石的速度，原版下被超时空弹头攻击可能引发崩溃，Phobos已修复,0,,,
Refinery,bool,-1,是否为矿场,填yes或no。这个代码指定建筑是否为矿石精炼厂。给AI判断用的，比如AI会指定部队围着矿石精炼厂打。如果是Factory（包括Cloning）那么会强制无法将单位生产出来,0,,,
Wall,bool,-1,建筑：是否是围墙。弹头：是否能摧毁围墙,是否为围墙，建造时会根据[TechnoType] -> GuardRange=指定的距离与同类型链接，建筑实际放下后会立即变成其在art中通过[BuildingTypeArt] -> ToOverlay=所指定的覆盖物，此外AI尝试放置时会让单元格的单位执行分散指令以让出空位，与全局[General] -> MaximumBuildingPlacementFailures=合用保持1次放置失败后仍会再次尝试（而此时恰好单位已经让出空位），然而这个逻辑实现的比较质朴，程序并不判定围墙链接的方向，也就是说存在单位向围墙延伸方向移动的情况，原版引擎下苏盟围墙可以在破损的墙上直接修建新墙来修复墙体，但并不支持新增的围墙（包括尤里围墙），在Ares中已经解除了这一限制，于是可能表现为：，AI尝试放下墙 -> 单位向旁边挪了一格，但是移动到了围墙链接所需的另一格子 -> AI放下了墙，但是由于没有完全围住建筑，再次放下另一格墙 -> 返回第一步，也就是走一步放一格再走一步再放一格直到最后一格分散时找空地只能找到不阻碍围墙链接的格子为止，然而此时围墙也已经用不着自动连接了,0,,,
C4,bool,-1,能否炸建筑,该步兵是否可以安装C4炸弹，注意：当为yes时，不管是主副武是否可以对建筑物，对付建筑物的武器都会被C4代替，除非攻击目标有CanC4=no的设定，如果存在这句，那么单位无论是否可以进入建筑，都会选择炸掉它...，哪怕建筑存在CanC4=no，也会选择使用武器摧毁它，也就是会冲掉其他进入行为，如果光标为Sabotage，那么如果武器Versus=1%就会强行切换到另一个武器，此外还会导致该步兵在被建筑攻击时强制不会主动反击，若C4=no且Loco非Walk的Infantry在水上停下时会直接死亡并留下空气墙，如果是军医类型的步兵使用负伤害治疗武器那么允许原本的禁止光标变得Ctrl下可以强制Attack,0,,,
Agent,bool,-1,是否为间谍,该步兵单位是否为间谍单位，用于渗透[BuildingType] -> Spyable=yes的建筑获得不同效果,0,,,
Harvester,bool,-1,是否为矿车,填yes或no。这个代码指定载具是否为矿车。用于[TechnoType] -> Locomotor=Teleport的载具可取消其超时空移动的硬直时间，也就是直接用于没有[TechnoType] -> Teleporter=yes但[TechnoType] -> Locomotor=Teleport的载具类单位会使其无CD超时空移动,0,,,
WeaponsFactory,bool,-1,武器工厂,该工厂生产的单位是否从建筑内开出来，而不是直接生成于建筑外，用于船港会出现许多错误，同时会阻断矿车单位倒矿，阻碍进入医院的单位离开，如果否的话虽然仍有集结点但是不集结，步兵工厂和步兵克隆工厂可以用这句开启[BuildingTypeArt] -> ProductionAnim=系列语句，但代价是[BuildingType] -> Cloning=yes的建筑不会响应生产，并且步兵出厂总是走到5x3建筑的10号单元格而不响应集结点，从PhobosBuild49开始步兵（不含克隆）工厂不再需要该句开启[BuildingTypeArt] -> ProductionAnim=系列语句，且即便将该句设为yes也不再导致步兵克隆工厂不响应,0,,,
Radar,bool,-1,雷达功能,填yes或no。这个代码指定建筑是否拥有雷达功能，对于一个没电的建筑，如果使用Ares3.0电池超武的过载逻辑，哪怕依然没电，这个建筑的雷达也会正常工作,0,,,
ConstructionYard,bool,-1,是否为建造场,填yes或no。这个代码是基地建筑专用的，变卖后不会变回载具，让AI判定该建筑为基地，设置为no则不受基地重新部署选项的影响，但会导致该阵营AI智障，此外只要AI手动建造或载具DeploysInto出了有这个标签的建筑即被视为建设了新基地的判定，然后AI就会把自己所有可操纵的单位全部集结过去，哪怕是一些非战斗单位，例如矿车。Phobos已对此行为允许【全局】层面关闭,0,,,
YuriBarracks,bool,-1,是否为兵营,"该建筑是否为尤里方的兵营，步兵从相对建筑中心位于[2,1]的格子离开建筑，也影响AI。所有南北向长于东西向的兵营都应该使用，否则会导致生产一个飞行步兵后无法继续生产其他步兵等问题",0,,,
GDIBarracks,bool,-1,可设定集合点,"填yes或no。这个代码指定该建筑是否为盟军兵营，步兵从相对建筑中心位于[1,2]的格子离开建筑，用来给AI判断的。所有南北向短于东西向的兵营都应该使用，否则会导致生产一个飞行步兵后无法继续生产其他步兵等问题",0,,,
Cloning,bool,-1,可以克隆步兵,填yes或no。这个代码指定建筑是否为复制中心。克隆中心会把所有从兵营出厂的单位再免费赠与一个同样的，Ares添加了用于克隆载具的同类功能，详见说明书，原本在YR1.001下针对[BuildingType] -> Factory=AircraftType的建筑禁用集结点的效果会被该语句覆盖，RA2中可以进入步兵返还资金，YR中这个功能被拆分出去，需要使用[BuildingType] -> Grinding=yes启动回收，当复制中心启用回收后无论[BuildingType] -> InfantryAbsorb=为何值都会允许步兵类进入，就像RA2中那样，但若有[BuildingType] -> InfantryAbsorb=yes那么会遵守[BuildingType] -> UnitAbsorb=的设定，为no时选中载具类移动到该建筑上将会显示Select而不是NoEnter，就像RA2中那样，由于Absorb两句默认值均为no，所以相当于：若Cloning与Grinding合用则允许步兵类进入，若InfantryAbsorb为no或UnitAbsorb为yes则允许载具进入,0,,,
ResourceGatherer,bool,-1,是否为采矿单位,原版用于三方矿车和尤里矿场，用于AI处理矿石采集和存储任务，如果建筑用了会影响AI出矿场的数量计算，也用于AI的建筑扩展节点判定，详见BaseNormal一节，此外可以用于屏蔽载具DeploysInto成建筑失败时的EVA_CannotDeployHere语音,0,,,
Assaulter,bool,-1,驱逐驻军,该步兵是否为突击者，可以驱逐建筑中驻守的步兵单位而无须对该建筑造成任何损伤。这里的“驱逐”指将建筑中的所有驻守的步兵单位全部击杀，驱逐过程动画由主武代码的[Weapon] -> AssaultAnim=来设定，原版废设使用UCFLASH，也留有UCBLOOD和UCELEC，原版下无法设定某个建筑对于某个突击者步兵来说是否可以突击，Ares允许设定步兵与建筑各自突击等级进行比较，详见说明书,0,,,
IsDesolator,bool,-1,是否部署后不断攻击脚下,是否部署后不断攻击脚下,0,,,
IsCow,bool,-1,是否到处乱走,是否到处乱走,0,,,
Engineer,bool,-1,是否为工程师,该步兵是否为工程师。强制单位不会主动攻击和寻敌，并且无法在目标对象上显示攻击光标，当然手动攻击地面依然是可行的，在不使用[TechnoType] -> PreventAttackMove=yes禁用的情况下移动攻击也仍可生效,0,,,"The InfantryType that has a chance to be spawned when buildings with Factory=BuildingType owned by this side are destroyed or sold. Defaults to [General]►Engineer. Quickstart To make the Soviet Construction Yards spawn Soviet Engineers instead of the Allied one as set by [General]►Engineer, set [Nod]►Engineer= (SENGINEER). Similarily, for Yuri’s side set [ThirdSide]►Engineer= (YENGINEER)."
Gunner,bool,-1,是否为IFV,填yes或no。这个代码指定载具是否可以依据不同情况转换炮台。在红色警戒2中只能用在多功能步兵载具上，如果没有TurretCount则依然不会开启IFV逻辑，因为Weapon[X]系统的开启需要TurretCount>=1所以踢载员时依然是一脚全踢完，Ares修复了该BUG，现在即使不启用IFV逻辑也会保留第一个载员，但载员大于1时的格点会使用IFV的PassengerPips显示模式（把第一个放到前面），也就是IFV位x1+载员位xN无拓展引擎的情况下仅注册名为[FV]的IFV可以显示炮塔，如果某辆IFV的武器数无法支持到IFVMode=那么程序会直接让IFV没有任何可以使用的武器，IsChargeTurret的优先级高于IFV逻辑，与其合用可像IFV一样两次踢人而不启用IFV逻辑,0,,,
Gate,bool,-1,是否为闸门,填yes或no。这个代码指定建筑是否为“门”型建筑，已方单位进入已方的“门”型建筑时，“门”型建筑就会打开。另外敌方间谍伪装进入时，已方“门”型建筑也会打开,0,,,
GateCloseDelay,String,-1,闸门关闭延迟,填时间。这个代码指定“门”型建筑关闭的所花时间。要和Gate=yes配合使用,0,,,
Bunker,bool,-1,是否为坦克碉堡,指定该建筑是一个坦克碉堡。载具进入后会获得一系列加成，当载具进入这个建筑时会播放[AudioVisual] -> BunkerWallsUpSound=指定的音效，离开时播放[AudioVisual] -> BunkerWallsDownSound=指定的音效，当载具进入这个建筑后会使用[CombatDamage] -> BunkerDamageMultiplier=作为火力倍率，[CombatDamage] -> BunkerROFMultiplier=作为射速（因为实际上是对间隔除运算）倍率，[CombatDamage] -> BunkerWeaponRangeBonus=作为射程增量（注意射程不是乘法而是加法），注：以上五条除射程增量外从PhobosBuild48开始均可在建筑上微观定义，为了让载具能够顺利进入这个建筑，它至少一条边需要大于 1 格长，也就是说[BuildingTypeArt] -> Foundation=1x1的建筑实际上会导致载具虽然可以发起进入指令和靠近，但实际上并不能流畅地进入碉堡且即便进入也会有其他问题，此外还要确保载具可以行驶到所需要的位置，因此需要使用例如[BuildingType] -> NumberImpassableRows=等来使得建筑拥有可通行的部分，如果这个建筑拥有武器且被进入时正在开火，那么它将停止开火但保留目标，等到载具离开建筑时再继续攻击原先的目标，无论如何，坦克碉堡只能进入一个载具，并且这不检查[BuildingType] -> NumberOfDocks=，无论你将它设为0还是9以及其他，如果载具进入成功建筑，那么它会停在最中间的位置，并且使本体面向正南（屏幕左下）方向，对于边长为偶数的建筑这会占据偏屏幕下方向的那个单元格同时实际位置向相反方向移动半个单元格，在载具退出建筑时再重新修正回正确的位置，如果是一边长为奇数的建筑，那么由于这个位置修正将会导致单位离开建筑后的实际位置出现错误，即它所占据的单元格的中心并不是它这个实体的中心，这会导致一些需要判定单元格的功能工作异常，例如原版的Arcing类抛射体将会攻击错误的位置而导致这样的单位就像有了100%的闪避一样，这不能与InfantryAbsorb等其他进入逻辑共同使用，首先这种情况下[BuildingType] -> InfantryAbsorb=yes会允许UnitAbsorb工作，且其默认值为no，使得载具不能进入。但哪怕再设置[BuildingType] -> UnitAbsorb=yes，也依然会导致载具只能尝试进入建筑但永远无法真正进入。如果这个建筑的确使用了乘客逻辑，那么它会优先执行，并在装不下更多乘客后改为上面的行为，正常的坦克碉堡在进入时会顿一下，但如果这个建筑同时拥有[BuildingType] -> ConstructionYard=yes那么进入过程将会相当的丝滑，如果你有一个因为Foundation过大导致总是进入失败的建筑那么可以尝试一下与之合用，注意：，坦克碉堡不会影响内部单位除了射程外的受击判定，这就是为什么AI的辐射工兵也喜欢对着坦克碉堡中的坦克一通爆射，而这个判定WW是直接硬编码了个无法被射程低于384Leptons（1.5格）长度的单位攻击，怀疑就是专门给2x2碉堡应对近战单位（大概是YR里狂兽人）定制化编写的,0,,,
SecretLab,bool,-1,是否为秘密实验室,是否为秘密科技实验室,0,,,
Grinding,bool,-1,能否回收单位,该建筑是否为部队回收厂，如果想要通过[BuildingType] -> InfantryAbsorb=和[BuildingType] -> UnitAbsorb=设no来禁止特定类型，则需要与[BuildingType] -> Cloning=yes或[BuildingType] -> Armory=yes或[BuildingType] -> Hospital=yes共用，更好的方式是见Phobos拓展的新语句,0,,,
Helipad,bool,-1,是否为机场,该建筑是否可作为停机坪。入侵者一类的需要机场的空军单位需要这类建筑用于停泊，注意：需要停在机场的战机应该在[General] -> PadAircraft=的列表中声明,0,,,
BridgeRepairHut,bool,-1,是否为桥梁小屋,填yes或no。这个代码指定建筑是否为桥梁维修小屋，这种建筑可以维修附近的毁损桥梁或提供其他单位（如谭雅）来炸毁桥梁,0,,,
FactoryPlant,bool,-1,是否为工业工厂,这个建筑是否是工业工厂，开启下面的这5个语句，Ares允许在单位上再单独定义一个倍率与此处相乘以微观控制，[BuildingType] -> InfantryCostBonus=<float>，[BuildingType] -> UnitsCostBonus=<float>，[BuildingType] -> AircraftCostBonus=<float>，[BuildingType] -> BuildingsCostBonus=<float>，[BuildingType] -> DefensesCostBonus=<float>，这五句用于设定工业工厂建筑导致的特定类型单位价格倍率，例如原版工业工厂第二项为0.75故载具生产成本*75%,0,,,
BuildingsCostBonus,String,-1,建筑栏造价折扣,普通建筑建造价格为原来多少倍,0,,,
DefensesCostBonus,String,-1,防御栏造价折扣,防御建筑建造价格为原来多少倍,0,,,
InfantryCostBonus,String,-1,步兵栏造价折扣,步兵建造价格为原来多少倍,0,,,
UnitsCostBonus,String,-1,战车造价折扣,载具建造价格为原来多少倍,0,,,
AircraftCostBonus,String,-1,飞机造价折扣,战机建造价格为原来多少倍,0,,,
OrePurifier,bool,-1,是否为矿石精炼器,填yes或no。这个代码指定建筑是否为矿石精炼器。原版盟军矿石精炼器的逻辑，当矿车倒矿时实际所得的资金为矿车所载矿的价值 * (1 + (玩家所拥有的 OrePurifier=yes 的建筑数量 * [General] -> PurifierBonus=的数值))，对于遭遇战下的 AI 玩家，这里的 OrePurifier=yes 建筑数量还会根据其设定的难度额外加上全局[General] -> AIVirtualPurifiers=中对应的数量，例如原版冷酷 AI 在有一个矿石精炼器的情况下超时空矿车满载下一车矿的价值是 500 * (1 + (1 + 4) * 0.25) = 1125，在 Phobos 下如果开启了[AudioVisual] -> DisplayIncome=yes可以很方便的观察到,0,,,
SpySat,bool,-1,是否为间谍卫星,填yes或no，该建筑是否提供全图视野（间谍卫星）该效果不受电力影响，想要附赠雷达图还需要搭配[BuildingType] -> Radar=yes使用，该功能无法用于加载物，Phobos已修复,0,,,
ProduceCashStartup,String,-1,钻油井起步资金,填数值。这个代码指定当该建筑被占领时占领方获得的资金。典型的运用是科技钻油井，如果一次扣完现有资金，那么现有资金会正常的从0开始，而不是从负数开始,0,,,
ProduceCashAmount,String,-1,钻油井加钱量,填数值。这个代码指定建筑在每隔固定时间就会给拥有者多少资金。典型的运用是科技钻油井。这里的时间由ProduceCashDelay=这个代码的数值指定,0,,,
ProduceCashDelay,String,-1,钻油井加钱间隔,多长时间给予玩家ProduceCashAmount量的金钱，超时空弹头打断油井效果相关的描述见NeedsEngineer一句下方,0,,,
GapGenerator,bool,-1,是否为裂缝产生器,填yes或no。这个代码指定建筑是否为“黑幕产生器”,0,,,
GapRadiusInCells,String,-1,黑幕制造半径,填数值。这个代码指定“黑幕产生器”建筑产生的黑幕半径。要和GapGenerator=yes配合使用,0,,,
ExtraPower,String,-1,展开要求电力,填数值。这个代码指定建筑特殊状态更改的额外电力，原版的使用实例是裂缝产生器与尤里电厂，且这两个逻辑可以共同使用，但工作方式略有不同，1.决定了部署行为（需要裂缝产生器相关逻辑）所改变电力值，可以使用一个负值进行设定，也就是部署后增加耗电量，2.设定了每有一个单位单位进入这个建筑所提供的额外电力，对于裂缝部署行为的ExtraPower，当电力低于-ExtraPower的情况下无法部署，已部署的会落回非部署状态，也就是如果使用了一个+50的ExtraPower那么基地欠电超过50点（当前电力<-50）的时候会禁用部署，同样也可以用-2147483647完全禁用一个建筑的部署（要求当前电力富余值达到2147483647），对于生物科技发电的ExtraPower如果使用了一个负值那么进入单位不会对电力值造成影响，注：ExtraPower不会改变电力条的总长，只会改变绿色部分相对于现有电力条长度的占比，注：对于不使用GapGenerator的生物科技发电其部署释放单位效果不会受当前电力值限制,0,,,
SuperGapRadiusInCells,String,-1,黑幕制造半径（展开）,填数值。这个代码指定“黑幕产生器”类建筑部署产生的黑幕半径。要和GapGenerator=yes和ExtraPower=配合使用,0,,,
Missile.Custom,bool,-1,是否为自定义导弹,是否为自定义导弹,0,,,"Specifies whether this AircraftType should exhibit missile behavior. If set to yes it enables the missile tags listed below, which must be set to meaningful values. Not recommended on V3RocketType, DMislType and CMislType. Defaults to no. Note If you intend to override the original missiles defined as V3RocketType, DMislType and CMislType, you also have to define the following tags. Ares will not default to the original game tags for these types defined in the [General] section."
Missile.PauseFrames,String,-1,导弹飞出前的滞留帧数,导弹飞出前的滞留帧数,0,,,
Missile.TiltFrames,String,-1,导弹飞出前的倾斜帧数,导弹飞出前的倾斜帧数,0,,,
Missile.PitchInitial,String,-1,车上导弹初始角度,车上导弹初始角度,0,,,
Missile.PitchFinal,String,-1,车上导弹出射角度,车上导弹出射角度,0,,,
Missile.TurnRate,String,-1,导弹飞行转弯比率,导弹飞行转弯比率,0,,,
Missile.RaiseRate,String,-1,导弹飞行爬升比率,导弹飞行爬升比率,0,,,
Missile.Acceleration,String,-1,导弹飞行加速比率,导弹飞行加速比率,0,,,
Missile.Altitude,String,-1,导弹中段飞行高度,导弹中段飞行高度,0,,,
Missile.BodyLength,String,-1,导弹的长度,导弹的长度,0,,,
Missile.LazyCurve,bool,-1,导弹是否抛物线飞行,导弹是否抛物线飞行,0,,,
Missile.Damage,String,-1,导弹伤害,导弹伤害,0,,,
Missile.EliteDamage,String,-1,导弹精英伤害,导弹精英伤害,0,,,
Missile.Warhead,Warheads,-1,导弹伤害弹头,导弹伤害弹头,0,,,
Missile.EliteWarhead,Warheads,-1,导弹伤害精英弹头,导弹伤害精英弹头,0,,,
Missile.TakeOffAnim,String,-1,导弹出射动画,导弹出射动画,0,,,
Missile.TrailerAnim,String,-1,导弹尾烟动画,导弹尾烟动画,0,,,
Missile.TrailerSeparation,String,-1,导弹尾烟密集比率,导弹尾烟密集比率,0,,,
Missile.Weapon,WeaponTypes,-1,导弹伤害的武器,导弹伤害的武器,0,,,
Missile.EliteWeapon,WeaponTypes,-1,导弹伤害的精英武器,导弹伤害的精英武器,0,,,
Fearless,bool,-1,永不畏惧,该步兵是否不知道害怕。实际上这个语句的真正效果是让单位保持特定状态，例如[InfantryType] -> Cyborg=yes的步兵需要这句来让自己在匍匐状态（断腿）状态下不会自动站起来，对于[InfantryType] -> Fraidycat=yes的步兵若有这句则永远不会解除惊慌失措乱跑的效果，如果[InfantryType] -> Locomotor=Jumpjet，那么该语句会导致[Warhead] -> ProneDamage=参与杀伤计算，注：原版[BORIS]下并没有此句，其不会趴倒是依靠在artmd.ini中为步兵图像设置[InfantryTypeArt] -> Crawls=no实现的,0,,,
ConsideredAircraft,bool,-1,被视为飞行器,填yes或no。基洛夫空艇和火箭飞行兵这种实际上是载具的飞行单位使用，是否被视为常规空军单位，战机默认yes，和[TechnoType] -> Organic=yes一样用于一些判定。此外还会让单位的影子缩放为0.5倍，一些旧教程称控制是否从天窗飞出，实际与这句无关，检查的是[TechnoType] -> JumpJet=与[TechnoType] -> BalloonHover=是否拥有至少一条,0,,,
StupidHunt,bool,-1,专项攻击,填yes或no。当AI没有剩余建筑时（非快速游戏）这个单位会径直冲到玩家家里而不像其他单位一样被分配Hunt任务，这样的单位通常没有武器也没法执行Hunt所以用这个语句来让它们也加入填线的队伍,0,,,
Infiltrate,bool,-1,是否能渗透建筑,该步兵能否“渗透”建筑物，然而没有任何其他效果，像C4=yes、Engineer=yes、Agent=yes、Assaulter=yes等可以独立于该语句使用，自带进入效果，不过各种针对建筑的进入和特殊攻击行为最终执行的只会有一种，大致优先级排序为[ occupier > assaulter > engineer > C4 > Ivan > agent > thief ],0,,,
ProtectWithWall,bool,-1,AI建立围墙,填yes或no。这个代码指定建筑在AI使用时是否会被围墙围住，该围墙由当前选择的国家的所属阵营来决定，也可以通过设定AIBasePlanningSide=来指定,0,,,
EligibileForAllyBuilding,bool,-1,供给友军拓展建造空间,填yes或no。这个代码指定玩家能否在这个建筑上与其他玩家结盟，此代码会强制BaseNormal，只在“于盟友建造场旁建设”选项激活时生效,0,,,
DockUnload,bool,-1,可以卸货,载具进入该建筑并对接时是否会执行卸载命令并转为Unload任务。原版仅用在矿场上触发倒矿，一些应用见[TechnoType] -> Weeder=一句，对于矿场的矿车倒矿，矿车会在返回矿场前记录当时的格子坐标，因此倒矿后也是前往那个格子再开始寻矿，而不是倒矿时立即重新开始寻找最近的矿区，PhobosBuild47已允许更改这一行为,0,,,
FreeUnit,String,-1,赠送单位,"填载具名称。这个代码指定建筑建造后是否附带1个单位，原版用于矿厂，所赠予单位的生成地点硬编码按SpeedType=Wheel来寻找可用单元格，赠送单位的造价不能高于建筑，否则覆盖建筑造价，此外，如果多个工业工厂叠加造成建筑或载具至少任意一个的价格过低会导致FreeUnit不工作，这个语句附带将对象注册进VehicleTypes中的效果，也就是填写BEAG或APOC,APOC相当于向[VehicleTypes]中注册了名为[BEAG]和[APOC,APOC]的两个载具，并导致地图编辑器等使用注册Index序号的地方错号，出于对部分新手创造力水平的敬佩特注解上述示例，Phobos早期版本的CreateUnit也是如此，后来的版本去掉了这个效果并且生成的类型不再仅限载具类",0,,,
Storage,String,-1,储存量,填数值。这个代码指定该单位能够储存的矿石数量。只能用在采矿车和矿石精炼厂，RA2下失去了建筑储矿效果所以矿石精炼厂上的已经失去意义，Ares已复原，详见说明书,0,,,
ResourceDestination,bool,-1,是否可以卸矿,原版用于三方矿场和尤里矿车，用于AI处理矿石采集和存储任务，以上两句用于让AI学会处理不同的矿石处理和储存方式，但是连用还有禁止BORIS空袭指示器武器攻击该建筑的效果，不过并不禁止被C4摧毁，可以屏蔽建筑UndeploysInto成载具时的EVA_NewRallyPointEstablished语音,0,,,
NumberImpassableRows,String,-1,停载单位数量,填数值。须配合Bunker=yes或UnitRepair=yes使用，这个代码指定建筑左侧多少列单元格不能通行载具（剩余列可通行载具）,0,,,
Factory,String,-1,工厂类型,填下表中的对应项。这个代码指定工厂类建筑的生产类型，InfantryType——步兵工厂，一般用在兵营，UnitType——战车工厂，一般用在重工，BuildingType——建筑工厂，一般用在基地，AircraftType——战机工厂，一般用在机场，注意：哪怕一个建筑纯粹用于生产战机而[BuildingType] -> Helipad=false即不作为停机坪也仍然要有[BuildingType] -> NumberOfDocks=设置来避免生产卡住，此外原版下任何一个工厂类建筑都会被计入同类的多工厂加成中，也就是你可以在Ares中靠某个建筑存在时Deliver一大堆[BuildingType] -> Factory=UnitType的假建筑来制作生产加速效果，Phobos已允许设定特定建筑被多工厂加成排除在外，注意：，1、VesselType和CloningType已经不再使用，2、船厂为[TechnoType] -> Naval=yes的战车工厂，并且生产[TechnoType] -> Locomotor=Teleport的载具会直接将其传送到集结点而不是像普通战车工厂那样需要先用Drive开到集结点后才能开始使用Teleport运动，3、如果AI已经没有了任何工厂类建筑，并且一段时间内没有被攻击，那么它就会开始卖家冲锋（然后被快速游戏补刀祭天，只有[BuildingTypeArt] -> Buildup=层面上禁止出售才能保留一些建筑，不让玩家直接爽到）Phobos已允许【全局】层面控制是否出售和是否冲锋以及执行这个操作的延时,0,,,
ExitCoord,String,-1,出生位置,"格式X,Y,Z。这个代码指定的是战车工厂或兵营制造出的单位初始创建的位置，例如https://www.bilibili.com/opus/637024588733087767，事实上兵营的出厂位置由[GDIBarracks|NODBarracks|YuriBarracks]那三条控制，战车工厂需要WeaponsFactory=yes才会尊重这句的设定，对于地面载具由于还有一个开出去的行为所以会瞬移到厂内通道",0,,,
FlyBack,String,-1,飞行距离限制,看程序里会在设为yes时一些禁用相对复杂的寻路与移动行为，原版中仅用于导弹子机,0,,,
CloseRange,bool,-1,认为足够近的距离,填yes或no。指定该单位是否使用近战武器（狂兽人），帮助AI判定选择目标的范围,0,,,
PreventAttackMove,bool,-1,能否移动攻击,填yes或no。决定此单位是否支持移动警戒（ctrl+shift），对于有Primary的单位默认为yes,0,,,
UndeployDelay,String,-1,解除后停顿,释放型武器造成的停顿(无法移动、攻击)时间(限步兵)，也决定步兵部署模式：此语句设定正值为尤里式部署，无此代码即默认值为-1，为美国大兵式部署（需手动解除部署，部署开火需art序列）,0,,,
DistributedFire,bool,-1,可分散开火,填yes或no。这个代码指定该单位（神盾）在自动攻击状况下攻击一次后更换目标。只有一个敌人的话也会停顿一下再开火,0,,,
UnitRepair,bool,-1,可以维修战车,该建筑能否修车，同时也可出售，Ares允许分离设置能否出售，详见说明书，如果同时拥有WeaponsFactory则维修期间将对被维修伤害的物理伤害转移到自己并禁用对被维修单位的特殊伤害类型，哪怕是是超时空抹除和超时空传送，甚至Organic=yes的单位可以抗铁幕，虽然并不能得到效果，如果一个BalloonHover=yes的单位使用抛射体Vertical=yes的武器攻击一个这样的建筑那么即便建筑在武器Range范围外单位也不会尝试接近目标,0,,,
HarvestRate,String,-1,挖矿速率,该步兵每次执行采集行为所需的帧数，故在事实上控制了采集的速率，间隔越小采集越快，YR新增，用于奴隶矿工,0,,,
TargetCoordOffset,String,-1,出生位置,建筑被攻击时所被瞄准的坐标点，同时也是船厂出口位置，不影响AAAG判定，也就是说哪怕你第三个值定义了个4096高度，地面单位也照射不误，对于Arcing类虽然其弹道仍旧命中地面建筑中心，但爆点会移动到TargetCoordOffset，但是对于ROT类如果命中前建筑就已经被摧毁了，那么会重新将目标更新为被毁建筑空地上原应该攻击的位置而不是照常飞到TargetCoordOffset，这也不影响武器Range，哪怕它影响TargetLaser和瞄准线的绘制，但这不影响实际距离判定，并且对于Vertical的特殊工作机制，单位依然会开到建筑头上丢炸弹而不是去TargetCoordOffset，若抛射体拥有Inaccurate=true，对于Arcing和Inviso类爆点会正常计算，只不过IsLaser和TargetLaser瞄准线等绘制效果始终遵循TargetCoordOffset，若抛射体拥有FlakScatter=true，对于Inviso类开启不精准效果将会依照建筑实际中心计算而不是TargetCoordOffset,0,,,
TiberiumSpill,String,-1,是否洒出矿石,是否洒出矿石,0,,,
BombSight,String,-1,发现伊文炸弹的距离,填数值。这个代码指定该单位对定时炸弹的警戒范围，当被捆绑上定时炸弹的我方单位进入警戒范围该单位会进行拆除定时炸弹的工作，该单位弹头要有BombDisarm=yes这个设置否则同样不能拆除。注意：当该单位本身被捆绑上定时炸弹时不能进行自我拆除定时炸弹的工作,0,,,
Underwater,bool,-1,水下的,是否为水下物体，用于NavalTargeting判定，同时移动不会播放全局[General] -> Wake=指定的波纹，强制死亡时不会有沉船效果（都已经在水下了）,0,,,
GuardRange,String,-1,警戒距离,填数值。这个代码指定该单位的警戒距离，用于围墙则代表围墙的连接距离，TS激光墙逻辑与Ares战壕逻辑的连接距离也是同理，默认的警戒距离使用当前主副武器中较远者的Range，对于使用Range=-2武器的单位如果想要让它这个无限射程武器正常主动索敌那么是非常有必要的，拥有Organic=yes和Underwater=yes以及SelfHealing=yes的单位忽略该项直接使用GuardRange，例如原版巨型乌贼，如果你手动指定了GuardRange来控制警戒范围，并且GuardRange大于武器的Range，那么你应当与DefaultToGuardArea=yes搭配使用，以便单位进入区域警戒(Area Guard)然后前去迎击。否则单位会保持锁定状态但不靠近目标，由于射程够不到目标而无法开火，只能干愣着，可参考去掉DefaultToGuardArea的巨型乌贼，当然你仍可手动选中单位然后手动指定目标，用手动下令检查目标OutOfRange相关的判定来让单位接近目标并正常开火，但那也早已不是GuardRange相关逻辑的范畴了，此外原版并没有EliteGuardRange，当然你可以使用Ares的升级变形逻辑完全变为另一个单位来解决，详见Ares说明书，如果使用默认规则那么会考虑原武器实际能否射向目标，例如原武器有[Projectile] -> SubjectToWalls=yes那么默认寻敌不会越过墙类覆盖物，但是如果使用GuardRange设定相同的范围则会移动以绕过覆盖物来发起攻击,0,,,
HasStupidGuardMode,bool,-1,不会自动攻击,填yes或no。这个代码指定建筑是否能够自动攻击敌方目标。填yes时不能自动攻击，实际上决定建筑使用哪一套威胁值计算方式，详见全局DumbMyEffectivenessCoefficient部分,0,,,
NumberOfDocks,String,-1,停载数量,填数值。这个代码指定可停载单位建筑的最大可停载量，如机场可以停载4架战机，矿厂能够停载1辆矿车，然而矿场是硬编码的一辆矿车Dock一个矿场Unload倒矿然后润掉换下一辆的，改了也没用,0,,,
GroupAs,String,-1,同类选择时的所属种类,同类选择时的所属种类,0,,,
Cloneable,bool,-1,能否被克隆,能否被克隆,0,,,"Whether or not this infantry or unit can be cloned by Cloning=yes, CloningFacility=yes or their respective ClonedAt buildings. Defaults to yes."
AttachEffect.Animation,String,-1,附加特效的动画,附加特效的动画,0,,,"The optional animation to play on the affected unit. The animation is attached to the unit and moves along with it. Defaults to none. The animation is removed when the unit is cloaked. The animation is recreated once the unit is uncloaked again. While cloaked, the AttachEffect is still applied, but the effects caused by the animation are not. Note The animation always loops until the effect subsides. LoopCount is ignored."
AttachEffect.Duration,String,-1,附加特效动画的重复次数,附加特效动画的重复次数,0,,,The duration of the effect in frames. Use -1 for infinite duration. Defaults to 0.
AttachEffect.TemporalHidesAnim,String,-1,附加特效是否抹消中隐藏,附加特效是否抹消中隐藏,0,,,Whether a TechnoType with this type of AttachEffect applied on it should remove the animation while being warped out by a Temporal=yes weapon. Otherwise the animation stays active and unaffected by the temporal weapon. Defaults to no.
AttachEffect.SpeedMultiplier,String,-1,附加特效速度加成,附加特效速度加成,0,,,Speed bonus while the AttachEffect lasts. Defaults to 1.0.
AttachEffect.ArmorMultiplier,String,-1,附加特效防御加成,附加特效防御加成,0,,,Armor bonus while the AttachEffect lasts. Defaults to 1.0.
AttachEffect.FirepowerMultiplier,String,-1,附加特效火力加成,附加特效火力加成,0,,,"Firepower bonus while the AttachEffect lasts. Defaults to 1.0. Note Mind that this works fundamentally differently from the other effects, which are applied the instant they are needed (like a firepower for a bullet impacting) as long as the effect is active: the reload time is computed once when the reloading starts, but the modified reloading time may take longer than the attached effect lasts. For instance, a unit that was struck with an effect slowing down the ROF extremely might thus render the unit unable to fire way longer than the AttachEffect is active, because the reload timer will not speed up again when the effect expires."
AttachEffect.ROFMultiplier,String,-1,附加特效射速加成,附加特效射速加成,0,,,Rate of fire bonus while the AttachEffect lasts. Defaults to 1.0.
AttachEffect.Cloakable,bool,-1,附加特效制造隐形,附加特效制造隐形,0,,,Whether the unit gains cloaking ability while the AttachEffect lasts. Defaults to no.
AttachEffect.ForceDecloak,bool,-1,附加特效强制显形,附加特效强制显形,0,,,Whether affected units will be forced to decloak when the AttachEffect gets applied (useful for non-damaging anim-based AttachEffects). Defaults to no.
AttachEffect.DiscardOnEntry,bool,-1,是否在进驻时失去特效,是否在进驻时失去特效,0,,,Whether the AttachEffect will be removed when the affected unit is removed from the map (entering a building or another unit). Defaults to no.
AttachEffect.PenetratesIronCurtain,bool,-1,是否影响保护罩下面的单位,是否影响保护罩下面的单位,0,,,Whether the AttachEffect can attach to a unit or structure under the influence of an Iron Curtain or Force Shield. Defaults to no.
AttachEffect.Delay,String,-1,两次特效之间的间隔,两次特效之间的间隔,0,,,
AttachEffect.InitialDelay,String,-1,开始第一次特效的间隔,开始第一次特效的间隔,0,,,
SuppressionThreshold,String,-1,受压制的阈值,"填数值。乌贼和恐怖机器人等单位用。如果被寄生单位受到大于此数值的伤害，则在""伤害*2""的帧时间内，若被寄生的单位被摧毁，寄生者一并死亡",0,,,
DefaultToGuardArea,bool,-1,默认初始区域警戒,该单位是否会自动进入区域警戒(Area Guard)状态，一旦有敌方进入警戒范围，该单位会自动追上前去迎敌，当区域警戒的目标为建筑（相当于单元格）的情况下程序会从[2*GuardRange与4096Leptons(16格)]这两个值中取更小的那个再*1.1来获取单位的警戒范围，当区域警戒的目标是可移动的对象（保护己方单位）那么会使用GuardRange获取警戒范围，根据全局GuardModeStray来决定离开多远后返回，对于矿车(Harvester=yes)类载具其Area Guard状态的实际效果其实是会把这个矿车送去采矿,0,,,
ReselectIfLimboed,bool,-1,连续攻击时保持被选择,填yes或no。用于武器拥有LimboLaunch=yes的单位，这个代码指定该寄生单位寄生前若处于被选中状态并且没有其他动作那么它从目标身上Unlimbo返回时是否仍是被选中状态，如果为no那么狗和恐怖机器人每寄生击杀一个目标你都要重新手动选中它一次,0,,,
RejoinTeamIfLimboed,bool,-1,连续攻击时保持在小队中,填yes或no。用于武器拥有LimboLaunch=yes的单位，这个代码指定处于一个team中的该单位limbo消灭目标后unlimbo时是否归队。通常用于寄生单位,0,,,
HasTurretTooltips,bool,-1,显示1号载员名称,填yes或no。这个代码指定运兵单位运兵时是否显示武器名称，“<多功能步兵>载具”，而且运兵量必须为1。Ares已扩展全套逻辑，详见说明书，针对该句，IFV的名称显示规则如下：，如果不存在任何步兵（Infantry）Passenger，那么载具仅显示为UIName=指定的内容，如果为VehiclePassenger，不属于InfantryPassenger规则如上，如果为InfantryPassenger，UseOwnName=yes，显示为<Passenger> <UIName>，如果为InfantryPassenger，UseOwnName=no：，——若使用Tur[1]，显示为{(CSFLabel        Tip:MachineGun) ([TransportVehicle] -> UIName=)}，——若使用Tur[2]，显示为{(CSFLabel        Tip:Repair    ) ([TransportVehicle] -> UIName=)}，——若使用Tur[3]，显示为{([InfantryPassenger] -> UIName=) ([TransportVehicle] -> UIName=)}，——若使用Tur[X]，显示为{(CSFLabel        Tip:Rocket    ) ([TransportVehicle] -> UIName=)}，在RA2中不存在[InfantryType] -> UseOwnName=yes但若主武弹头存在[Warhead] -> Bullets=yes则强制同Tur[1]规则,0,,,
Upgrades,String,-1,升级组件的数量,这个建筑能够被加载物加载的次数，见PowersUpBuilding一句下的详细注解，注意：一个未升级的可升级建筑在加载（upgrade）了加载物后将无法通过经验值系统升级,0,,,
PoweredSpecial,bool,-1,发电建筑,该建筑被镭射幽浮或间谍断电而进入LowPower状态时是否播放LowPower动画，相关语句可见ART中+PoweredSpecial相关,0,,,
BuildLimit,String,-1,上场数量限制,填数值。这个代码指定单位的建造数量限制。负数为到达绝对值后删除图标，不能建造，对平民建筑（特指Insignificant=yes的）使用无法正常生效。此外AI生产也并不遵循这项，Ares已允许设定AI是否可以越过BuildLimit生产，详见说明书,0,,,
CrateBeneath,bool,-1,是否掉落箱子,填yes或no。这个代码指定建筑被摧毁时是否在附近生成箱子。箱子的内容在没有专门设定下是随机的,0,,,
CarriesCrate,bool,-1,是否掉落箱子,填yes或no。这个代码指定载具被摧毁后是否会在附近生成一个箱子，例如原版[TRUCKB]就是，注意：如果想要让建筑物拥有这个效果要换成[BuildingType] -> CrateBeneath=yes，对于[VehicleType] -> CarriesCrate=yes且[TechnoType] -> IsTrain=no的情况由地图[Basic] -> TruckCrate=决定是否掉落，对于[VehicleType] -> CarriesCrate=yes且[TechnoType] -> IsTrain=yes的情况由地图[Basic] -> TrainCrate=决定是否掉落，该逻辑需要当前游戏开启箱子掉落，对于单人任务地图而言需要rules(md).ini中有[MultiplayerDialogSettings] -> Crates=yes,0,,,
CrateBeneathIsMoney,bool,-1,遗留箱子一定为钱箱,填yes或no。这个代码指定建筑摧毁后生成的箱子的内容是“获得金钱”。要配合[BuildingType] -> CrateBeneath=yes使用,0,,,
UnitReload,bool,-1,是否可以恢复弹药,该建筑能否补充弹药，原版用于空指部,0,,,
UnitAbsorb,bool,-1,能否进入战车发电,载具单位是否能进该生化反应炉入发电，如果与[BuildingType] -> DockUnload=yes共用将会导致载具对接时无法正确处理行为，在建筑有[BuildingType] -> Cloning=yes或[BuildingType] -> Armory=yes或[BuildingType] -> Hospital=yes时使用特殊规则，Phobos已更改规则，详见Phobos说明书,0,,,
InfantryAbsorb,bool,-1,能否进入步兵发电,该建筑是否允许步兵进入，同时开启特殊的建筑工作动画效果，即根据是否有步兵进入分别使用ActiveAnim1和2，不过3和4以及IdleAnim并不受影响，在建筑有[BuildingType] -> Cloning=yes或[BuildingType] -> Armory=yes或[BuildingType] -> Hospital=yes时使用特殊规则，Phobos已更改规则，详见Phobos说明书,0,,,
LegalTarget,bool,-1,不能不强制就攻击,填yes或no。这个代码指定该单位能否被直接攻击（即在不按下Ctrl键强制攻击的情况下）。典型的应用是平民的医院不能被直接攻击。注意：当按住Ctrl强制攻击时，即使你设定了LegalTarget=yes，该单位都会遭到攻击,0,,,
IsPassable,bool,-1,能否从此建筑上通过,能否从此建筑上通过,0,,,
PowersUnit,VehicleTypes,-1,给什么单位供能,控制中心用，同时如果这个单位不是载具会注册一个载具，也就是这必然是个载具，只要有一个拥有PowersUnit=的建筑物PoweredUnit=yes的单位就可以保持活动，但如果是已瘫痪的单位重新唤醒，则必须是有PowersUnit=这个单位的建筑才行，原版每个建筑只能控制一个单位，Ares对此进行了扩展，详见Ares说明书,00ff00,,,
HasSpotlight,bool,-1,是否有探照灯,填yes或no。这个代码是从TS遗留下来的，在红色警戒2和YR除了给你个005F5155以外没什么作用。Ares已复原该逻辑，详见说明书,0,,,"If set to yes, creates a spotlight from the unit or structure. Defaults to no."
IsPlug,bool,-1,是否可以被升级,该建筑是否是插件塔，用于全局IonCannonValue判定，据说在TS中该语句会判定建筑注册名是否为[GAPLUG]然后强制启用一些诸如硬改Foundation的硬编码效果，RA2中倒是似乎砍完了,0,,,
PowersUpToLevel,String,-1,升级组件数量,用于加载物建筑，指定这个加载物建筑的编号，可用1/2/3分别对应主体建筑Art中PowerUp1/PowerUp2/PowerUp3关联的动画，只能到3，因为程序内只做了3种，实际是TS遗留来的逻辑，只不过依然能用（勉强），然而~~~很可惜的是在Phobos修复前这个对应关系并不是那么的一致。AlexB：真该把WW的程序员装进大炮里发射到太阳上，如果此值为1/2/3则同时也代表建筑已经从3种中选择了1种而无视主体建筑的Upgrades禁止其他加载物继续加载，特殊值-1代表自动适应，也就是使用排队模式，这种情况下对同一建筑加载的上限遵循主体建筑的Upgrades，而-1时对于上面PowerUp1/PowerUp2/PowerUp3则会在前三次每加载一次启用与次数相同的编号对象，对于玩过TS的玩家来说就很好讲了，用-1就是GDI发电厂，用1/2/3就是GDI插件塔，不过GDI插件塔使用不同炮塔的效果还有一些内部硬编码支持，可以前往RA2DIY论坛https://bbs.ra2diy.com/forum.php?mod=viewthread&tid=14548进行了解,0,,,
NeedsEngineer,bool,-1,是否占领后才能工作,填yes或no。这个代码指定建筑是否占领后才生效，如油井占领后播放动画。对应的通过更改所属等方法直接获得的建筑将无法正常工作，原版下被超时空弹头冻结过的建筑会回到未被占领的工作状态也就是NeedsEngineer重新需要一个工程师来激活一次，Ares已修复，拥有这个语句的建筑被其他所属方占领时会为原所属方播放EVA_TechBuildingLost音效，Ares已允许建筑微观定义，并且还允许占领与失去播放CSF信息文本而不仅仅是EVA警报,0,,,
InfantryGainSelfHeal,bool,-1,可以给步兵回血,科技医院效果，回血血量的倍率，每隔SelfHealInfantryFrames时间，步兵恢复该值*[General] -> SelfHealInfantryAmount=数量的血量，此外Organic=yes的载具也被算入,0,,,
ToTile,String,-1,转化为地形,建筑用，建造地形，填地形名如Water01，Green01，Clear01注意如果想让此物在水面建造的话需要LaserFencePost=yes，实际上并不会严格根据Foundation来填充，而是根据Foundation决定的最大长宽，也就是原版的3x3REFINERY当标准3x3算，Ares的CustomFoundation逻辑直接遵照Foundation.[X|Y]直接填充矩形，而并不去看有没有挖掉格子，同时还会因为Tile自身的尺寸而影响实际范围，例如Water01实际上是一个2x2的tem，典型应用是TS中的硬化路面，在家里建造防止敌方钻地载具直奔基地中心，此外该逻辑改变地形并不会刷新寻路，因为寻路区域是地图载入时就决定完的，不过你依然可以用其他限制移动区域的方法加以配合来实现单位由于ToTile而正常改变自身运动区域的效果,0,,,
High,String,-1,可以升高,可以升高,0,,,
UnitsGainSelfHeal,bool,-1,可以给单位回血,给单位增加每桢几点的回血，算法类比InfantryGainSelfHeal,0,,,
EligibleForDelayKill,bool,-1,是否延迟爆炸,填yes或no。这个代码指定建筑是否为油桶一类的单位。血条为0后隔一段时间才爆炸,0,,,
PlaceAnywhere,bool,-1,是否不受场地影响,填数值。这个代码指定建筑的建造是否不会受到场地的影响，如凹凸等。当为yes时，建筑可以在任何场地建造。然而仍然受到Adjacent的限制,0,,BuildingTypes,
Carryall.SizeLimit,String,-1,吊运单位最大尺寸,吊运单位最大尺寸,0,,,
PassengerTurret,bool,-1,炮塔随乘客数量变化,炮塔随乘客数量变化,0,,,
Spotlight.StartHeight,String,-1,探照灯发出高度,探照灯发出高度,0,,,Specifies the number of leptons above the ground at which the spotlight will be generated. Has to be 0 or greater. Defaults to 430.
Spotlight.Distance,String,-1,探照灯发光距离,探照灯发光距离,0,,,The number of leptons ahead of the unit where the spotlight will reach the ground. Defaults to 1024.
Spotlight.AttachedTo,String,-1,探照灯发光源头,探照灯发光源头,0,,,"The part of the unit that the spotlight will align to in regards to facing. If set to body then the spotlight will be pointed in the direction the unit’s body is facing, if set to turret then the spotlight will be pointed in the direction the unit’s turret is facing. Does not work on BuildingTypes. Defaults to body."
Spotlight.DisableColor,bool,-1,探照灯是否额外降低亮度,探照灯是否额外降低亮度,0,,,"If set to yes then the spotlight will paint the ground darker, instead of brighter, and the disable red/green/blue flags mentioned above will be ignored. Defaults to no."
Spotlight.DisableRed,bool,-1,探照灯是否降低红色亮度,探照灯是否降低红色亮度,0,,,If set to yes then the spotlight will not emit any red light. Defaults to no.
Spotlight.DisableBlue,bool,-1,探照灯是否降低蓝色亮度,探照灯是否降低蓝色亮度,0,,,If set to yes then the spotlight will not emit any blue light. Defaults to no.
Spotlight.DisableGreen,bool,-1,探照灯是否降低绿色亮度,探照灯是否降低绿色亮度,0,,,If set to yes then the spotlight will not emit any green light. Defaults to no.
Firestorm.Wall,bool,-1,是否为火风暴墙,是否为火风暴墙,0,,,
LaserFencePost,bool,-1,是否为激光墙站点,该建筑是否为激光墙节点，公版引擎下墙体只能为第一个拥有下句的建筑，节点可无限，拥有此句的建筑可以在拥有下句的建筑上建造，就像加载物那样，但是会直接移除原建筑，像围墙那样根据GuardRange决定延伸距离，若不存在LaserFence建筑那么Post之间不会显示连接的格子，注：如果你单纯只是想让建筑像墙那样一造早一排大可使用Ares提供的战壕逻辑，详见2025教程包附赠的Ares说明书,0,,,
LaserFence,bool,-1,是否为激光墙底座,该建筑是否为激光墙墙体，与上句共用于同一建筑会导致崩溃，YR1.001因为WW的疏忽导致激光墙墙体建筑将始终处于不工作状态，Ares已修复，强制拥有Immune=yes的效果，但是为了防海豹还是需要添加CanC4=no的，拥有这句的建筑在摆下前会清空矿石覆盖物，哪怕实际上最后没生成成功，对应的生成时它同一单元格的实体会被摧毁，步兵强制使用电死的效果，同样，根据Post链接时哪怕中间的格子被前两句所说的物体占据也不影响建造，而手动建造时更是可以直接在存在单位的单元格上建造，你可以利用这个性质配合现代拓展引擎当中的单位BaseNormal实现类似向单位上放置加载物升级的效果，你也可以利用这个性质控制某个建筑的初始摆放设置，只不过为了摆下后正常受伤要再走一步转化，帧使用规则为（此处以ShpBuilder中的序号举例，从1开始），1-东西方向的普通墙体，2-西端与节点相连的墙体，3-东端与节点相连的墙体，4-东西方向两个节点中间唯一一节墙体（东西方向与两个节点相连），——，5-南北方向的普通墙体，6-南端与节点相连的墙体，7-北端与节点相连的墙体，8-南北方向两个节点中间唯一一节墙体（南北方向与两个节点相连），——，9-16用于断电与罢工状态，——，17-32影子帧,0,,,
MissileSpawn,bool,-1,是不是导弹,填写yes表示此子机单位为导弹类子机（V3、无畏），母舰发射后立即进入SpawnRegenRate，第一次开火后立即消失，而非命中撞击使用导弹参数定义的爆炸或被拦截摧毁爆出DeathWeapon，是否为导弹类子机并不限定Locomotor，FlyLocomotor的Aircraft同样可以使用，而RocketLocomotor的Aircraft同样可以删除该语句或设no来允许跟踪（每次武器开火时刷新目标位置），没有此语句的子机生成位置只遵循FL而H无效，Ares已修复，建筑航母生成Locomotor=Rocket的子机将会导致IE，Ares已修复，拥有这个语句的子机无法追踪目标单位也不同步母舰命令，Kratos已允许，且Kratos下的导弹即便拥有这个语句（例如原版V3无畏雷鸣导弹）其武器的目标也会是目标单位而不再是地面,0,,,
Enslaves,InfantryTypes,-1,携带的奴隶,奴隶矿场的奴隶类型，填步兵，当建筑被摧毁时奴隶会被释放,00ff00,,,
SlavesNumber,String,-1,奴隶的数量,奴隶数目,0,,,
SlaveRegenRate,String,-1,重新生产奴隶的时间,奴隶重生帧数,0,,,
SlaveReloadRate,String,-1,放出进入的奴隶的时间,奴隶“倒矿”使用的时间，即奴隶回到奴隶矿场后到下一次出来时的间隔,0,,,
PoweredUnit,bool,-1,是否需要指挥建筑,遥控坦克用，如果没有PowersUnit=自己的建筑处于工作状态则瘫痪,0,,,
Spawns,AircraftTypes,-1,生成单位,填战机名。这个代码指定子机发射器发射的子机类型。子机发射器单位的武器需要有Spawner=yes来声明使用的是一个单纯用于发射子机的虚拟武器，原版下对于空中单位放出的子机需要母舰落回地面才可以返回，否则子机只会落到地上或飞出地图（然后崩溃），Ares已允许空中单位正常使用和回收子机，且无需额外设定，不过这依旧需要满足子机与母舰XY坐标一致的条件才能回收，所以也无法移动中回收，Phobos已拓展该逻辑，允许设定一个回收子机的最大范围，详见说明书，当然在现代拓展引擎下使用其他逻辑刻出子机管理器系统也并非不可能，例如https://www.bilibili.com/opus/994486096720035847，图中的航母就可以移动中回收子机和显示子机装弹进度。也可以突破仅能Aircraft类作为子机和子机不可手动操作的限制，如https://www.bilibili.com/opus/993682443903959046。甚至还能让子机根据目标数量自动分配https://www.bilibili.com/opus/1001916368673570822，如果由建筑类作为母舰，那么即便在断电状态下子机逻辑也仍然工作，Phobos已允许控制，详见说明书，原版下子机返航的朝向并不会检查是否与母舰一致，Phobos已修复，目前作为子机的Aircraft在母舰被毁时无视其Crashable=no坠毁,00ff00,,TechnoTypes,
SpawnsNumber,String,-1,生成数量,子机数目,0,,,
SpawnRegenRate,String,-1,生成速度,子机重生帧数,0,,,
SpawnReloadRate,String,-1,装弹时间,子机装弹帧数,0,,,
Passengers,String,-1,可运兵数量,填数值。这个代码指定单位的乘客格子数量。如果要容纳占多格的单位，可以修改SizeLimit=这个代码。想要显示乘客格子需要手动添加PipScale=Passengers，注意Aircraft类单位开火会甩出乘客为伞兵，直到没有乘客了才能正常发射武器，但即便没有发射武器而是转为踹出乘客也会按执行攻击任务扣除弹药，可用武器上的Burst指定一次踹出多个乘客，也可以用MovementRestrictedTo配合Ares的InitialPayload让乘客实际上无法被踹出把开火交给乘客，如果乘客是通过Ares的初始载员逻辑塞的那么踢完乘客也仍然无法正常开火，拥有乘客的Aircraft起飞时竖直方向最大速度会减半、并且有专门的运输行为使得只要这种战机闲置就总是会尝试回到机场或（没有机场则找个）友军单位附近降落，且有时会阻碍战机降落到机场，当然你可以用SlowdownDistance来一定程度上避免这种行为，在TS中Vehicle无法作为Passenger，这在RA2开始允许，原版下也仅有Infantry类可以手动进入Aircraft而Vehicle会卡在Enter中始终进不去并且选中立即失去选中效果，Kratos解除了这一限制,0,,,
ReloadRate,String,-1,恢复弹药速率,恢复弹药速率,0,,,
NonVehicle,bool,-1,是否不被视作车辆,该载具是否不被视为载具，TS残留，用于载具免疫被偷车贼逻辑影响，VehicleThief在其上会获得一个禁止进入光标，Ares下可以禁止成为被吊运的对象，无法被负伤害+正比例的武器所维修，不影响正伤害负比例和维修厂,0,,,
EMP.Threshold,String,-1,EMP损坏阈值,EMP损坏阈值,0,,,
EMP.Sparkles,Animations,1,EMP火花动画,EMP火花动画,33ccff,,,
Chronoshift.Allow,bool,-1,能否被超时空传送,能否被超时空传送,0,,,
Chronoshift.IsVehicle,bool,-1,是否能被当做车传送走,是否能被当做车传送走,0,,,
Chronoshift.Crushable,bool,-1,是否压碎传送点下方单位,是否压碎传送点下方单位,0,,,
Carryall.Allowed,bool,-1,能否被吊运,能否被吊运,0,,,"Can this unit be picked up by a carryall? If not set, Organic=yes and NonVehicle=yes units cannot be picked up. If specified, Carryall.Allowed overrules those considerations. Currently it is not possible to “unset” this tag to use the default again. You have to set it explicitly. Note Units infected with a Parasite (Terror Drone/Squid) cannot be picked up."
Bounty,bool,-1,是否被悬赏,是否被悬赏,0,,,
Bounty.Display,bool,-1,是否在被消灭时显示悬赏金额,是否在被消灭时显示悬赏金额,0,,,
Bounty.Value,String,-1,单位悬赏金额,单位悬赏金额,0,,,
Bounty.RookieValue,String,-1,0级单位悬赏金额,0级单位悬赏金额,0,,,
Bounty.VeteranValue,String,-1,1级单位悬赏金额,1级单位悬赏金额,0,,,
Bounty.EliteValue,String,-1,3级单位悬赏金额,3级单位悬赏金额,0,,,
BuildTime.Speed,String,-1,该单位上花$1000时间,该单位上花$1000时间,0,,,
BuildTime.Cost,String,-1,建造时间对应花销,建造时间对应花销,0,,,
BuildTime.LowPowerPenalty,String,-1,该单位低电量建造速度,该单位低电量建造速度,0,,,
BuildTime.MultipleFactory,String,-1,该单位多工厂造速加成,该单位多工厂造速加成,0,,,
BuildTime.MaxLowPower,String,-1,该单位低电量最大造速,该单位低电量最大造速,0,,,
BuildTime.MinLowPower,String,-1,该单位低电量最小造速,该单位低电量最小造速,0,,,
CanPassiveAquire.Guard,bool,-1,警戒状态下是否反击,警戒状态下是否反击,0,,,
CanPassiveAquire.Cloak,bool,-1,隐形状态下是否反击,隐形状态下是否反击,0,,,
Immune,bool,-1,是否无敌,填yes或no。这个代码指定单位是否会受到损害，当为yes时单位为无敌状态，任何损伤都没有用。一般用于桥梁维修小屋一类的重要建筑，仅限物理伤害，心控/时空等特殊武器需要单独调用免疫条目，并且在指令上仅影响玩家手动锁定，所以主动寻敌或者卡光标Bug依然可以攻击只是不掉血,0,,,
Overpowerable,bool,-1,可以被充能过载,填yes或no。这个代码指定建筑是否为充能建筑，该建筑进入过载模式后会转为副武攻击，典型的运用是苏军的磁暴线圈，固定 2 个武器的弹头上有[Warhead] -> ElectricAssault=yes的单位充能可以在没电时保持运作，固定 1 个武器的弹头上有[Warhead] -> ElectricAssault=yes的单位充能可以在运作时进入过载，该规则在Phobos下已允许自定义,0,,,
DamageSelf,bool,-1,能否自我伤害,填写yes。允许该单位发射的武器伤害自身。由于开火不伤自身实际上是找格子里的第一个对象，所以空中单位始终可以伤害，原本是YR中为了处理核弹井砸自己不掉血而添加的，并且并不影响非常规杀伤的其他效果，例如AresAE始终是允许给自己加的，不过这个语句作为单位语句自然对此单位的所有武器都生效，如果你要单个武器进行设置详见Phobos添加的弹头自定义是否杀伤开火者效果,0,,,
SelfHealing,bool,-1,自我愈合,填yes或no。这个代码指定该单位是否能够自动恢复生命点。间隔由全局[General] -> RepairRate=指定，Ares已允许微观定义，详见说明书，然而建筑如果依靠自愈回到了未损伤状态其图像也不会正常的转换，Phobos已修复，原版下无法设定单位是否脱战才能开始自愈，Ares已允许设定，并添加了多项拓展，详见说明书,0,,,
ToProtect,bool,-1,优先保护,写yes的单位受到攻击时，AI会出动闲置部队去保护。原版海军都有这句，但海军加这个意义不大,0,,,
DontScore,bool,-1,不计分,填写yes。该单位不计入杀伤统计和单位经验，实际上是对[ObjectType] -> Insignificant=语句效果的分离，如果载具使用会导致程序始终认为载具依然存活，即所属方永不判负，进而导致游戏无法结束，Ares已修复，还会导致 9 号触发条件永远无法被视为满足，副作用是这样的对象无法满足先决条件,0,,,
AirportBound,bool,-1,需要停靠平台,该战机是否为机场战机，即需要由带有[BuildingType] -> Helipad=yes的建筑物提供机位，如果没有机位，这个战机将会坠毁。这个战机应当在[General] -> PadAircraft=后面声明，否则会出现建造不受机位限制的问题，由于WW在RA2删了没机位时战机从地图外飞来的效果，现在不在[General] -> PadAircraft=声明的战机把机位满后你却不拉出去的话图标虽然依然不会灰掉，但是点下去会卡在一半的位置并且无法取消，如果没有武器还会有一些特殊的运动表现,0,,,
Spawned,bool,-1,是否是生成的子机,填yes或no。这个代码指定是否为子机类单位。用来和一般单位作区分的，可以禁用Unit Lost警报。在战机上与Landable、Selectable有一些小绕的编码工作方式，参见https://t.bilibili.com/884748819012517897,0,,,
SizeLimit,String,-1,支持最大体积,填数值。这个代码指定运兵单位最大支持的单个乘客占格数，Ares允许对于运输载具设定任何单位在这个单位内也只占1格，但仍然遵循本语句设定检查是否允许进入,0,,,
Landable,bool,-1,可以降落,该战机是否能够在地上、母舰甲板或是具有[BuildingType] -> Helipad=yes的建筑上着陆，与[TechnoType] -> Spawned=yes有一些令人疑惑的联动，默认为no，所以你必须手动把它设定为yes才能让[TechnoType] -> Locomotor=Fly的单位着陆，对于不回机场（AirportBound=no&Dock=none）且Landable与Selectable任意为no的战机在目标丢失后会离开地图，例如原版伞兵飞机,0,,,
Dock,BuildingTypes,-1,可停靠平台,填建筑名称。这个代码指定单位可以进入的平台，如矿车能进入矿场，战机能回到机场，在原版下Dock对战机的作用仅限制生产，战机仍然能够自动停靠到Dock不允许的建筑并且占用相应机位影响其他战机生产，Ares禁止了这种情况，由于Ares规范了该列表的检查，[TechnoType] -> Dock=<none>的战机不会再像古董Mod《共和国之辉》中那样取消指令后依然可回机场补弹，但是由于YR对战机行为的更改，这样的战机取消命令后虽然到不会像原版空天母舰的子机那样飞出去并IE也会尝试停到地图边界，注意：在[General] -> PadAircraft=中声明为机场战机的战机类对象必须拥有非空的Dock否则0045ED61,00ff00,,,
ImmuneToVeins,bool,-1,是否免疫废矿藤蔓[无效],填yes或no。这个代码指定步兵单位是否会受到泰矿废矿伤害，TS残留无效，Phobos已复原，详见说明书,0,,,
TiberiumProof,bool,-1,免疫泰矿伤害[无效],该步兵是否免疫泰矿伤害，TS残留无效，Ares已复原并扩展，详见说明书,0,,,
TogglePower,bool,-1,是否可以手动断电[无效],该建筑是否能手动停电，TS残留无效，Ares已复原相关逻辑，详见Ares说明书，注意：仅在Powered=yes且Selectable=yes时有效，否则强制不能被断电，Power为正的建筑（例如电厂）并不会导致不能被断电，断电时会表现为不生产电力,0,,,
TargetLaser,bool,-1,攻击有激光瞄准[无效],攻击时是否有瞄准激光(无实际意义)与Attack的那条线一样，使用palette.pal色盘08号色，Move使用palette.pal色盘03号色,0,,,
Prerequisite,String,-1,建造前提,"填建筑名。这个代码指定该单位制造时所必须的建筑，当已方没有这些建筑时该单位不能建造，也可以填写先决条件组组名，在全局PrerequisitePower=前后部分，只要拥有组中任意对象即视为满足其中一个条件，例如Prerequisite=RADAR,NATECH就是拥有PrerequisiteRadar=列表中任意建筑+NATECH即可生产，以下是原版的先决条件组组名表：，RADAR——雷达类建筑，这种类型的新建筑应该同时在PrerequisiteRadar=中注册，BARRACKS——兵营类建筑，这种类型的新建筑应该同时在PrerequisiteBarracks=中注册，TECH——科技类建筑，这种类型的新建筑应该同时在PrerequisiteTech=中注册，PROC——矿厂类建筑，这种类型的新建筑应该同时在PrerequisiteProc=中注册，YR中PrerequisiteProcAlternate=的载具也会被考虑在内，POWER——发电厂类建筑，这种类型的新建筑应该同时在PrerequisitePower=中注册，FACTORY——战车工厂建筑，这种类型的新建筑应该同时在PrerequisiteFactory=中注册，原版引擎无法新增先决条件组，需要使用Ares，也无法添加更多PrerequisiteProcAlternate那样使用载具作为先决条件的效果，需要Ares，也无法使用战机和步兵作为先决条件，需要Ares，也无法正常使用加载物作为先决条件，需要Ares",0,,,
RequiredHouses,String,-1,只能此国家建造,填国家名。这个代码指定该单位只能被指定的国家所建造。对于其他国家，即使满足了Prerequisite=和TechLevel=，只要不是指定的这个国家，就不能建造,0,,,
RequiresStolenAlliedTech,bool,-1,需要渗透盟军高科,填yes或no。这个代码指定该单位是否在已方间谍渗透[AI] -> BuildTech=第一项即原版盟军作战实验室后才能建造，Ares重做了一套新的渗透功能系统，详见间谍渗透功能强化一节,0,,,
RequiresStolenThirdTech,bool,-1,需要渗透尤里高科,填yes或no。这个代码指定该单位是否在已方间谍渗透[AI] -> BuildTech=第三项即原版尤里作战实验室后才能建造，Ares重做了一套新的渗透功能系统，详见间谍渗透功能强化一节,0,,,
RequiresStolenSovietTech,bool,-1,需要渗透苏军高科,填yes或no。这个代码指定该单位是否在已方间谍渗透[AI] -> BuildTech=第二项即原版苏军作战实验室后才能建造，Ares重做了一套新的渗透功能系统，详见间谍渗透功能强化一节,0,,,
PrerequisiteOverride,String,-1,额外建造前提,填建筑名。这个代码指定该单位可以在Prerequisite=之外另外指定必须建筑，相当于第二个Prerequisite=的作用，但列表中的单位是或的关系，也就是只要当列表中的单位满足任何一个时，强制允许建造，无视其他条件，优先级过高，存在许多无视其他限制的Bug，慎用,0,,,
Prerequisite.Lists,String,-1,额外前提列表的数量,额外前提列表的数量,0,,,Specifies how many extra Prerequisite lists complimentary to the one default list are available. Defaults to 0.
Prerequisite.List1,String,-1,额外前提列表1,额外前提列表1,0,,,
Prerequisite.List2,String,-1,额外前提列表2,额外前提列表2,0,,,
Prerequisite.List3,String,-1,额外前提列表3,额外前提列表3,0,,,
Prerequisite.List4,String,-1,额外前提列表4,额外前提列表4,0,,,
Prerequisite.List5,String,-1,额外前提列表5,额外前提列表5,0,,,
Prerequisite.List6,String,-1,额外前提列表6,额外前提列表6,0,,,
Prerequisite.List7,String,-1,额外前提列表7,额外前提列表7,0,,,
Prerequisite.List8,String,-1,额外前提列表8,额外前提列表8,0,,,
Prerequisite.List9,String,-1,额外前提列表9,额外前提列表9,0,,,
Prerequisite.List10,String,-1,额外前提列表10,额外前提列表10,0,,,
Prerequisite.List11,String,-1,额外前提列表11,额外前提列表11,0,,,
Prerequisite.List12,String,-1,额外前提列表12,额外前提列表12,0,,,
Prerequisite.List13,String,-1,额外前提列表13,额外前提列表13,0,,,
Prerequisite.List14,String,-1,额外前提列表14,额外前提列表14,0,,,
Prerequisite.List15,String,-1,额外前提列表15,额外前提列表15,0,,,
Prerequisite.List16,String,-1,额外前提列表16,额外前提列表16,0,,,
Prerequisite.List17,String,-1,额外前提列表17,额外前提列表17,0,,,
Prerequisite.List18,String,-1,额外前提列表18,额外前提列表18,0,,,
Prerequisite.List19,String,-1,额外前提列表19,额外前提列表19,0,,,
Prerequisite.List20,String,-1,额外前提列表20,额外前提列表20,0,,,
Prerequisite.List21,String,-1,额外前提列表21,额外前提列表21,0,,,
Prerequisite.List22,String,-1,额外前提列表22,额外前提列表22,0,,,
Prerequisite.List23,String,-1,额外前提列表23,额外前提列表23,0,,,
Prerequisite.List24,String,-1,额外前提列表24,额外前提列表24,0,,,
Prerequisite.List25,String,-1,额外前提列表25,额外前提列表25,0,,,
Prerequisite.List26,String,-1,额外前提列表26,额外前提列表26,0,,,
Prerequisite.List27,String,-1,额外前提列表27,额外前提列表27,0,,,
Prerequisite.List28,String,-1,额外前提列表28,额外前提列表28,0,,,
Prerequisite.List29,String,-1,额外前提列表29,额外前提列表29,0,,,
Prerequisite.List30,String,-1,额外前提列表30,额外前提列表30,0,,,
Prerequisite.List31,String,-1,额外前提列表31,额外前提列表31,0,,,
Prerequisite.List32,String,-1,额外前提列表32,额外前提列表32,0,,,
Prerequisite.List33,String,-1,额外前提列表33,额外前提列表33,0,,,
Prerequisite.List34,String,-1,额外前提列表34,额外前提列表34,0,,,
Prerequisite.List35,String,-1,额外前提列表35,额外前提列表35,0,,,
Prerequisite.List36,String,-1,额外前提列表36,额外前提列表36,0,,,
Prerequisite.List37,String,-1,额外前提列表37,额外前提列表37,0,,,
Prerequisite.List38,String,-1,额外前提列表38,额外前提列表38,0,,,
Prerequisite.List39,String,-1,额外前提列表39,额外前提列表39,0,,,
Prerequisite.List40,String,-1,额外前提列表40,额外前提列表40,0,,,
Prerequisite.List41,String,-1,额外前提列表41,额外前提列表41,0,,,
Prerequisite.List42,String,-1,额外前提列表42,额外前提列表42,0,,,
Prerequisite.List43,String,-1,额外前提列表43,额外前提列表43,0,,,
Prerequisite.List44,String,-1,额外前提列表44,额外前提列表44,0,,,
Prerequisite.List45,String,-1,额外前提列表45,额外前提列表45,0,,,
Prerequisite.List46,String,-1,额外前提列表46,额外前提列表46,0,,,
Prerequisite.List47,String,-1,额外前提列表47,额外前提列表47,0,,,
Prerequisite.List48,String,-1,额外前提列表48,额外前提列表48,0,,,
Prerequisite.List49,String,-1,额外前提列表49,额外前提列表49,0,,,
Prerequisite.List50,String,-1,额外前提列表50,额外前提列表50,0,,,
Prerequisite.Negative,String,-1,否定前提,否定前提,0,,,The buildings that preclude construction of the type. If the player owns one or more of the buildings on this list then the type will not be available. Defaults to none. Note PrerequisiteOverride does not override Prerequisite.Negative.
Prerequisite.StolenTechs,String,-1,自定义渗透前提,自定义渗透前提,0,,,
Prerequisite.RequiredTheaters,String,-1,建造单位要求战场种类,建造单位要求战场种类,0,,,"The map theaters in which the type is available. Defaults to all theaters. For example, if only the SNOW theater were specified then the type would only be available on arctic maps. This allows you to implement, for example, the AlternateArcticArt functionality used on the Navy SEAL, but for all types and all theaters (however this may present challenges for your AI). The theater names are: TEMPERATE - most maps SNOW - arctic/snowy maps URBAN - some city maps DESERT - some desert maps, older maps use Temperate LUNAR - Soviet Mission 6 NEWURBAN - most YR urban maps Note PrerequisiteOverride does not override Prerequisite.RequiredTheaters."
FactoryOwners.HasAllPlans,bool,-1,是否拥有所有图纸,是否拥有所有图纸,0,,,
FactoryOwners.Permanent,bool,-1,是否永久获取所有图纸,是否永久获取所有图纸,0,,,
FactoryOwners,String,-1,要求的工厂所属方,要求的工厂所属方,0,,,
FactoryOwners.Forbidden,String,-1,禁止的工厂所属方,禁止的工厂所属方,0,,,
ThreatPosed,String,-1,威胁值,威胁值，电脑优先攻击高威胁的但是即便拥有威胁值如果没有武器AI也不会攻击，所以想要让单位主动攻击建筑除了威胁值外还需要添加虚拟武器。由于加载物不实际存在于地图上，AI并不能直接攻击加载物，所以不要给加载物加这个,0,,,
SpecialThreatValue,String,-1,特殊威胁值,填0-1的数值。用于原版工程师和MCV等无威胁单位正常进入威胁计算，防止这些实际上并不简单的单位被主动寻敌无视掉,0,,,
ThreatAvoidanceCoefficient,String,-1,躲避威胁系数,躲避高危险地区的几率，实际上由于寻路方式的优先级过高这逻辑的效果几乎表现不出来,0,,,
AIBasePlanningSide,String,-1,AI所属方,"写阵营序号(0=GDI,1=Nod,2=ThirdSide，Ares新阵营依次往后排)，标明第几个阵营会建造该建筑(写-1时所有阵营都可造)",0,,,
CanPassiveAquire,bool,-1,能否自动攻击,填yes或no。这个代码指定该单位是否能够自动攻击目标。默认yes，此外Aquire为Westwood错误拼写，正确的英文单词应当是Acquire，Ares允许分离控制Guard状态与隐形状态下的PassiveAcquire设置，如果开启的话一些其他的索敌类效果也会可以生效，但可能略显智障，例如防空车总是被伞兵机之类的吸引走，维修车总是会去追伤残友军,0,,,
CanRetaliate,bool,-1,能否自行反击,填yes或no。这个代码指定该单位是否能在遭到敌方攻击时进行反击，对于隐形单位这可能导致它们在目标过远时会显形一次，除了CanRetaliate=no外下列情况的单位不会反击，1. 单位没武器能拿来反击，2. 拥有C4=yes的步兵，3. 奴隶矿场没爆时的奴隶矿工，4. 已达心控上限的心灵控制者，5. 人类玩家控制的、当前已有目标的单位，6. 被盟友所属攻击的单位，7. 人类玩家控制的、部署为Artillary=yes建筑的载具，8. 人类玩家拥有的、全局[General] -> PlayerReturnFire=no时、mission不为[Guard|Area Guard|Patrol]之一的单位，9. 电脑玩家拥有的、处于[TeamType] -> Suicide=yes的小队中的小队成员，10. 电脑玩家拥有的、当前已有目标的单位，且该目标在修建威胁评估节点后威胁值不发生变化，11. 所拥有的武器的弹头对目标对象的Versus<=0.01的单位（直接进行浮点运算），单位在反击时会在多个威胁值相同的目标之间不断切换而难以发动攻击，PhobosBuild49已修复,0,,,
Passive,bool,-1,是否为被动单位,该载具是否【禁止】自主移动，可以尝试发起移动动作但无法实际执行移动行为，在火车车厢上使用以使其老老实实跟着车头跑,0,,,
AIBuildThis,bool,-1,可被AI建造,填yes或no。这个代码指定建筑是否可以被AI所建造，但是只会在<=1个时造1次（通过克隆生产同时拔起多个），Ares已允许定义数量，详见说明书，如果建造场这句写no那么Ares下AI最多出一个电厂，原版则会崩溃,0,,,
AntiInfantryValue,String,-1,对步兵威胁度,建筑反步兵权重,0,,,
AntiArmorValue,String,-1,对装甲单位威胁度,建筑反装甲权重,0,,,
AntiAirValue,String,-1,对空中单位威胁度,建筑反空军权重，AI会检索敌军单位类型数量并按该权重选择多造哪个防御建筑,0,,,
IsBaseDefense,bool,-1,是否为基地防御,填yes或no。用于Rules时这个代码指定建筑是否为防御建筑，计算器会根据选项来自动建造防御工事来防御自己，对于水上防御塔需要添加Naval=yes来让计算器认识。用于写AI时确定这是守家部队。计算器必须有可造的守家小队到达上限后才会进攻,0,,,
Unnatural,bool,-1,非自然,是否为非生命体单位，用于Natural与NavalTargeting、LandTargeting的各种判定,0,,,
Nominal,bool,-1,非军事单位,填yes或no。TS残留无效,0,,,
Organic,bool,-1,是否是生物,填yes或no。是否为活体单位，同时防止乌贼寄生（会改用副武拍打），被超时空和铁幕使用[CombatDamage] -> C4Warhead=的弹头秒杀，被寄生秒杀。步兵默认yes，步兵如果另有Teleporter=yes则仍可被超时空，只要满足Organic=no或Teleporter=yes其一即可，若载具使用则该载具会和步兵一样受医院加血效果影响，并且不能像正常载具一样受到科技商店的维修效果，无法被磁电坦克的运动模式弹头攻击，直接禁用IsLocomotor=yes的弹头瞄准该对象，如果该单位还有Naval=yes并且使用寄生类([Warhead] -> Parasite=yes)武器则硬编码为巨型乌贼类寄生行为，具体表现例如寄生一个步兵不会秒杀而是每40帧对目标造成一次武器Damage指定的杀伤，并强制从[CombatDamage] -> SplashList=的列表中抽取一个以作为攻击时的效果动画，使用名为[SQDG]的Animation对象作为开火缠绕效果和缠住摇晃效果，帧序号与行为硬编码对应，帧序列使用规则见https://gitee.com/PB_LAB/YR_MIX_Cataloging_Project/blob/master/ra2.mix/conquer.mix/sqdg.shp.md。此外会使得[Warhead] -> Culling=一句能够生效，并禁止攻击陆地对象（覆盖LandTargeting与NavalTargeting），若被这个步兵拖上岸那么它会被立即弹出到相邻的水域（为什么会有被拖上岸的情况见《6.武器系统代码词典2025.ini》中[Warhead] -> Paralyzes=一条的注解），如果该单位处于水中那么一个拥有NavalTargeting=3的单位会使用副武器对其开火，如果该单位还有Underwater=yes和SelfHealing=yes那么它会直接去使用GuardRange而不是考虑主副武器中射程更长的那个武器的射程来寻敌，同样用于原版巨型乌贼，步兵被寄生弹头秒杀另有其他判定，并非单纯设为Organic=no即可免于一死，强制死亡时不会有沉船效果，Ares下可以禁止成为被吊运的对象，Ares3.0中[Warhead] -> Culling=yes不再要求巨型乌贼类寄生行为并得到了更多拓展，详见Ares说明书，YR1.000中巨型乌贼式寄生还会判定目标是否Naval=yes，也因此YR1.000中巨型乌贼寄生遥控坦克会使用它色盘错误的武器开火动画而不是硬编码的SQDG,0,,,
Insignificant,bool,-1,没有价值的,填yes或no。这个代码指定该单位是否为“无关紧要的单位”一般用于平民中立单位，即在破坏时EVA不会播发EVA_UnitLost的讯息，ai也不会主动攻击它，会使建造限制（BuildLimit）、机位限制、超武、触发事件等很多逻辑失效，在YR中被心控的单位会被AI视为有效目标，* 对于可以正常播放EVA_UnitLost的单位Ares已经允许微观定义具体的EVA条目或关闭EVA播报而无需此类语句支持，注意：该句有时会导致手动建造的建筑在通过工程师占领或伤残等方式刷新状态前不显示图像,0,,,
NotHuman,bool,-1,野生的,该步兵是否非人类，通常用于各种动物，这种单位的死亡效果不受[Warhead] -> InfDeath=的值影响而始终播放单位自身的Die1序列,0,,,
Fraidycat,bool,-1,有逃跑动作,该步兵在受到打击后是否会做出逃跑动作。逃跑的动作由Art.ini中步兵的Sequence中的Panic=指定,0,,,
Civilian,bool,-1,中立单位,该步兵是否是平民，受地图触发“平民疏散”效果影响,0,,,
Natural,bool,-1,是否为自然单位,填yes表示不能攻击带有Unnatural=yes的单位，典型运用:狗和狂兽人,0,,,
CivilianEnemy,bool,-1,是否与平民为敌,是否与平民为敌,0,,,
Sensors,bool,-1,探测隐形,填yes或no。这个代码指定此物体是否能够在周围3x3范围内探测隐形，并解除，但是对友军建筑也有效，并且一些情况下单位被摧毁会遗留反隐效果，Phobos已修复,0,,,
SensorsSight,String,-1,探测范围,填数值。这个代码指定此物体检测其它隐形单位的半径范围，但是并不解除，非建筑类填上就能用，建筑需要SensorArray=yes启用，该逻辑从TS就有死亡遗留反隐区等各种问题，RA2中对于Naval=yes且始终在地表的单位进行了特殊处理解决了部分Bug，然而依旧存在大量问题，Phobos已修复部分,0,,,
Cloakable,bool,-1,可以隐形,填yes或no。这个代码指定该单位是否可以隐形。注意：如果要给高于地面的悬浮单位和空军单位隐形，不能直接使用这个代码，不过隐身状态会导致程序中一些判定指针无效，例如隐形的航母发射子机子机会认为母舰不存在而坠毁，来自导弹类子机的击杀也无法为母舰提供经验，Ares已解决子机认为隐形母舰丢失问题，只能在VeteranAbilities=或EliteAbilities=加入CLOAK这个升级效果，不过只能在升级后才能隐形，Ares已解除该限制，允许定义能否隐形的判定高度，并将其默认为悬浮单位所用HoverHeight=的值，详见说明书，此外Ares还分离了部署状态、断电状态的隐形效果，详见Ares说明书，注意：空中步兵绘制点状影子不检查单位是否处于隐形状态，该问题已在PhobosBuild49中修复,0,,,
DisguiseWhenStill,bool,-1,静止时伪装成树,填yes或no。这个代码指定伪装单位在不移动时会把自身伪装起来，如幻影坦克，需要与[TechnoType] -> CanDisguise=yes合用，注意：使用Shape资源文件的单位使用该句会对可以见到其本体图像的所属方在伪装时表现为图像消失再还原，需要在art(md).ini中添加一句[VehicleType] -> StandingFrames=0来解决,0,,,
CloakStop,bool,-1,停止时隐形,隐形效果是否仅在静止时生效，原版实现方式有问题，移动并不会打断隐形，Ares已修复，详见说明书，会被[TechnoType] -> BalloonHover=yes或连用[TechnoType] -> DeployToLand=yes与[VehicleType] -> IsSimpleDeployer=yes实现的悬停打断，WW从TS里就专门设计了一条硬编码效果是用于AI的单位时只要一隐形就会立即散开（尝试移动）从而解除隐形,0,,,
HasRadialIndicator,bool,-1,选定时是否有感应圈效果,填yes或no。这个代码指定建筑是否拥有攻击范围圆弧（如机枪碉堡的那种圆弧），Ares已允许所有科技类型使用，并允许使用专门的语句指定半径，详见说明书，圆弧的半径由CloakRadiusInCells=或GapRadiusInCells=或SuperGapRadiusInCells=指定，或者也可以设定成PsychicDetectionRadius=，这是另一种雷达扫描效果（苏军的“心灵感应装置”那种圆弧效果），仅限于BuildingType的Primary，所以盖特机炮的圆环范围不取决于WeaponX，当武器Range=-2时该操作无效，原版下这个效果只能友军可见，Phobos已允许【全局】设定,0,,,
ConcentricRadialIndicator,bool,-1,选定时有感应圈扫描线,填yes或no。这个代码指定建筑是否拥有“心灵感应装置”（苏军的）那样的雷达扫描效果，但该建筑必须要有HasRadialIndicator=yes的设定,0,,,
SensorArray,bool,-1,是否为侦察矩阵,填yes或no。该【建筑】能否探测隐形和地下单位，范围由SensorsSight指定，建筑被断电、摧毁、移交所属、超时空冻结等均不会刷新(停止)效果，YR已废弃，Ares已修复，同时也决定载具通过DeploysInto部署成该建筑前是否转向正东方，部署转向规则见[BuildingType] -> Artillary=一条下方,0,,,
RadarInvisible,bool,-1,雷达可见,填yes或no。这个代码指定该单位是否会被敌方雷达检测到，效果是敌人无法在小地图看见该单位，在Invisible、InvisibleInGame等逻辑中也都自带相同效果，注意：这是让原本会显示的对象不显示，如果是原本就不显示的对象开启显示需要用下句,0,,,
RadarVisible,bool,-1,能否被感测,填yes或no。这个代码指定该单位能否在非己方雷达上显示，原版用于让[ObjectType] -> Insignificant=yes的科技建筑也正常显示在玩家的雷达上,0,,,
RevealToAll,bool,-1,建造事件,填yes或no。这个代码指定对象是否会生成雷达事件，例如雷达标记，并向敌方揭开该建筑Sight区域内的地图,0,,,
CanDisguise,bool,-1,可以伪装,填yes或no。这个代码指定该单位是否可以伪装而敌人无法发觉（狗除外），用在间谍和幻影坦克上,0,,,
PermaDisguise,bool,-1,保持伪装,填yes或no。这个代码指定伪装单位是否可以在移动中不会破坏自己的伪装。典型的运用是间谍，间谍在移动中不会轻易被敌人识破，如果载具使用这句那么他会使用Allied/Soviet/ThirdDisguise=的步兵图像而非DefaultMirageDisguises并且由于shp载具和shp步兵的序列书写方式不同在移动时他会像一个没写序列的shp载具那样从一直播放（旋转）,0,,,
DetectDisguise,bool,-1,识别隐形,填yes或no。这个代码指定该单位是否能发现伪装的敌人并展开攻击（是用主武攻击）,0,,,
DetectDisguiseRange,String,-1,反隐反伪装范围,填数值。这个代码指定该单位发现伪装的敌人的距离。要和DetectDisguise=yes配合使用，特指发现CanDisguise=yes的单位,0,,,
MindControlDecision,String,-1,心灵控制后的动作,0=随缘、1=加入控制者作战小队、2=部队回收厂卖钱、3=生化反应炉填电、4=搜索敌人、5=摸鱼,,,,
Loadable,bool,-1,可装载,运载单位写yes会计算ContentScan。,,,,
Annoyance,bool,-1,挨揍时还手,还手【一次】然后继续执行任务，优先级低于Aggressive和Suicide，具体效果待测试。,,,,
Recruiter,bool,-1,抽调其他队伍成员,可否从低优先级的队伍和闲置单位中直接调用成员。,,,,
Autocreate,bool,-1,自动创建,遭遇战中，在条件满足的情况下，平均每隔AutocreateTime规定的时间，制造一队带有Autocreate的小队。,,,,
Prebuild,bool,-1,提前建造,可能会在不需要时提前造好该队伍。(待确认),,,,
Reinforce,bool,-1,强制补充,写yes会强制补充该小队中损失的成员。,,,,
LooseRecruit,bool,-1,疑似无效,疑似无效,,,,
Aggressive,bool,-1,进攻性小队,写yes时出完守家部队之后才出。据说和Suicide共同起作用。(待确认),,,,
Suicide,bool,-1,是否还击,写yes则小队移动时不会攻击射程内的敌人，也不会还击，只严格执行脚本。据说和Aggressive共同起作用。(待确认),,,,
Priority,String,-1,优先级,范围0~50，相同条件下越低越优先制造。写0疑似会无视Suicide=yes，建议写0以上。,,,,
Max,String,-1,该小队最大生成数量,该小队最大生成数量,,,,
Group,String,-1,除非特殊需要都写-1,另：-2时会选取任何TaskForce。,,,,
AvoidThreats,bool,-1,按威胁算法寻路,按威胁计算方法寻找最小威胁路径,,,,
TransportsReturnOnUnload,bool,-1,运输工具回家,运输工具完成任务后是否回家,,,,
AreTeamMembersRecruitable,bool,-1,队员可被抽调,队伍成员可否被调去更高优先级的队伍中。,,,,
OnlyTargetHouseEnemy,bool,-1,是否只针对敌对方,是否只针对敌对方,,,,
Spawns,VoxelAnims,-1,生成碎片,生成其他VXL碎片,104;154;179,,VoxelAnims,
Spawns,bool,-1,是否生成粒子,是否生成粒子,,,ParticleSystems,
